日期,风险平价策略
2018-01-03,1.0002038763067629
2018-01-04,0.999801219359222
2018-01-05,0.9990912114354802
2018-01-08,1.000881528444761
2018-01-09,1.0028075990940055
2018-01-10,1.0003540367888826
2018-01-11,1.0013119031048343
2018-01-12,0.9964949043506561
2018-01-15,0.9954181962679689
2018-01-16,0.9910377802996686
2018-01-17,0.9853249424887146
2018-01-18,0.9854806191767294
2018-01-19,0.9863134233687484
2018-01-22,0.9923538687316034
2018-01-23,0.9945966089699689
2018-01-24,0.9975878477205185
2018-01-25,1.0009586308575031
2018-01-26,0.9972511727264827
2018-01-29,0.9920983234625914
2018-01-30,0.9835873374137718
2018-01-31,0.9828811972895338
2018-02-01,0.9725540486660774
2018-02-02,0.9749635475220786
2018-02-05,0.9709738300764352
2018-02-06,0.9566236377500273
2018-02-07,0.9517585703187736
2018-02-08,0.9513618954348013
2018-02-09,0.9340205173771534
2018-02-12,0.940396296745651
2018-02-13,0.9441605958643404
2018-02-14,0.9493216709011384
2018-02-22,0.9726067546797764
2018-02-23,0.9761330867233247
2018-02-26,0.9888206069574526
2018-02-27,0.9869321692267731
2018-02-28,0.9901263617800773
2018-03-01,0.9947833039066357
2018-03-02,0.9974638630215314
2018-03-05,0.9952324723426643
2018-03-06,1.001814007210623
2018-03-07,0.995873160372818
2018-03-08,0.9985885113873414
2018-03-09,1.0002267059208394
2018-03-12,1.0007225250134397
2018-03-13,0.9968589579171371
2018-03-14,0.995167205577197
2018-03-15,0.9954236194050549
2018-03-16,0.9974200729691836
2018-03-19,0.996486470219509
2018-03-20,0.9982405420582933
2018-03-21,0.9962633467814551
2018-03-22,0.9963847210229453
2018-03-23,1.0042367919170776
2018-03-26,1.0053118766569176
2018-03-27,1.0031314678800312
2018-03-28,0.9988974952713335
2018-03-29,0.9948810013489134
2018-03-30,1.004883895077547
2018-04-02,1.005453148140872
2018-04-03,1.0012059154613946
2018-04-04,1.0053833491192872
2018-04-09,1.0140264789912545
2018-04-10,1.0106355774119802
2018-04-11,1.0130847605769835
2018-04-12,1.015375466192771
2018-04-13,1.0136738249002188
2018-04-16,1.016154076641199
2018-04-17,1.0213248765942775
2018-04-18,1.0262901040110177
2018-04-19,1.029950729532846
2018-04-20,1.0258889950593126
2018-04-23,1.0241108479934284
2018-04-24,1.0213674785228901
2018-04-25,1.017894467173563
2018-04-26,1.0172648241573752
2018-04-27,1.0169294653154284
2018-05-02,1.02060766474183
2018-05-03,1.0229754372056288
2018-05-04,1.023131218833943
2018-05-07,1.023224503316271
2018-05-08,1.0195553277154652
2018-05-09,1.0185349544144962
2018-05-10,1.0246627185557589
2018-05-11,1.024714408066668
2018-05-14,1.023720870001755
2018-05-15,1.0264197685208925
2018-05-16,1.0269779308210718
2018-05-17,1.0278537346569456
2018-05-18,1.0297200645366251
2018-05-21,1.031214453668121
2018-05-22,1.0308025807530383
2018-05-23,1.0311001447761448
2018-05-24,1.030818795180309
2018-05-25,1.033681375137901
2018-05-28,1.0266052096209755
2018-05-29,1.0276727929247749
2018-05-30,1.025294645754645
2018-05-31,1.0259538150033436
2018-06-01,1.0285601041275443
2018-06-04,1.028302622404133
2018-06-05,1.019300917400716
2018-06-06,1.0238702797585162
2018-06-07,1.0306054093477093
2018-06-08,1.0253605504382608
2018-06-11,1.0260458493722158
2018-06-12,1.02499793761645
2018-06-13,1.0132697849077408
2018-06-14,1.0164478847772147
2018-06-15,1.0169546645706535
2018-06-19,1.0086125992614152
2018-06-20,1.0065166688074794
2018-06-21,1.007854310490584
2018-06-22,1.0095664508783382
2018-06-25,1.006938589967953
2018-06-26,1.0074319549580957
2018-06-27,1.0154074715689558
2018-06-28,1.0178397164375423
2018-06-29,1.020967740632547
2018-07-02,1.0241821961902349
2018-07-03,1.0226765989460345
2018-07-04,1.0208679807791143
2018-07-05,1.0214192147689716
2018-07-06,1.0194848569573338
2018-07-09,1.020019670876119
2018-07-10,1.0207937157037401
2018-07-11,1.0231622834237384
2018-07-12,1.0186112194170491
2018-07-13,1.0178701426099317
2018-07-16,1.019926797215771
2018-07-17,1.01574613761999
2018-07-18,1.0160372788453311
2018-07-19,1.0219695301441234
2018-07-20,1.0198780465064443
2018-07-23,1.0197264752088886
2018-07-24,1.0223823632488032
2018-07-25,1.025703541816385
2018-07-26,1.0279776551203539
2018-07-27,1.0283630610448014
2018-07-30,1.035232956722013
2018-07-31,1.0375019149904698
2018-08-01,1.0362994189358687
2018-08-02,1.0398343968928623
2018-08-03,1.0457295998419516
2018-08-06,1.052147633348786
2018-08-07,1.051515574878409
2018-08-08,1.0549464351283449
2018-08-09,1.0536551618134362
2018-08-10,1.052660577207121
2018-08-13,1.0540884459757716
2018-08-14,1.0601968635843517
2018-08-15,1.0592205811315933
2018-08-16,1.0639292930218631
2018-08-17,1.0582215020475743
2018-08-20,1.0675273753071501
2018-08-21,1.0749749976246028
2018-08-22,1.0805593551252743
2018-08-23,1.0718145480558257
2018-08-24,1.0701083171473522
2018-08-27,1.0674832937402772
2018-08-28,1.089094529752231
2018-08-29,1.0827389967141818
2018-08-30,1.088786823150547
2018-08-31,1.0863026052734004
2018-09-03,1.0881835433146552
2018-09-04,1.0781428835527163
2018-09-05,1.0703462882064125
2018-09-06,1.071275759802635
2018-09-07,1.0650952706224341
2018-09-10,1.0731587703354772
2018-09-11,1.0612451480524225
2018-09-12,1.064201852560585
2018-09-13,1.0534635373764663
2018-09-14,1.0448100253534232
2018-09-17,1.0417572148702563
2018-09-18,1.0284121804085546
2018-09-19,1.0217100461988413
2018-09-20,1.0241635294336544
2018-09-21,1.0223216881166204
2018-09-25,1.0274139280039702
2018-09-26,1.0324575892482575
2018-09-27,1.0328326153170762
2018-09-28,1.03455886574936
2018-10-08,1.0418303132894189
2018-10-09,1.049524844234189
2018-10-10,1.0502953196106353
2018-10-11,1.0461985460794643
2018-10-12,1.0486540690610702
2018-10-15,1.0497731494663245
2018-10-16,1.048450862826778
2018-10-17,1.0490484787129208
2018-10-18,1.0490849307432415
2018-10-19,1.0495059282809636
2018-10-22,1.0477069806032278
2018-10-23,1.0483770592980464
2018-10-24,1.0491216660141316
2018-10-25,1.0491849563757325
2018-10-26,1.049552736298879
2018-10-29,1.0489414706259232
2018-10-30,1.0475879739326894
2018-10-31,1.043786972813801
2018-11-01,1.0417057446796048
2018-11-02,1.0367771882468668
2018-11-05,1.0382551486406553
2018-11-06,1.0400566631106194
2018-11-07,1.0416383348288154
2018-11-08,1.0399812362615208
2018-11-09,1.0383190717259154
2018-11-12,1.035445852257195
2018-11-13,1.0348431830446418
2018-11-14,1.0380698808444546
2018-11-15,1.04076712677994
2018-11-16,1.044070144842552
2018-11-19,1.0441906883161836
2018-11-20,1.044906106763754
2018-11-21,1.0455318628814503
2018-11-22,1.0446365621699474
2018-11-23,1.0452333847109023
2018-11-26,1.0437689475272667
2018-11-27,1.045289594662999
2018-11-28,1.0455307502685374
2018-11-29,1.0477226024993045
2018-11-30,1.0461792801082512
2018-12-03,1.0477840449265923
2018-12-04,1.0503557598104085
2018-12-05,1.0500505523492438
2018-12-06,1.0517964620960656
2018-12-07,1.0517553093530034
2018-12-10,1.0532207812996943
2018-12-11,1.0520877876608559
2018-12-12,1.050761490549935
2018-12-13,1.0469114045450643
2018-12-14,1.0443835584119932
2018-12-17,1.0422635892178143
2018-12-18,1.0461763395445642
2018-12-19,1.0486325258092157
2018-12-20,1.0505703017740153
2018-12-21,1.053458295713923
2018-12-24,1.0540250201975438
2018-12-25,1.058154701859518
2018-12-26,1.0604777668396066
2018-12-27,1.0573891617294846
2018-12-28,1.0624894657010813
2019-01-02,1.0662915619994686
2019-01-03,1.0702298102681305
2019-01-04,1.0686572162680061
2019-01-07,1.066051078121067
2019-01-08,1.067708633204775
2019-01-09,1.066448929683574
2019-01-10,1.0655317257211336
2019-01-11,1.0621582233282851
2019-01-14,1.0611484314651833
2019-01-15,1.0610634389986837
2019-01-16,1.0644102171928238
2019-01-17,1.0649727600241266
2019-01-18,1.065423539863418
2019-01-21,1.0652782659262083
2019-01-22,1.0650841540033043
2019-01-23,1.063686230723094
2019-01-24,1.0638695261566105
2019-01-25,1.0643936145463195
2019-01-28,1.0649755200820972
2019-01-29,1.0662237136836035
2019-01-30,1.0652861948602161
2019-01-31,1.068078066042172
2019-02-01,1.0766760847144143
2019-02-11,1.084913365438714
2019-02-12,1.0872811071846686
2019-02-13,1.0925092854935874
2019-02-14,1.0932743324557057
2019-02-15,1.0890774207215417
2019-02-18,1.10452356447603
2019-02-19,1.1045922131883013
2019-02-20,1.1070440201126248
2019-02-21,1.1048088415946757
2019-02-22,1.1137229666401465
2019-02-25,1.1399831550346762
2019-02-26,1.128221408244167
2019-02-27,1.1252769151860245
2019-02-28,1.1235105774371168
2019-03-01,1.1333792475219786
2019-03-04,1.132932310981052
2019-03-05,1.1379705530423139
2019-03-06,1.1451503568049246
2019-03-07,1.1423876190932767
2019-03-08,1.1222965543084906
2019-03-11,1.129507683502252
2019-03-12,1.1351673123930632
2019-03-13,1.1301315031368937
2019-03-14,1.1240972776852016
2019-03-15,1.1293861498253297
2019-03-18,1.1413676776067212
2019-03-19,1.1401653500722393
2019-03-20,1.1404982018566152
2019-03-21,1.144844030931576
2019-03-22,1.1464089942265365
2019-03-25,1.136289758996101
2019-03-26,1.1293378990838443
2019-03-27,1.1323602753101905
2019-03-28,1.1291568395556282
2019-03-29,1.1457614000460212
2019-04-01,1.1604378593140163
2019-04-02,1.1568847948557581
2019-04-03,1.1657437150861745
2019-04-04,1.1718308873757328
2019-04-08,1.1685929916303563
2019-04-09,1.1705540996930097
2019-04-10,1.17137358916026
2019-04-11,1.1649081457151176
2019-04-12,1.161624610467935
2019-04-15,1.1582860255623213
2019-04-16,1.169766682628779
2019-04-17,1.1714525084865441
2019-04-18,1.1695804606071842
2019-04-19,1.1731773136893804
2019-04-22,1.1657050811785588
2019-04-23,1.1615229100929827
2019-04-24,1.1625736735383476
2019-04-25,1.1502390475218072
2019-04-26,1.1402876631987955
2019-04-29,1.1351046707298798
2019-04-30,1.1368792647048285
2019-05-06,1.092384397655494
2019-05-07,1.1062993621727715
2019-05-08,1.1033171616399557
2019-05-09,1.097424954460307
2019-05-10,1.1102447038353076
2019-05-13,1.109032664961976
2019-05-14,1.108147151008087
2019-05-15,1.1181718198732264
2019-05-16,1.1246235446145878
2019-05-17,1.114039338523794
2019-05-20,1.1128702839446503
2019-05-21,1.1164270487659933
2019-05-22,1.1137387893517297
2019-05-23,1.1072920091610228
2019-05-24,1.107717672774
2019-05-27,1.1150761032014465
2019-05-28,1.1172703119427065
2019-05-29,1.1209718155815596
2019-05-30,1.1177448237617271
2019-05-31,1.1153051234353935
2019-06-03,1.1195452133635622
2019-06-04,1.1192313771616893
2019-06-05,1.1187138427971217
2019-06-06,1.1102957301592657
2019-06-10,1.1132324579336408
2019-06-11,1.124072108643188
2019-06-12,1.1229244036608623
2019-06-13,1.1265483733836246
2019-06-14,1.1273237280003845
2019-06-17,1.1284025717509427
2019-06-18,1.1280884211776685
2019-06-19,1.129479506355569
2019-06-20,1.1425484068950171
2019-06-21,1.1471409582845051
2019-06-24,1.1487933072050942
2019-06-25,1.1483382720135398
2019-06-26,1.1436080999685692
2019-06-27,1.1468154507222754
2019-06-28,1.1483181947448409
2019-07-01,1.1575039243374383
2019-07-02,1.1611500933030592
2019-07-03,1.1614720204802602
2019-07-04,1.15616807839585
2019-07-05,1.1565013825587518
2019-07-08,1.142655280860627
2019-07-09,1.141727899128067
2019-07-10,1.142039746859822
2019-07-11,1.1440096799139379
2019-07-12,1.1463322648098644
2019-07-15,1.148605793803438
2019-07-16,1.1483069713990584
2019-07-17,1.1465312186489336
2019-07-18,1.145017473597929
2019-07-19,1.1506299111015201
2019-07-22,1.1430689244692707
2019-07-23,1.1439974425589328
2019-07-24,1.145469432459495
2019-07-25,1.148418613876022
2019-07-26,1.149948799456216
2019-07-29,1.147114726634676
2019-07-30,1.1518492106401996
2019-07-31,1.1506259269493098
2019-08-01,1.1449899149347897
2019-08-02,1.1416054811187069
2019-08-05,1.1420536966730266
2019-08-06,1.136931113689032
2019-08-07,1.1368446750226047
2019-08-08,1.1405303876260104
2019-08-09,1.1395933087856418
2019-08-12,1.1473877827468817
2019-08-13,1.149847921304719
2019-08-14,1.1480044627426853
2019-08-15,1.1492963800249112
2019-08-16,1.1494696608845762
2019-08-19,1.1637727923661385
2019-08-20,1.1614595845681968
2019-08-21,1.1610294548956135
2019-08-22,1.1621946096833675
2019-08-23,1.163829631876956
2019-08-26,1.163925274261359
2019-08-27,1.1679687585648795
2019-08-28,1.1687107400933052
2019-08-29,1.1713533159600242
2019-08-30,1.1668765166326474
2019-09-02,1.1733204315409407
2019-09-03,1.1744885990135965
2019-09-04,1.1813332954183595
2019-09-05,1.1844442364277852
2019-09-06,1.1845841219185838
2019-09-09,1.1884789410832002
2019-09-10,1.185724253395855
2019-09-11,1.1834576543145634
2019-09-12,1.1847512121253434
2019-09-16,1.1859528059223812
2019-09-17,1.1789374573393443
2019-09-18,1.1749185804989923
2019-09-19,1.1730916870233048
2019-09-20,1.1770010713995491
2019-09-23,1.1747339050903718
2019-09-24,1.1746000791501223
2019-09-25,1.1669468977489765
2019-09-26,1.1607044057666573
2019-09-27,1.158290618483815
2019-09-30,1.1535509152852053
2019-10-08,1.1550210120630748
2019-10-09,1.1628473633607344
2019-10-10,1.1670330668506241
2019-10-11,1.174916210405927
2019-10-14,1.1791942328641436
2019-10-15,1.1733610380486938
2019-10-16,1.1686545423995214
2019-10-17,1.165824745444596
2019-10-18,1.1606375127561666
2019-10-21,1.172178455377135
2019-10-22,1.1735466314288028
2019-10-23,1.1691394671345752
2019-10-24,1.1733432597911508
2019-10-25,1.178274708934769
2019-10-28,1.179575284891441
2019-10-29,1.1741029331297463
2019-10-30,1.1690131232355865
2019-10-31,1.1625424790015304
2019-11-01,1.165530690016529
2019-11-04,1.1718692666542667
2019-11-05,1.1714965361394258
2019-11-06,1.1610365898831414
2019-11-07,1.1653965135228412
2019-11-08,1.162344021704767
2019-11-11,1.1481358137767848
2019-11-12,1.148037314098078
2019-11-13,1.144148024826367
2019-11-14,1.1453239550361878
2019-11-15,1.1376840604264742
2019-11-18,1.1461839278838855
2019-11-19,1.152448590281952
2019-11-20,1.1475215583080831
2019-11-21,1.148602635223332
2019-11-22,1.1437221803588753
2019-11-25,1.143880866369968
2019-11-26,1.1431562500378507
2019-11-27,1.1452869391384954
2019-11-28,1.1443024535738164
2019-11-29,1.1434543569735314
2019-12-02,1.1427942639037492
2019-12-03,1.1443023008427202
2019-12-04,1.1437494197083422
2019-12-05,1.1475113217339437
2019-12-06,1.1493453526512416
2019-12-09,1.15243597350158
2019-12-10,1.1545530171773508
2019-12-11,1.155629083555547
2019-12-12,1.1547370920929183
2019-12-13,1.161457556319147
2019-12-16,1.166164829968332
2019-12-17,1.172898339341636
2019-12-18,1.1724250337287747
2019-12-19,1.1742794474809348
2019-12-20,1.1732649409922096
2019-12-23,1.1654759828297199
2019-12-24,1.1726730687306415
2019-12-25,1.1745427126307362
2019-12-26,1.176929889446557
2019-12-27,1.177160328126205
2019-12-30,1.1838177312362814
2019-12-31,1.1840122182892754
2020-01-02,1.1901581371923577
2020-01-03,1.1921147026805052
2020-01-06,1.197783046188954
2020-01-07,1.1983392623187041
2020-01-08,1.1958171346704292
2020-01-09,1.1947979762647243
2020-01-10,1.1960214886797114
2020-01-13,1.2001483568107938
2020-01-14,1.1979554750839951
2020-01-15,1.1959498588048842
2020-01-16,1.197926008148328
2020-01-17,1.1974935266597846
2020-01-20,1.2025744428773115
2020-01-21,1.193011651736623
2020-01-22,1.1952819579985134
2020-01-23,1.1812298093945592
2020-02-03,1.188947193564683
2020-02-04,1.185810418124002
2020-02-05,1.1859707078650314
2020-02-06,1.1858394805661583
2020-02-07,1.1894382263977077
2020-02-10,1.1890630839058365
2020-02-11,1.1851222196735098
2020-02-12,1.184767801072531
2020-02-13,1.1875153477360632
2020-02-14,1.1827725670097755
2020-02-17,1.182492500123555
2020-02-18,1.187137530494703
2020-02-19,1.1894026025730444
2020-02-20,1.187839892540322
2020-02-21,1.194982587896618
2020-02-24,1.2016878427234836
2020-02-25,1.1974055187293402
2020-02-26,1.1984852803260673
2020-02-27,1.200513228362629
2020-02-28,1.2035009754309713
2020-03-02,1.198281862848132
2020-03-03,1.196764547966857
2020-03-04,1.2035030714085644
2020-03-05,1.2033036621901478
2020-03-06,1.2083901452334522
2020-03-09,1.2102305485390636
2020-03-10,1.2007179234763907
2020-03-11,1.2034781636916745
2020-03-12,1.1992003355125407
2020-03-13,1.1904000220714086
2020-03-16,1.1865674415294574
2020-03-17,1.1835811519995578
2020-03-18,1.1861879184677309
2020-03-19,1.1810111609151672
2020-03-20,1.1898479738807763
2020-03-23,1.20281251268078
2020-03-24,1.2036781212070802
2020-03-25,1.2106967995924058
2020-03-26,1.206775329683634
2020-03-27,1.2087837184789518
2020-03-30,1.2099380304784584
2020-03-31,1.2121546959018086
2020-04-01,1.2066635515701711
2020-04-02,1.2030943446199471
2020-04-03,1.1966424441176404
2020-04-07,1.2049864625329836
2020-04-08,1.209654139684632
2020-04-09,1.2074890979498216
2020-04-10,1.2058429919294424
2020-04-13,1.2046202555724854
2020-04-14,1.206413703782892
2020-04-15,1.2080454930993525
2020-04-16,1.2075377427282634
2020-04-17,1.2014587586624763
2020-04-20,1.199117760022005
2020-04-21,1.1996499257555777
2020-04-22,1.2030725958220188
2020-04-23,1.2120054279088015
2020-04-24,1.214292386787956
2020-04-27,1.212851246322888
2020-04-28,1.2099664888886932
2020-04-29,1.2144450688888404
2020-04-30,1.212304146264763
2020-05-06,1.212125986592509
2020-05-07,1.2068545193749711
2020-05-08,1.210232530915694
2020-05-11,1.2069969730533099
2020-05-12,1.2052689704868553
2020-05-13,1.2048758972222604
2020-05-14,1.2034496404956345
2020-05-15,1.2082956238461167
2020-05-18,1.2103793116353503
2020-05-19,1.212786682497087
2020-05-20,1.2162135117588586
2020-05-21,1.2099552695353974
2020-05-22,1.2020471696342723
2020-05-25,1.2010622046727608
2020-05-26,1.2094632192926766
2020-05-27,1.2045293955112297
2020-05-28,1.2099804901199651
2020-05-29,1.2115358841604007
2020-06-01,1.233415015234166
2020-06-02,1.2318851243644668
2020-06-03,1.2350250503650975
2020-06-04,1.2334924159787317
2020-06-05,1.2384926594663805
2020-06-08,1.2419818950901307
2020-06-09,1.2463731907124118
2020-06-10,1.2502551031534535
2020-06-11,1.2442119493222383
2020-06-12,1.2465799061186091
2020-06-15,1.2368575230498193
2020-06-16,1.2560302589262795
2020-06-17,1.256388383010305
2020-06-18,1.2589375328167796
2020-06-19,1.2671702063249064
2020-06-22,1.2690217010815847
2020-06-23,1.269909580601448
2020-06-24,1.2740760455440894
2020-06-29,1.2696128687254804
2020-06-30,1.2798895330044429
2020-07-01,1.298553289748003
2020-07-02,1.3110590026138755
2020-07-03,1.3208258435038311
2020-07-06,1.357336711239929
2020-07-07,1.357846977216079
2020-07-08,1.3667113591449565
2020-07-09,1.3827894282927062
2020-07-10,1.3733884453441856
2020-07-13,1.396611815940004
2020-07-14,1.384142466159894
2020-07-15,1.3769841651079098
2020-07-16,1.343817067759371
2020-07-17,1.3477390360100931
2020-07-20,1.367769621187664
2020-07-21,1.3718690465345573
2020-07-22,1.3851137755692604
2020-07-23,1.387422060750427
2020-07-24,1.366477707405496
2020-07-27,1.3747788731130857
2020-07-28,1.3720682642510225
2020-07-29,1.3938523225568287
2020-07-30,1.390780096588417
2020-07-31,1.3986673838030719
2020-08-03,1.408507004301048
2020-08-04,1.4094287039568971
2020-08-05,1.4135346094495485
2020-08-06,1.4124735231786947
2020-08-07,1.4102865204777377
2020-08-10,1.4057165107114291
2020-08-11,1.3908167626987524
2020-08-12,1.3745549945711735
2020-08-13,1.3807780662391353
2020-08-14,1.3939918720669977
2020-08-17,1.4130200482652724
2020-08-18,1.4151068485015121
2020-08-19,1.4080829666560228
2020-08-20,1.4003865258938666
2020-08-21,1.403730987615773
2020-08-24,1.405015372795016
2020-08-25,1.4037408593634675
2020-08-26,1.3992752869410603
2020-08-27,1.4014733915360198
2020-08-28,1.4163502799365868
2020-08-31,1.4161379395348712
2020-09-01,1.4204778416538442
2020-09-02,1.4148254137618173
2020-09-03,1.403735560513983
2020-09-04,1.398631784984776
2020-09-07,1.3925430072965377
2020-09-08,1.4001899699482065
2020-09-09,1.3768347757800408
2020-09-10,1.3752598708002328
2020-09-11,1.3932437818826906
2020-09-14,1.4128494961771862
2020-09-15,1.4160211891766021
2020-09-16,1.4002630996467296
2020-09-17,1.3981407905014578
2020-09-18,1.422367997600004
2020-09-21,1.4138569224787154
2020-09-22,1.3981200878158826
2020-09-23,1.3924327992770456
2020-09-24,1.3721040435773932
2020-09-25,1.3739001654005436
2020-09-28,1.3774765733584875
2020-09-29,1.3736124075785612
2020-09-30,1.3712655108992324
2020-10-09,1.436509222302033
2020-10-12,1.4601812622375738
2020-10-13,1.4522729867557007
2020-10-14,1.4505045696882966
2020-10-15,1.4470518120155051
2020-10-16,1.4536030202087376
2020-10-19,1.4472271966837809
2020-10-20,1.452068015115898
2020-10-21,1.448862202083319
2020-10-22,1.4447042430087054
2020-10-23,1.4352148165420004
2020-10-26,1.4347579197238236
2020-10-27,1.4356851324162365
2020-10-28,1.4374269820771024
2020-10-29,1.4373971018313219
2020-10-30,1.419497659558947
2020-11-02,1.4342364686452442
2020-11-03,1.4405856333599896
2020-11-04,1.4444389052894162
2020-11-05,1.458223502895511
2020-11-06,1.4553563990477245
2020-11-09,1.4631856860650039
2020-11-10,1.4615386504573284
2020-11-11,1.4753120990835382
2020-11-12,1.4764817187364385
2020-11-13,1.4725079178592853
2020-11-16,1.4859523613757324
2020-11-17,1.4825733470551479
2020-11-18,1.4924149590412124
2020-11-19,1.4942437013061673
2020-11-20,1.5087214327751026
2020-11-23,1.5195920792867168
2020-11-24,1.5178114707773642
2020-11-25,1.512759085168326
2020-11-26,1.5123041778240018
2020-11-27,1.5197046936374718
2020-11-30,1.5316392576198503
2020-12-01,1.5366304189852635
2020-12-02,1.5367759917809158
2020-12-03,1.51691766832499
2020-12-04,1.5285057602041159
2020-12-07,1.5178242108584719
2020-12-08,1.5105796621236136
2020-12-09,1.4999381791862545
2020-12-10,1.5040559139426284
2020-12-11,1.4977299266290711
2020-12-14,1.509014064753598
2020-12-15,1.5048976288064821
2020-12-16,1.5094447644914555
2020-12-17,1.5276721337548842
2020-12-18,1.5324500225099533
2020-12-21,1.5366471066653076
2020-12-22,1.5109722160864825
2020-12-23,1.5134100583085264
2020-12-24,1.5131540929143465
2020-12-25,1.5199181876722472
2020-12-28,1.5163983323001016
2020-12-29,1.5127961993682766
2020-12-30,1.5235627164214074
2020-12-31,1.5342662155252853
2021-01-04,1.5448873700939767
2021-01-05,1.550832082479022
2021-01-06,1.5602761887207615
2021-01-07,1.5704150961603645
2021-01-08,1.5700071808741667
2021-01-11,1.5558473429042226
2021-01-12,1.5699805307878554
2021-01-13,1.5774463535478969
2021-01-14,1.5690701419792545
2021-01-15,1.5626096205728917
2021-01-18,1.565265580355714
2021-01-19,1.5602797094124874
2021-01-20,1.561207864048553
2021-01-21,1.570479889061771
2021-01-22,1.5651799433868105
2021-01-25,1.5661587341169076
2021-01-26,1.5551359620578449
2021-01-27,1.5594032850478707
2021-01-28,1.5454921932172068
2021-01-29,1.5453446550671144
2021-02-01,1.5532682696104188
2021-02-02,1.5575717668754934
2021-02-03,1.5526625900908615
2021-02-04,1.571266906990262
2021-02-05,1.572036312240134
2021-02-08,1.5802603512848523
2021-02-09,1.6048616613428386
2021-02-10,1.6099388649048916
2021-02-18,1.6522238817764625
2021-02-19,1.6596005906656077
2021-02-22,1.677690404631415
2021-02-23,1.691845361237473
2021-02-24,1.6858049156779749
2021-02-25,1.7199590902747286
2021-02-26,1.6794384051389757
2021-03-01,1.6813476262553126
2021-03-02,1.6522820281256265
2021-03-03,1.6853897602903645
2021-03-04,1.666980994764779
2021-03-05,1.6739577958827199
2021-03-08,1.6636539924651632
2021-03-09,1.635464982271179
2021-03-10,1.6219934839935202
2021-03-11,1.6596278806740379
2021-03-12,1.6635877077636891
2021-03-15,1.6690390977931127
2021-03-16,1.6609306630086706
2021-03-17,1.669479603070615
2021-03-18,1.669058403409849
2021-03-19,1.6322753074341436
2021-03-22,1.6519182238387513
2021-03-23,1.6370311917649873
2021-03-24,1.6216625209399058
2021-03-25,1.621042757655885
2021-03-26,1.6331414007348382
2021-03-29,1.6348797868083966
2021-03-30,1.6365881270833094
2021-03-31,1.634387910396143
2021-04-01,1.6402884652824055
2021-04-02,1.6465216686031117
2021-04-06,1.6430750610599107
2021-04-07,1.641857680100967
2021-04-08,1.6415600938392305
2021-04-09,1.6381881291647442
2021-04-12,1.6332645864965987
2021-04-13,1.6356699026614856
2021-04-14,1.6404606174479848
2021-04-15,1.6432379697741597
2021-04-16,1.6484665952189301
2021-04-19,1.6608642123960025
2021-04-20,1.6594557311597553
2021-04-21,1.660203604960689
2021-04-22,1.6607859593338343
2021-04-23,1.6668561656480203
2021-04-26,1.6612459523169298
2021-04-27,1.6658965820737648
2021-04-28,1.6676090624802524
2021-04-29,1.6742591601679726
2021-04-30,1.672966461536925
2021-05-06,1.6782258459443606
2021-05-07,1.679869147118145
2021-05-10,1.6874609867519605
2021-05-11,1.6837590939864064
2021-05-12,1.693529601117754
2021-05-13,1.682118072680178
2021-05-14,1.6892882192532928
2021-05-17,1.6977629433169041
2021-05-18,1.7024775420550968
2021-05-19,1.6987533559879036
2021-05-20,1.6984155411753923
2021-05-21,1.691885999279591
2021-05-24,1.6935148382361966
2021-05-25,1.7083279775925966
2021-05-26,1.7101547263181875
2021-05-27,1.7112539836044824
2021-05-28,1.7128603524714299
2021-05-31,1.718093916644938
2021-06-01,1.7212626265391524
2021-06-02,1.7137885913838353
2021-06-03,1.709899603492594
2021-06-04,1.7069810440844155
2021-06-07,1.704289066139807
2021-06-08,1.7024173883746276
2021-06-09,1.7048196884844187
2021-06-10,1.7093123877443834
2021-06-11,1.7101778071844687
2021-06-15,1.6998765712186747
2021-06-16,1.6920413404762906
2021-06-17,1.6911916593539655
2021-06-18,1.6905641546130372
2021-06-21,1.6956459613944126
2021-06-22,1.6998724144189281
2021-06-23,1.7081813441081184
2021-06-24,1.7086246869541295
2021-06-25,1.7169099811046924
2021-06-28,1.713539716788105
2021-06-29,1.7074502879152773
2021-06-30,1.7120779746434325
2021-07-01,1.7078515927735516
2021-07-02,1.7016606418651175
2021-07-05,1.7072629116503069
2021-07-06,1.7095581760814687
2021-07-07,1.6920389119912327
2021-07-08,1.689061371531834
2021-07-09,1.6911658594538455
2021-07-12,1.7024933914244753
2021-07-13,1.709687082492247
2021-07-14,1.7093824319018525
2021-07-15,1.707151919335259
2021-07-16,1.7083089527854678
2021-07-19,1.708895669087272
2021-07-20,1.7074168871326074
2021-07-21,1.7142514205419126
2021-07-22,1.7160552697722005
2021-07-23,1.7140964266841106
2021-07-26,1.703317967399687
2021-07-27,1.6872374345701253
2021-07-28,1.6858664443537523
2021-07-29,1.6987521263453231
2021-07-30,1.704802514145746
2021-08-02,1.7121255861882327
2021-08-03,1.706528439494663
2021-08-04,1.709879639111165
2021-08-05,1.7067529525582799
2021-08-06,1.710591783337507
2021-08-09,1.7047748589264313
2021-08-10,1.7114052095677112
2021-08-11,1.7106859937168664
2021-08-12,1.7118542697794907
2021-08-13,1.710406585896043
2021-08-16,1.7086716821140515
2021-08-17,1.6989034858632084
2021-08-18,1.7022655707957908
2021-08-19,1.6949612651505974
2021-08-20,1.688527430653478
2021-08-23,1.6960644790239812
2021-08-24,1.7043038216391784
2021-08-25,1.709115152673096
2021-08-26,1.702232541312215
2021-08-27,1.710745229397565
2021-08-30,1.7162288617332468
2021-08-31,1.7214033177828392
2021-09-01,1.7237812716467529
2021-09-02,1.731077527146252
2021-09-03,1.7293638189516893
2021-09-06,1.7385344894699608
2021-09-07,1.7519038802163507
2021-09-08,1.7529456780410677
2021-09-09,1.7645833661059425
2021-09-10,1.7687272903517484
2021-09-13,1.805583636909423
2021-09-14,1.766083237752527
2021-09-15,1.7657431553865437
2021-09-16,1.7583735854652678
2021-09-17,1.7510729350423877
2021-09-22,1.765133672697789
2021-09-23,1.7688129446542853
2021-09-24,1.7604086503146505
2021-09-27,1.752492523801881
2021-09-28,1.752277178708653
2021-09-29,1.7421545001514562
2021-09-30,1.7443497393688843
2021-10-08,1.7506716108214289
2021-10-11,1.769957307414426
2021-10-12,1.756870037307278
2021-10-13,1.755848539779831
2021-10-14,1.7646813059787587
2021-10-15,1.7903974452698848
2021-10-18,1.8103674713233615
2021-10-19,1.8027491878568787
2021-10-20,1.763619583382984
2021-10-21,1.7682851203875622
2021-10-22,1.7513557295305444
2021-10-25,1.7608741243998718
2021-10-26,1.7541525537366522
2021-10-27,1.7173619193864986
2021-10-28,1.7062653013127778
2021-10-29,1.7100639489356755
2021-11-01,1.7049928617676793
2021-11-02,1.710955728776462
2021-11-03,1.7031712030766104
2021-11-04,1.6951568834208521
2021-11-05,1.6978212236824233
2021-11-08,1.7070121211631557
2021-11-09,1.7075387442307786
2021-11-10,1.7103734912275348
2021-11-11,1.705720388134901
2021-11-12,1.702782915628661
2021-11-15,1.6970059771394268
2021-11-16,1.6977856163221057
2021-11-17,1.694240344502411
2021-11-18,1.690624250482447
2021-11-19,1.6901411246518394
2021-11-22,1.6906892413577024
2021-11-23,1.6855378209066083
2021-11-24,1.6893067555469519
2021-11-25,1.688737510269708
2021-11-26,1.6891436471448975
2021-11-29,1.6879760316040953
2021-11-30,1.684088231327749
2021-12-01,1.6810521896144732
2021-12-02,1.6774960250461917
2021-12-03,1.6743684862035746
2021-12-06,1.6822260312509763
2021-12-07,1.6757776742547235
2021-12-08,1.675213240740988
2021-12-09,1.6769547218631549
2021-12-10,1.6801101217638066
2021-12-13,1.6779146770194922
2021-12-14,1.6736677663005564
2021-12-15,1.6788059238380406
2021-12-16,1.681679549029023
2021-12-17,1.6864125601906013
2021-12-20,1.6830012651221469
2021-12-21,1.6858358685499542
2021-12-22,1.6915339214752967
2021-12-23,1.699581993818818
2021-12-24,1.6968660520810024
2021-12-27,1.694856861684768
2021-12-28,1.69692820831185
2021-12-29,1.6957927581208596
2021-12-30,1.700994818608398
2021-12-31,1.699322543690006
2022-01-04,1.703626582574208
2022-01-05,1.7075499740555824
2022-01-06,1.701891009216871
2022-01-07,1.7090954286791462
2022-01-10,1.7101541047321838
2022-01-11,1.7131314594294187
2022-01-12,1.7152868726093582
2022-01-13,1.7173585778925906
2022-01-14,1.7126697080938271
2022-01-17,1.710366140545614
2022-01-18,1.7159023324682998
2022-01-19,1.7212258693729332
2022-01-20,1.7265292529498224
2022-01-21,1.725628507117828
2022-01-24,1.7253735039208316
2022-01-25,1.7198564449148477
2022-01-26,1.7239793983658656
2022-01-27,1.7205039885250524
2022-01-28,1.7247374972706924
2022-02-07,1.7460503870076696
2022-02-08,1.7523117355605888
2022-02-09,1.7520914985547915
2022-02-10,1.761985416618479
2022-02-11,1.748051732988479
2022-02-14,1.7534143302072278
2022-02-15,1.7524661045011451
2022-02-16,1.7475032832459747
2022-02-17,1.7501855998182116
2022-02-18,1.756904749752289
2022-02-21,1.7539815696335337
2022-02-22,1.7766405558827716
2022-02-23,1.770107914107979
2022-02-24,1.802276911981669
2022-02-25,1.7892199981877663
2022-02-28,1.788927802872302
2022-03-01,1.7890850314471423
2022-03-02,1.8223552327287011
2022-03-03,1.8601154568999096
2022-03-04,1.8440985112802086
2022-03-07,1.904409561232322
2022-03-08,1.8966879390621472
2022-03-09,1.9048356890150624
2022-03-10,1.8280472474131158
2022-03-11,1.8366946285478702
2022-03-14,1.8293659155242565
2022-03-15,1.7886544661003216
2022-03-16,1.8036046070378893
2022-03-17,1.806716168014218
2022-03-18,1.8465699045655495
2022-03-21,1.8510639820864387
2022-03-22,1.8734492793030404
2022-03-23,1.8719470431537915
2022-03-24,1.8834365458650886
2022-03-25,1.8854588503610767
2022-03-28,1.8734277038423017
2022-03-29,1.8692160006428447
2022-03-30,1.872151593599128
2022-03-31,1.8655992027537434
2022-04-01,1.8576999025184846
2022-04-06,1.8680788324878117
2022-04-07,1.8581177600648167
2022-04-08,1.86160418472746
2022-04-11,1.8595918083020775
2022-04-12,1.862080638498184
2022-04-13,1.8666343762160769
2022-04-14,1.8712539689637604
2022-04-15,1.87559927924964
2022-04-18,1.8709353359933716
2022-04-19,1.8745259586090157
2022-04-20,1.8666707295660834
2022-04-21,1.866609625792751
2022-04-22,1.8660085128482622
2022-04-25,1.8507025158245487
2022-04-26,1.8475552179413957
2022-04-27,1.8469463771624341
2022-04-28,1.8527494673767433
2022-04-29,1.874978578670275
2022-05-05,1.8716807397871786
2022-05-06,1.866873049456194
2022-05-09,1.8704943250128436
2022-05-10,1.8639881300651753
2022-05-11,1.8629152929703703
2022-05-12,1.869848375622416
2022-05-13,1.868956403139559
2022-05-16,1.8711493132341719
2022-05-17,1.871128602695405
2022-05-18,1.8665191727200836
2022-05-19,1.8661903173157837
2022-05-20,1.868561891258121
2022-05-23,1.8724057267690295
2022-05-24,1.8681822712655576
2022-05-25,1.873207493464327
2022-05-26,1.8799765017968209
2022-05-27,1.8843032239566897
2022-05-30,1.8805756943800827
2022-05-31,1.8801067204845148
2022-06-01,1.8726129144665637
2022-06-02,1.870652263342032
2022-06-06,1.8775834893326075
2022-06-07,1.8829710857010376
2022-06-08,1.887413485058551
2022-06-09,1.8901681542006064
2022-06-10,1.8914670108205387
2022-06-13,1.8825572265706296
2022-06-14,1.8797943863957634
2022-06-15,1.8750946340833328
2022-06-16,1.8729698188037278
2022-06-17,1.8740087045454032
2022-06-20,1.865009523396071
2022-06-21,1.8641964632882209
2022-06-22,1.8571848213018105
2022-06-23,1.8516042472399377
2022-06-24,1.8426044336771528
2022-06-27,1.8632479549334569
2022-06-28,1.9335408632220776
2022-06-29,1.892681540846543
2022-06-30,1.891536524509266
2022-07-01,1.8753400783615783
2022-07-04,1.8869778684326142
2022-07-05,1.8959556911219988
2022-07-06,1.835556927059435
2022-07-07,1.8395370576138557
2022-07-08,1.8395370576138557
2022-07-11,1.8412827317906835
2022-07-12,1.836256687471445
2022-07-13,1.8284888725984765
2022-07-14,1.8267845015100124
2022-07-15,1.8282832077333713
2022-07-18,1.8279596710604535
2022-07-19,1.828036308269663
2022-07-20,1.831022598766449
2022-07-21,1.8328282961061588
2022-07-22,1.830996068702885
2022-07-25,1.8313250787048887
2022-07-26,1.835311649960479
2022-07-27,1.8336585771486351
2022-07-28,1.8312791147687475
2022-07-29,1.837456369317898
2022-08-01,1.8414438831591813
2022-08-02,1.8422575190039856
2022-08-03,1.8428328870345274
2022-08-04,1.8401601730877706
2022-08-05,1.8426189626131244
2022-08-08,1.8409860207689936
2022-08-09,1.840745435214978
2022-08-10,1.8403736885348199
2022-08-11,1.8438450894511436
2022-08-12,1.8439207143006684
2022-08-15,1.8500294736761003
2022-08-16,1.8509588987466101
2022-08-17,1.8508946889116964
2022-08-18,1.8493685536500373
2022-08-19,1.8515233742309982
2022-08-22,1.8523682152407317
2022-08-23,1.8563493814743066
2022-08-24,1.8615890621880216
2022-08-25,1.8576796081306097
2022-08-26,1.857577563795784
2022-08-29,1.8558539864979389
2022-08-30,1.8553272260576559
2022-08-31,1.8526419433822787
2022-09-01,1.8512330733113203
2022-09-02,1.84875257982132
2022-09-05,1.8604519976962195
2022-09-06,1.8632873242208559
2022-09-07,1.856974028210356
2022-09-08,1.8585474825524402
2022-09-09,1.8596940010827572
2022-09-13,1.867054156314579
2022-09-14,1.8606961486337201
2022-09-15,1.8637590424499455
2022-09-16,1.8566961625172944
2022-09-19,1.8540942096202888
2022-09-20,1.8564762449217977
2022-09-21,1.862287423392265
2022-09-22,1.86047145837508
2022-09-23,1.8547691280406637
2022-09-26,1.840435109349122
2022-09-27,1.8445659272447448
2022-09-28,1.8350944995496752
2022-09-29,1.8453072533090598
2022-09-30,1.844046677580899
2022-10-10,1.866403123482936
2022-10-11,1.8590765196534291
2022-10-12,1.8620179792409437
2022-10-13,1.8590822250465477
2022-10-14,1.875057057609886
2022-10-17,1.8634496835690564
2022-10-18,1.8521015934969782
2022-10-19,1.8377592101387021
2022-10-20,1.838998228695331
2022-10-21,1.8387654687422919
2022-10-24,1.8591932982735206
2022-10-25,1.8617539027081234
2022-10-26,1.867276381128946
2022-10-27,1.8670922327064192
2022-10-28,1.8565443127782086
2022-10-31,1.856962045265988
2022-11-01,1.8621765047488326
2022-11-02,1.8616744830985676
2022-11-03,1.861236112125582
2022-11-04,1.8607896901261098
2022-11-07,1.868042352981011
2022-11-08,1.871367058336928
2022-11-09,1.8768084379112688
2022-11-10,1.8762719462031023
2022-11-11,1.8745438293275938
2022-11-14,1.8552499249920116
2022-11-15,1.8559208137902357
2022-11-16,1.8579109298392755
2022-11-17,1.8516750061061804
2022-11-18,1.8448772252657366
2022-11-21,1.8258988121238968
2022-11-22,1.8237152755581698
2022-11-23,1.8302384762780985
2022-11-24,1.8420935400739404
2022-11-25,1.8478530669383002
2022-11-28,1.8316753133411476
2022-11-29,1.8413702507144964
2022-11-30,1.8384354276982513
2022-12-01,1.8453294306645722
2022-12-02,1.850707898334805
2022-12-05,1.8480293377515957
2022-12-06,1.8412798181737855
2022-12-07,1.8376881145076285
2022-12-08,1.8525428343474846
2022-12-09,1.8588238067608112
2022-12-12,1.8404168070070273
2022-12-13,1.8404069051584855
2022-12-14,1.8417776374537336
2022-12-15,1.8375665794261546
2022-12-16,1.836778526681519
2022-12-19,1.8201535679936136
2022-12-20,1.8130119052421632
2022-12-21,1.8213709563132783
2022-12-22,1.8194255386121152
2022-12-23,1.813773722555117
2022-12-26,1.8193128343329452
2022-12-27,1.8265072923835712
2022-12-28,1.8221459641249054
2022-12-29,1.822117330984174
2022-12-30,1.8268086813921887
2023-01-03,1.833233214211339
2023-01-04,1.8311957034553488
2023-01-05,1.835368247898382
2023-01-06,1.833807260886167
2023-01-09,1.8401742990045806
2023-01-10,1.839183467911954
2023-01-11,1.8429850828179941
2023-01-12,1.847920940688431
2023-01-13,1.8570189689238206
2023-01-16,1.8620418107386798
2023-01-17,1.8630535367222643
2023-01-18,1.8697676109158625
2023-01-19,1.871602311425428
2023-01-20,1.880671092330014
2023-01-30,1.8742730553637232
2023-01-31,1.8693653796512748
2023-02-01,1.8774005700850884
2023-02-02,1.8752359362132276
2023-02-03,1.8676866503808338
2023-02-06,1.8585960589163697
2023-02-07,1.860204921664021
2023-02-08,1.8565916816469816
2023-02-09,1.8652946753514792
2023-02-10,1.8587795220688632
2023-02-13,1.8643024407911333
2023-02-14,1.8681903709245162
2023-02-15,1.8632818101360822
2023-02-16,1.8580572625350988
2023-02-17,1.8488990035291917
2023-02-20,1.8632189581407819
2023-02-21,1.8669366596805905
2023-02-22,1.8662550004137801
2023-02-23,1.856673766314761
2023-02-24,1.8554045398925825
2023-02-27,1.847284512465494
2023-02-28,1.8534115568060894
2023-03-01,1.8650861897710904
2023-03-02,1.864015254550961
2023-03-03,1.8678640976843637
2023-03-06,1.8670227807457667
2023-03-07,1.86167529850231
2023-03-08,1.856391418994004
2023-03-09,1.8546092764423296
2023-03-10,1.8429421645254398
2023-03-13,1.8491590003322642
2023-03-14,1.841747347461893
2023-03-15,1.8441860158622871
2023-03-16,1.8408236105294316
2023-03-17,1.847786793530926
2023-03-20,1.8535632578588062
2023-03-21,1.8564780683396223
2023-03-22,1.8575586043690724
2023-03-23,1.8623668360412267
2023-03-24,1.8639365443943487
2023-03-27,1.8613945932325757
2023-03-28,1.8613620844478214
2023-03-29,1.8613092038631
2023-03-30,1.8673370320146578
2023-03-31,1.871510786102464
2023-04-03,1.8749340305969038
2023-04-04,1.8820293330788873
2023-04-06,1.8816759029232037
2023-04-07,1.8874331619673321
2023-04-10,1.88287639470074
2023-04-11,1.8859490735136015
2023-04-12,1.8894128954889973
2023-04-13,1.8870115702737638
2023-04-14,1.8896902427787718
2023-04-17,1.8942512761813897
2023-04-18,1.8947028612670955
2023-04-19,1.890559608906055
2023-04-20,1.888719071998526
2023-04-21,1.8748650674660685
2023-04-24,1.8697329281081878
2023-04-25,1.866663337470902
2023-04-26,1.8680380114807624
2023-04-27,1.871329435864405
2023-04-28,1.879083612047934
2023-05-04,1.8822977725217032
2023-05-05,1.885171401618859
2023-05-08,1.8875338375917743
2023-05-09,1.8849692845294508
2023-05-10,1.8841560895484273
2023-05-11,1.8848054798711362
2023-05-12,1.8780996536670744
2023-05-15,1.8769320695818625
2023-05-16,1.8748617388619004
2023-05-17,1.872629870289034
2023-05-18,1.8736758331510677
2023-05-19,1.872503881993989
2023-05-22,1.8742390364186021
2023-05-23,1.8750683346048558
2023-05-24,1.8730393679135744
2023-05-25,1.8697110097138268
2023-05-26,1.8687155836537181
2023-05-29,1.8713015041395895
2023-05-30,1.8713526631875483
2023-05-31,1.8718527773868032
2023-06-01,1.8747315717730089
2023-06-02,1.8698689960919455
2023-06-05,1.8693895849347202
2023-06-06,1.8719116059120187
2023-06-07,1.8726113349298217
2023-06-08,1.8709527541773763
2023-06-09,1.8775005321797944
2023-06-12,1.8768402140924632
2023-06-13,1.8820286663870538
2023-06-14,1.8818888958448154
2023-06-15,1.8771617768568034
2023-06-16,1.8807873150954368
2023-06-19,1.8770393690394929
2023-06-20,1.88338969677835
2023-06-21,1.88920887778026
2023-06-26,1.8842521146215685
2023-06-27,1.883499789351386
2023-06-28,1.881898228099843
2023-06-29,1.8818364129489908
2023-06-30,1.887096998121972
2023-07-03,1.8987109232140102
2023-07-04,1.8961616074500287
2023-07-05,1.8986756828686424
2023-07-06,1.8990514358628843
2023-07-07,1.9004957970958556
2023-07-10,1.9036774758673387
2023-07-11,1.9078747159168488
2023-07-12,1.9100334271777497
2023-07-13,1.9143288820803763
2023-07-14,1.9158288354129316
2023-07-17,1.9145595953175896
2023-07-18,1.9162757634892973
2023-07-19,1.9240449670417856
2023-07-20,1.925943052047872
2023-07-21,1.9258974042321477
2023-07-24,1.9252369554643438
2023-07-25,1.9240372676977966
2023-07-26,1.9286582876285236
2023-07-27,1.9317429874899577
2023-07-28,1.9327862510001301
2023-07-31,1.9321598523729326
2023-08-01,1.9395562016640926
2023-08-02,1.9363250100531837
2023-08-03,1.9284082713679014
2023-08-04,1.93338593823625
2023-08-07,1.9312614501474683
2023-08-08,1.9305733820916267
2023-08-09,1.9333570289493704
2023-08-10,1.9333369425425615
2023-08-11,1.93417209011404
2023-08-14,1.9337950103943358
2023-08-15,1.9416014033645868
2023-08-16,1.9386651669543042
2023-08-17,1.9395328808798955
2023-08-18,1.9420216589630177
2023-08-21,1.952083280596015
2023-08-22,1.9497684641167825
2023-08-23,1.9504741164135144
2023-08-24,1.9500457828364386
2023-08-25,1.951636350743412
2023-08-28,1.9526490952715656
2023-08-29,1.953061023220636
2023-08-30,1.958063132567267
2023-08-31,1.9588311310211262
2023-09-01,1.9601984185268666
2023-09-04,1.9567814124095746
2023-09-05,1.9557175804717342
2023-09-06,1.9582013648270518
2023-09-07,1.9559809351601323
2023-09-08,1.9483896751999394
2023-09-11,1.9556165404161654
2023-09-12,1.9594910563690564
2023-09-13,1.9601260991622471
2023-09-14,1.9705665644919144
2023-09-15,1.9703062303827654
2023-09-18,1.9581353760441853
2023-09-19,1.9532115979070437
2023-09-20,1.9556308608841382
2023-09-21,1.9473254860260487
2023-09-22,1.9542814113142806
2023-09-25,1.9503617753678182
2023-09-26,1.9432806108938965
2023-09-27,1.9451610233191918
2023-09-28,1.9397589594575748
2023-10-09,1.8969804794622076
2023-10-10,1.8777563965555593
2023-10-11,1.8829832877620023
2023-10-12,1.871109406123227
2023-10-13,1.866424052219704
2023-10-16,1.8805671483250825
2023-10-17,1.880208230743022
2023-10-18,1.8899138125696837
2023-10-19,1.8837867124899759
2023-10-20,1.8977712262909887
2023-10-23,1.88139492452724
2023-10-24,1.8735121625426103
2023-10-25,1.872641688465325
2023-10-26,1.879478873500104
2023-10-27,1.878058288029704
2023-10-30,1.8808069633497047
2023-10-31,1.8821498843029376
2023-11-01,1.8808219093402967
2023-11-02,1.8835197152414407
2023-11-03,1.883718150019682
2023-11-06,1.8864017628213234
2023-11-07,1.8822241170713283
2023-11-08,1.884110301024582
2023-11-09,1.8805037054340743
2023-11-10,1.8776928594091904
2023-11-13,1.8790849441084387
2023-11-14,1.878598303569585
2023-11-15,1.8801054396850245
2023-11-16,1.8806328844191698
2023-11-17,1.8794518437609264
2023-11-20,1.8754853369703257
2023-11-21,1.872567996459186
2023-11-22,1.86861775862188
2023-11-23,1.8632219730580326
2023-11-24,1.8656762527711086
2023-11-27,1.8656075291960696
2023-11-28,1.8607394520450673
2023-11-29,1.8608555836578098
2023-11-30,1.8618220644258312
2023-12-01,1.8632573350860966
2023-12-04,1.8632906616573963
2023-12-05,1.8552118035256562
2023-12-06,1.855038659580503
2023-12-07,1.8540608377941048
2023-12-08,1.8561779203928135
2023-12-11,1.860968692583924
2023-12-12,1.8598227075377614
2023-12-13,1.8601134599953328
2023-12-14,1.8576977255693012
2023-12-15,1.8620665765886066
2023-12-18,1.8616048130164027
2023-12-19,1.86190989531171
2023-12-20,1.8633563250815732
2023-12-21,1.8656176986649788
2023-12-22,1.86852604399921
2023-12-25,1.870838421526638
2023-12-26,1.872766885200598
2023-12-27,1.8759606376932532
2023-12-28,1.877255022380841
2023-12-29,1.8754337806220205
2024-01-02,1.8777479326025124
2024-01-03,1.8738058203889323
2024-01-04,1.8735370337600599
2024-01-05,1.8755345940416916
2024-01-08,1.871156942973902
2024-01-09,1.8727750240424392
2024-01-10,1.86940986542078
2024-01-11,1.8699253204593824
2024-01-12,1.8687445055391614
2024-01-15,1.8710461474075932
2024-01-16,1.8718386377759075
2024-01-17,1.869026519307252
2024-01-18,1.8668032575318263
2024-01-19,1.868574206500258
2024-01-22,1.8665406107306903
2024-01-23,1.8667570458686722
2024-01-24,1.8706576834522004
2024-01-25,1.8742123363911627
2024-01-26,1.8791370481639293
2024-01-29,1.881080387942096
2024-01-30,1.8826825257139796
2024-01-31,1.8844403235805236
2024-02-01,1.8795798448435572
2024-02-02,1.8786352041997556
2024-02-05,1.878089394416564
2024-02-06,1.8748117921051937
2024-02-07,1.8791932200568136
2024-02-08,1.8789547235827713
2024-02-19,1.884028904435376
2024-02-20,1.8871271154842109
2024-02-21,1.887472033318767
2024-02-22,1.8924155343663664
2024-02-23,1.8925978070301237
2024-02-26,1.8867156701061067
2024-02-27,1.8879397357881256
2024-02-28,1.8887292745235615
2024-02-29,1.8910130799980573
2024-03-01,1.8866041588466649
2024-03-04,1.8960284944045052
2024-03-05,1.8989186611724915
2024-03-06,1.9033883964059721
2024-03-07,1.9085425394273317
2024-03-08,1.9140888641043046
2024-03-11,1.9108522295527992
2024-03-12,1.9078289194420428
2024-03-13,1.909764737876158
2024-03-14,1.9145251493918325
2024-03-15,1.9256486759438483
2024-03-18,1.9204384090590716
2024-03-19,1.9234868706476898
2024-03-20,1.9244096199957788
2024-03-21,1.938200835042621
2024-03-22,1.9267203301771563
2024-03-25,1.9261789157899387
2024-03-26,1.9266867215383174
2024-03-27,1.927029550227861
2024-03-28,1.9311098148850285
2024-03-29,1.94589467351971
2024-04-01,1.9499352748755527
2024-04-02,1.953248368999099
2024-04-03,1.9628261485578333
2024-04-08,1.9789543522220925
2024-04-09,1.9819697248814039
2024-04-10,1.986255111272587
2024-04-11,1.983424279067334
2024-04-12,1.9994598544524103
2024-04-15,1.9995926359058016
2024-04-16,1.9971035478039738
2024-04-17,1.999016779681211
2024-04-18,2.001712384152933
2024-04-19,2.0054274427443457
2024-04-22,1.998206247924953
2024-04-23,1.9877402684089187
2024-04-24,1.9905457220888456
2024-04-25,1.9925464666711743
2024-04-26,1.9938131326522595
2024-04-29,1.9867159901863518
2024-04-30,1.9943796293484035
2024-05-06,1.9940227877013565
2024-05-07,1.9999342676143501
2024-05-08,1.9965190767165306
2024-05-09,1.9961223509220436
2024-05-10,2.004074390148207
2024-05-13,2.0049447799275124
2024-05-14,2.004904084060904
2024-05-15,2.0056340399644803
2024-05-16,2.0089886424938386
2024-05-17,2.017976806733321
2024-05-20,2.0323835006198534
2024-05-21,2.0300868401740475
2024-05-22,2.034054593630461
2024-05-23,2.0164371453965253
2024-05-24,2.0144915201094453
2024-05-27,2.018062226875676
2024-05-28,2.0209154398059455
2024-05-29,2.022655603321575
2024-05-30,2.0158329952892613
2024-05-31,2.0132122112255346
2024-06-03,1.9836004042408248
2024-06-04,1.9861513555615178
2024-06-05,1.9840223753782091
2024-06-06,1.9875800847361282
2024-06-07,1.9884927822397631
2024-06-11,1.9530108023429995
2024-06-12,1.9517620902330748
2024-06-13,1.946216769098183
2024-06-14,1.9484694574727637
2024-06-17,1.940676840509585
2024-06-18,1.9406983237220008
2024-06-19,1.9450420928869758
2024-06-20,1.9470175332206616
2024-06-21,1.9446641342766886
2024-06-24,1.9456843832604476
2024-06-25,1.9494530422502008
2024-06-26,1.9482268805553633
2024-06-27,1.9504042841957598
2024-06-28,1.9538104225772264
2024-07-01,1.9480035330714804
2024-07-02,1.9538554018987604
2024-07-03,1.959856448887254
2024-07-04,1.9548570994261154
2024-07-05,1.9517851591011308
2024-07-08,1.9461243946249227
2024-07-09,1.9471187601077775
2024-07-10,1.945451771418698
2024-07-11,1.948809174505978
2024-07-12,1.9513139008075562
2024-07-15,1.9520916256364358
2024-07-16,1.9538033717343248
2024-07-17,1.9557450267231076
2024-07-18,1.955963543140679
2024-07-19,1.951711808263391
2024-07-22,1.9532349800589734
2024-07-23,1.9542490576666254
2024-07-24,1.9553538169675109
2024-07-25,1.9508830017416372
2024-07-26,1.9529119403394137
2024-07-29,1.9545742338205592
2024-07-30,1.955032594017566
2024-07-31,1.9588392570191584
2024-08-01,1.9626421605056084
2024-08-02,1.9642695138529913
2024-08-05,1.9652388321777767
2024-08-06,1.9600218778358147
2024-08-07,1.9640554326596424
2024-08-08,1.9585394954928474
2024-08-09,1.9555993834972847
2024-08-12,1.9463233510273141
2024-08-13,1.951566098662676
2024-08-14,1.9538036319545262
2024-08-15,1.951057851217771
2024-08-16,1.953902461743461
2024-08-19,1.9580363345789038
2024-08-20,1.9585666200265257
2024-08-21,1.9547920125541134
2024-08-22,1.9599050859289706
2024-08-23,1.9607774273478833
2024-08-26,1.963245286749811
2024-08-27,1.9590204102506203
2024-08-28,1.9610196251595673
2024-08-29,1.957434019625857
2024-08-30,1.9559089344717349
2024-09-02,1.9554571911673855
2024-09-03,1.956001786338579
2024-09-04,1.9542214976719672
2024-09-05,1.9529497813952499
2024-09-06,1.956594740408082
2024-09-09,1.9559447421267036
2024-09-10,1.9620200839961537
2024-09-11,1.9650874003892895
2024-09-12,1.9663799155987849
2024-09-13,1.9722748990211472
2024-09-18,1.9761649806244894
2024-09-19,1.9742850039032476
2024-09-20,1.9787144715197358
2024-09-23,1.9759169916454573
2024-09-24,1.9762710137851829
2024-09-25,1.985265148997522
2024-09-26,2.021459386786078
2024-09-27,2.062216549796779
2024-09-30,2.1379636669727264
2024-10-08,2.1481391702306243
2024-10-09,2.0738514658672935
2024-10-10,2.081915916102148
2024-10-11,2.0634085523629
2024-10-14,2.0800758562837847
2024-10-15,2.0578022190596226
2024-10-16,2.060641343759036
2024-10-17,2.051096221455741
2024-10-18,2.0778329649381426
2024-10-21,2.0876976981701927
2024-10-22,2.0828178089817904
2024-10-23,2.0817102290968985
2024-10-24,2.0800812500853705
2024-10-25,2.0654057610149277
2024-10-28,2.0685218682905004
2024-10-29,2.0611997566106095
2024-10-30,2.0714771293554097
2024-10-31,2.065927136868728
2024-11-01,2.068338994077018
2024-11-04,2.0721614029221267
2024-11-05,2.0812298215170872
2024-11-06,2.0674232655618816
2024-11-07,2.078230022596762
2024-11-08,2.0855737097150198
2024-11-11,2.070821458839891
2024-11-12,2.0415532485270123
2024-11-13,2.039391662501526
2024-11-14,2.0159694608057186
2024-11-15,2.0153895325947944
2024-11-18,2.0126883282928447
2024-11-19,2.019572390893221
2024-11-20,2.0183937583675253
2024-11-21,2.0225533971746947
2024-11-22,2.0225303548021487
2024-11-25,2.0219092939666625
2024-11-26,2.0178703698207503
2024-11-27,2.019525119923485
2024-11-28,2.0202525659874504
2024-11-29,2.0196559217280496
2024-12-02,2.027379793179012
2024-12-03,2.0238230681131775
2024-12-04,2.030704768674089
2024-12-05,2.028169992707894
2024-12-06,2.029861284178133
2024-12-09,2.0300846377291824
2024-12-10,2.0416472385744853
2024-12-11,2.041873206742757
2024-12-12,2.046468273740955
2024-12-13,2.048019642199004
2024-12-16,2.0553955825641634
2024-12-17,2.052961858371458
2024-12-18,2.0501380710781563
2024-12-19,2.049055389300437
2024-12-20,2.053458845247334
2024-12-23,2.052908332963863
2024-12-24,2.051897662657555
2024-12-25,2.0532464335760117
2024-12-26,2.0516064234524642
2024-12-27,2.056697598994882
2024-12-30,2.054917154588431
2024-12-31,2.05930397955713
2025-01-02,2.061815479392639
2025-01-03,2.0675756866373374
2025-01-06,2.0680251163166568
2025-01-07,2.0654996934538414
2025-01-08,2.068979022561273
2025-01-09,2.069043880915482
2025-01-10,2.070351062932807
2025-01-13,2.080734506989079
2025-01-14,2.0793105511465027
2025-01-15,2.086650722742774
2025-01-16,2.0927433294531683
2025-01-17,2.0904350078268386
2025-01-20,2.0858503769696926
2025-01-21,2.0903422246204886
2025-01-22,2.088710464866721
2025-01-23,2.08307110270217
2025-01-24,2.082685748975864
2025-01-27,2.0820147484048914
2025-02-05,2.0989776313011927
2025-02-06,2.099437689844577
2025-02-07,2.103300636631809
2025-02-10,2.10614135706229
2025-02-11,2.1073126712743244
2025-02-12,2.1100659831906436
2025-02-13,2.1038049106382215
2025-02-14,2.112164566338123
2025-02-17,2.1037122188365904
2025-02-18,2.0979916090249304
2025-02-19,2.112155880167721
2025-02-20,2.1112872722739096
2025-02-21,2.1146476600379525
2025-02-24,2.1018244149190717
2025-02-25,2.094149455727654
2025-02-26,2.090100154764222
2025-02-27,2.0941462649170464
2025-02-28,2.077006566967792
2025-03-03,2.083596144682234
2025-03-04,2.084744133821413
2025-03-05,2.086192931202726
2025-03-06,2.1031152505585395
2025-03-07,2.0990297359605163
2025-03-10,2.1016228646991966
2025-03-11,2.0939787463656834
2025-03-12,2.104126551618902
2025-03-13,2.103068042357044
2025-03-14,2.132152911073638
2025-03-17,2.1305209747064184
2025-03-18,2.130833118760566
2025-03-19,2.138480805808036
2025-03-20,2.1403125905804576
2025-03-21,2.11998291176688
2025-03-24,2.129175375681732
2025-03-25,2.130806216492998
2025-03-26,2.1317406821679064
2025-03-27,2.1333312018300274
2025-03-28,2.1294496172536257
2025-03-31,2.133429673249745
2025-04-01,2.1400523149120643
2025-04-02,2.1364737734252897
2025-04-03,2.137688215420354
2025-04-07,2.096505437517859
2025-04-08,2.091550907666578
2025-04-09,2.0917440562930976
2025-04-10,2.094134633285401
2025-04-11,2.097385814129301
2025-04-14,2.1035954798562457
2025-04-15,2.101317955346475
2025-04-16,2.1114677217414757
2025-04-17,2.1121503492579747
2025-04-18,2.1135232379190483
2025-04-21,2.1157916397894767
2025-04-22,2.128480946819979
2025-04-23,2.108089789447623
2025-04-24,2.1098186492220132
2025-04-25,2.1074787674928896
2025-04-28,2.104130246248479
2025-04-29,2.109151296629737
2025-04-30,2.103119197004934
2025-05-06,2.108028899948483
2025-05-07,2.108034908763811
2025-05-08,2.109226025764673
2025-05-09,2.1100631716811757
2025-05-12,2.0980744560192823
2025-05-13,2.10185630323798
2025-05-14,2.0991042368958523
2025-05-15,2.0927635444866985
2025-05-16,2.0889522342858173
2025-05-19,2.0924500492563975
2025-05-20,2.096429151741778
2025-05-21,2.10318553056444
2025-05-22,2.1013886971756306
2025-05-23,2.090936265812705
2025-05-26,2.0917999737570465
2025-05-27,2.0856098992309797
2025-05-28,2.084646686260343
2025-05-29,2.0978342880864798
2025-05-30,2.0857545059738545
2025-06-03,2.0870237138562477
2025-06-04,2.1008307981702132
2025-06-05,2.096933172384142
2025-06-06,2.1035703714789658
2025-06-09,2.1038753501248406
2025-06-10,2.0983884199801675
2025-06-11,2.106575397523989
2025-06-12,2.1081083633909867
2025-06-13,2.106879460594987
2025-06-16,2.1125829236830427
2025-06-17,2.1124775323718827
2025-06-18,2.124892971963793
2025-06-19,2.122979005656285
2025-06-20,2.119891517494222
2025-06-23,2.124634526819489
2025-06-24,2.1167851246392706
2025-06-25,2.125947719337285
2025-06-26,2.1214038082939473
2025-06-27,2.120188578133004
2025-06-30,2.1228325074221517
2025-07-01,2.1280608201225246
2025-07-02,2.1284937368806602
2025-07-03,2.1330436060518507
2025-07-04,2.133217159685813
2025-07-07,2.128708104643926
2025-07-08,2.1378717110940704
2025-07-09,2.136160831507844
2025-07-10,2.140236985501506
2025-07-11,2.142131658927507
2025-07-14,2.14153593356541
2025-07-15,2.139657040553487
2025-07-16,2.1378521168758238
2025-07-17,2.147209082418634
2025-07-18,2.153089362219499
2025-07-21,2.165834928071174
2025-07-22,2.175821591716102
2025-07-23,2.1761054557742856
2025-07-24,2.174055080936839
2025-07-25,2.169883165560575
2025-07-28,2.1597227287742924
2025-07-29,2.1607599810423825
2025-07-30,2.1643272858722664
2025-07-31,2.13973170219621
2025-08-01,2.1365855476268183
2025-08-04,2.1414240506304734
2025-08-05,2.1488522764911018
2025-08-06,2.153376837352685
2025-08-07,2.1543505031815147
2025-08-08,2.152617711177445
2025-08-11,2.151131984773685
2025-08-12,2.159153231733511
2025-08-13,2.1748606380052626
2025-08-14,2.1662658446899283
2025-08-15,2.1752024450170406
2025-08-18,2.1786427447752508
2025-08-19,2.1738856628482055
2025-08-20,2.1816410695194866
2025-08-21,2.179509367579173
2025-08-22,2.1891972832159636
2025-08-25,2.2125119987607413
2025-08-26,2.202412199082639
2025-08-27,2.1861400565491125
2025-08-28,2.194474404996171
2025-08-29,2.201827534617823
2025-09-01,2.208982836164503
2025-09-02,2.202867725578294
2025-09-03,2.2132212347058324
2025-09-04,2.1944207782703087
2025-09-05,2.2107020646945355
2025-09-08,2.213824584815407
2025-09-09,2.214384411585247
2025-09-10,2.2136734093122583
2025-09-11,2.2412619755089858
2025-09-12,2.245342806932966
2025-09-15,2.2358687583860024
2025-09-16,2.2411992034132546
2025-09-17,2.2410136460953467
2025-09-18,2.215975720741248
2025-09-19,2.222093187157665
2025-09-22,2.2342409951944107
2025-09-23,2.2330989918227635
2025-09-24,2.2497571973599912
2025-09-25,2.2756471620683483
2025-09-26,2.265180557357182
2025-09-29,2.285070980414383
2025-09-30,2.290471628169775
2025-10-09,2.3581289409389483
2025-10-10,2.3369347438799983
2025-10-13,2.336335517604559
2025-10-14,2.324894344310718
2025-10-15,2.3430451297570927
2025-10-16,2.342124131369764
2025-10-17,2.333806972688303
2025-10-20,2.333001538795615
2025-10-21,2.3499886864256707
2025-10-22,2.3414888946291006
2025-10-23,2.3448966431464906
2025-10-24,2.3588224540697835
2025-10-27,2.3737912108850763
2025-10-28,2.363607674042339
2025-10-29,2.3806690487483864
2025-10-30,2.3719785909516715
2025-10-31,2.364549584764909
2025-11-03,2.369010134941667
2025-11-04,2.355735136786497
2025-11-05,2.3555913175427468
2025-11-06,2.366769703941394
2025-11-07,2.3638932618052495
2025-11-10,2.3710289001852227
2025-11-11,2.366473839161056
2025-11-12,2.370859505076995
2025-11-13,2.380968841076142
2025-11-14,2.3690384913525313
2025-11-17,2.361215794461491
2025-11-18,2.3519754669950577
2025-11-19,2.354355808817664
2025-11-20,2.352625565932829
2025-11-21,2.3353876026518696
2025-11-24,2.338511897236731
2025-11-25,2.343712055995556
2025-11-26,2.3406474346096737
2025-11-27,2.3437868645933393
2025-11-28,2.355340209234429
2025-12-01,2.3771304813075327
2025-12-02,2.372902190083581
2025-12-03,2.370561865522467
2025-12-04,2.3700588701980014
2025-12-05,2.384989486963872
2025-12-08,2.384887225890708
2025-12-09,2.3515460809142157
2025-12-10,2.358901796483573
2025-12-11,2.358855290063036
2025-12-12,2.3778986285281505
2025-12-15,2.3679050051313184
2025-12-16,2.3500340870166365
2025-12-17,2.3686418096252497
2025-12-18,2.374088476289589
2025-12-19,2.4005166373364477
2025-12-22,2.4382009677701113
2025-12-23,2.44691260882012
2025-12-24,2.466733344317422
2025-12-25,2.472895392920847
2025-12-26,2.5079849135777756
2025-12-29,2.4953081895812095
2025-12-30,2.483906077654074
2025-12-31,2.487760551281132
2026-01-05,2.540116445686818
2026-01-06,2.6020516146319568
2026-01-07,2.5911443584850327
2026-01-08,2.558415083627803
2026-01-09,2.5898424482888878
2026-01-12,2.628463624887538
2026-01-13,2.6101176966060895
2026-01-14,2.6254139062517683
2026-01-15,2.608466697516505
2026-01-16,2.600551928873256
2026-01-19,2.6075861700448515
2026-01-20,2.6096595696728766
2026-01-21,2.6225113100861237
2026-01-22,2.624858615338417
2026-01-23,2.643092142330097
2026-01-26,2.6396972878425804
2026-01-27,2.639082759927208
2026-01-28,2.6600552394742394
2026-01-29,2.6750561759856017
2026-01-30,2.642373681480022
2026-02-02,2.5884891976367257
2026-02-03,2.619764159260363
2026-02-04,2.628906727605838
2026-02-05,2.613485707172356
2026-02-06,2.6115473726113816
2026-02-09,2.6305766034238007
2026-02-10,2.632005954176557
2026-02-11,2.635325705871404
2026-02-12,2.6401641783503944
2026-02-13,2.6190408546895103
2026-02-24,2.635916811121691
2026-02-25,2.6486306590140405
2026-02-26,2.6446952023478816
2026-02-27,2.650676904037689
2026-03-02,2.6623703056295103
2026-03-03,2.652187232883128
2026-03-04,2.6523839563849054
2026-03-05,2.6608530182892984
2026-03-06,2.6726480141301616
2026-03-09,2.683391852368072
2026-03-10,2.6795574311530514
2026-03-11,2.69279531455363
2026-03-12,2.7114890216309075
2026-03-13,2.7082883344181763
2026-03-16,2.6978830185555265
2026-03-17,2.6828884454133046
2026-03-18,2.6682052387296467
2026-03-19,2.6681980700539825
2026-03-20,2.658961056630271
2026-03-23,2.6400825648337967
2026-03-24,2.5502143846789918
2026-03-25,2.5489842136529344
2026-03-26,2.5566954068910936
2026-03-27,2.564597068482853
2026-03-30,2.5811172083853275
2026-03-31,2.5671822300113947
2026-04-01,2.5277294971273796
2026-04-02,2.5578493164144165
2026-04-03,2.548113287187963
2026-04-07,2.5405332996760124
2026-04-08,2.52993833715056
2026-04-09,2.52977768782437
2026-04-10,2.5272728213444124
2026-04-13,2.5305511086152817
2026-04-14,2.5447617849321897
2026-04-15,2.5417246528393505
2026-04-16,2.550931126738293
2026-04-17,2.5517502502008367
2026-04-20,2.5540805384809073
2026-04-21,2.5545587852909586
2026-04-22,2.562367296672199
2026-04-23,2.5595067483654677
2026-04-24,2.555930771067655
2026-04-27,2.5541898824350975
2026-04-28,2.549697179124912
2026-04-29,2.5622350825132516
2026-04-30,2.561044979859289
2026-05-06,2.578424554152118
2026-05-07,2.5826612593708127
2026-05-08,2.5811813691630268
2026-05-11,2.593911611048466
2026-05-12,2.5938619299867316
2026-05-13,2.608974863888072
2026-05-14,2.588168288465497
2026-05-15,2.572629992469061
2026-05-18,2.574337732893096
2026-05-19,2.577958749882057
2026-05-20,2.5765427302333777
2026-05-21,2.5646332905455154
2026-05-22,2.5694880357531478
2026-05-25,2.575425477881377
2026-05-26,2.576367782128397
2026-05-27,2.5738259000502204
2026-05-28,2.575656599676294
2026-05-29,2.5725533395288402
2026-06-01,2.5704258840083445
2026-06-02,2.576368226852711
2026-06-03,2.577092722449501
2026-06-04,2.573488861098206
2026-06-05,2.5681697823413248
2026-06-08,2.560925601849145
2026-06-09,2.5610102347698915
2026-06-10,2.555207875666362
2026-06-11,2.5513748610277496
2026-06-12,2.5583654385850663
2026-06-15,2.5666956248432773
2026-06-16,2.5693892172196917
2026-06-17,2.578528353484496
2026-06-18,2.5821548074181857
2026-06-22,2.5895282426130843
2026-06-23,2.572006151325605
2026-06-24,2.580303722674679
2026-06-25,2.593509467052989
2026-06-26,2.5738742755647697
2026-06-29,2.5845769731534767
2026-06-30,2.597828334055149
2026-07-01,2.589306181393445
2026-07-02,2.570517607027706
2026-07-03,2.574494114564714
2026-07-06,2.575117787197436
2026-07-07,2.5688094185864285
2026-07-08,2.5662424437162157
2026-07-09,2.5794924990974577
2026-07-10,2.5703682048053724
2026-07-13,2.55518401024582
2026-07-14,2.560325366359471
2026-07-15,2.570369498038686
2026-07-16,2.5599923463550947
2026-07-17,2.5316814680547983
2026-07-20,2.5765631914773417
2026-07-21,2.591733545486211
2026-07-22,2.5901717982865557
2026-07-23,2.591795375630053
2026-07-24,2.5904601737922492
2026-07-27,2.5880618237532915
2026-07-28,2.573675478728969
2026-07-29,2.5785176979846343
2026-07-30,2.5797470771652575
2026-07-31,2.580350847035975
2026-08-03,2.57765269354585
2026-08-04,2.5810114753710454
2026-08-05,2.579862081672977
2026-08-06,2.581178218559727
2026-08-07,2.593024827599672
2026-08-10,2.5938186949598774
2026-08-11,2.594345342157376
2026-08-12,2.5971665308311196
2026-08-13,2.59364272054014
2026-08-14,2.594174122500643
2026-08-17,2.608375673295362
2026-08-18,2.6099920829787457
2026-08-19,2.5949232172253316
2026-08-20,2.5988002702791837
2026-08-21,2.5990367609240104
2026-08-24,2.5980265543586594
2026-08-25,2.597812917341218
2026-08-26,2.60067330787436
2026-08-27,2.6072152795463928
