date,策略名称,周期划分,资产池,入选资产数,沪深300主连,10年国债主连,沪金主连,豆粕主连,中证1000主连,中证500主连,30年国债主连,红利低波ETF,沪铜主连,沪铝主连,PTA主连,原油主连,资金占用比例
2015-01-05,货币信用周期策略,宽货币紧信用,10年国债主连、30年国债主连、PTA主连、中证1000主连、原油主连、沪金主连、沪铜主连、沪铝主连、红利低波ETF、豆粕主连,5,0.0,0.0,0.2052186249836753,0.19888784464082257,0.0,0.0,0.0,0.0,0.19893394313642374,0.272351335504763,0.12460825173431543,0.0,0.17990568217615954
2015-02-02,货币信用周期策略,宽货币紧信用,10年国债主连、30年国债主连、PTA主连、中证1000主连、原油主连、沪金主连、沪铜主连、沪铝主连、红利低波ETF、豆粕主连,5,0.0,0.0,0.2655713156644842,0.18343513535137346,0.0,0.0,0.0,0.0,0.12943623047257444,0.2960923729248421,0.12546494558672572,0.0,0.18762015327506415
2015-03-02,货币信用周期策略,宽货币紧信用,10年国债主连、30年国债主连、PTA主连、中证1000主连、原油主连、沪金主连、沪铜主连、沪铝主连、红利低波ETF、豆粕主连,5,0.0,0.0,0.22739339049105314,0.21399270268244563,0.0,0.0,0.0,0.0,0.14354285304573625,0.2808941492186904,0.1341769045620748,0.0,0.1822091948240738
2015-04-01,货币信用周期策略,宽货币紧信用,10年国债主连、30年国债主连、PTA主连、中证1000主连、原油主连、沪金主连、沪铜主连、沪铝主连、红利低波ETF、豆粕主连,6,0.0,0.4413041698708821,0.10335362520455951,0.10196077615474938,0.0,0.0,0.0,0.0,0.0861800799371919,0.20845878932393705,0.05874255950867998,0.0,0.11035497440242237
2015-05-04,货币信用周期策略,宽货币紧信用,10年国债主连、30年国债主连、PTA主连、中证1000主连、原油主连、沪金主连、沪铜主连、沪铝主连、红利低波ETF、豆粕主连,6,0.0,0.4321291144704268,0.10091529182253806,0.10625717043216244,0.0,0.0,0.0,0.0,0.09623576637760176,0.1954912186246797,0.0689714382725913,0.0,0.11127440383495801
2015-06-01,货币信用周期策略,宽货币紧信用,10年国债主连、30年国债主连、PTA主连、中证1000主连、原油主连、沪金主连、沪铜主连、沪铝主连、红利低波ETF、豆粕主连,6,0.0,0.36902095857299694,0.12956845444850293,0.09609132754772602,0.0,0.0,0.0,0.0,0.11872848352826504,0.21844295781193035,0.0681478180905786,0.0,0.12352912348093975
2015-07-01,货币信用周期策略,宽货币宽信用,10年国债主连、30年国债主连、中证1000主连、中证500主连、沪深300主连、沪金主连、沪铜主连、沪铝主连、红利低波ETF、豆粕主连,7,0.035277132792125784,0.3366467814284538,0.1696208796066924,0.10284256089722024,0.0,0.03145972336058143,0.0,0.0,0.1176357736081773,0.20651714830674922,0.0,0.0,0.1304871761099911
2015-08-03,货币信用周期策略,宽货币宽信用,10年国债主连、30年国债主连、中证1000主连、中证500主连、沪深300主连、沪金主连、沪铜主连、沪铝主连、红利低波ETF、豆粕主连,7,0.029051158161321717,0.5036796934232305,0.13065255968239817,0.09748130832317967,0.0,0.024431591699497324,0.0,0.0,0.07476286149767553,0.139940827212697,0.0,0.0,0.10368745430283988
2015-09-01,货币信用周期策略,宽货币宽信用,10年国债主连、30年国债主连、中证1000主连、中证500主连、沪深300主连、沪金主连、沪铜主连、沪铝主连、红利低波ETF、豆粕主连,7,0.021432476736748897,0.5405334147251015,0.13561828951807467,0.0841887710666086,0.0,0.01720687833602993,0.0,0.0,0.07707576298220381,0.12394440663523262,0.0,0.0,0.10000373352082643
2015-10-08,货币信用周期策略,宽货币宽信用,10年国债主连、30年国债主连、中证1000主连、中证500主连、沪深300主连、沪金主连、沪铜主连、沪铝主连、红利低波ETF、豆粕主连,7,0.023018752719142343,0.5692950009985052,0.11656261973630495,0.087773565465437,0.0,0.017478658064970894,0.0,0.0,0.06681487367806901,0.11905652933757067,0.0,0.0,0.09368953405391303
2015-11-02,货币信用周期策略,宽货币宽信用,10年国债主连、30年国债主连、中证1000主连、中证500主连、沪深300主连、沪金主连、沪铜主连、沪铝主连、红利低波ETF、豆粕主连,7,0.035612241162223744,0.4768724879939249,0.15593266206434264,0.11402386502219185,0.0,0.026390486764286132,0.0,0.0,0.09288359779280925,0.09828465920022156,0.0,0.0,0.10967336305934532
2015-12-01,货币信用周期策略,宽货币宽信用,10年国债主连、30年国债主连、中证1000主连、中证500主连、沪深300主连、沪金主连、沪铜主连、沪铝主连、红利低波ETF、豆粕主连,7,0.05106973126305098,0.48300324113068055,0.12847326348347018,0.11894690716296694,0.0,0.03912654731664029,0.0,0.0,0.07473529271093858,0.1046450169322525,0.0,0.0,0.10483902127889172
2016-01-04,货币信用周期策略,宽货币宽信用,10年国债主连、30年国债主连、中证1000主连、中证500主连、沪深300主连、沪金主连、沪铜主连、沪铝主连、红利低波ETF、豆粕主连,7,0.0472498619617571,0.5256621976083956,0.12412530890255746,0.10085427238358315,0.0,0.0392566954213357,0.0,0.0,0.07173050868271709,0.09112115503965366,0.0,0.0,0.0991748810720041
2016-02-01,货币信用周期策略,宽货币宽信用,10年国债主连、30年国债主连、中证1000主连、中证500主连、沪深300主连、沪金主连、沪铜主连、沪铝主连、红利低波ETF、豆粕主连,7,0.0342369199768336,0.5042729698565724,0.161729001553033,0.10087129378911205,0.0,0.02802200182713557,0.0,0.0,0.07604915233226095,0.09481866066505226,0.0,0.0,0.10705931200597392
2016-03-01,货币信用周期策略,宽货币宽信用,10年国债主连、30年国债主连、中证1000主连、中证500主连、沪深300主连、沪金主连、沪铜主连、沪铝主连、红利低波ETF、豆粕主连,7,0.03276101694878593,0.4913877576344635,0.15917222876242618,0.09315769982182227,0.0,0.02495425657542081,0.0,0.0,0.08708563180086222,0.11148140845621914,0.0,0.0,0.10881428370569979
2016-04-01,货币信用周期策略,宽货币宽信用,10年国债主连、30年国债主连、中证1000主连、中证500主连、沪深300主连、沪金主连、沪铜主连、沪铝主连、红利低波ETF、豆粕主连,7,0.03914359380428058,0.518461825527712,0.10399314530400056,0.09757455609088093,0.0,0.029583145884766605,0.0,0.0,0.08359458635656596,0.12764914703179336,0.0,0.0,0.09818505951373158
2016-05-03,货币信用周期策略,宽货币宽信用,10年国债主连、30年国债主连、中证1000主连、中证500主连、沪深300主连、沪金主连、沪铜主连、沪铝主连、红利低波ETF、豆粕主连,7,0.049337584273280784,0.5045797649275512,0.11539846971599274,0.09203775470057052,0.0,0.03493931118366378,0.0,0.0,0.0875614109312821,0.11614570426765908,0.0,0.0,0.10128287755054374
2016-06-01,货币信用周期策略,宽货币宽信用,10年国债主连、30年国债主连、中证1000主连、中证500主连、沪深300主连、沪金主连、沪铜主连、沪铝主连、红利低波ETF、豆粕主连,7,0.05610451498902873,0.5806734881436837,0.10556438230656594,0.06945326028305629,0.0,0.03638690363839762,0.0,0.0,0.0750777738044231,0.0767396768348445,0.0,0.0,0.09034337879635038
2016-07-01,货币信用周期策略,宽货币宽信用,10年国债主连、30年国债主连、中证1000主连、中证500主连、沪深300主连、沪金主连、沪铜主连、沪铝主连、红利低波ETF、豆粕主连,7,0.052239369084801014,0.597050832849386,0.1021476372576874,0.06095243245158729,0.0,0.03754580469830163,0.0,0.0,0.07640278946650231,0.07366113419173438,0.0,0.0,0.08803157758704572
2016-08-01,货币信用周期策略,宽货币宽信用,10年国债主连、30年国债主连、中证1000主连、中证500主连、沪深300主连、沪金主连、沪铜主连、沪铝主连、红利低波ETF、豆粕主连,7,0.058676146569994064,0.6151959476738181,0.10848782095202805,0.03936314222927895,0.0,0.041927799609179965,0.0,0.0,0.06750593366513383,0.06884320930056721,0.0,0.0,0.08677411238781611
2016-09-01,货币信用周期策略,宽货币宽信用,10年国债主连、30年国债主连、中证1000主连、中证500主连、沪深300主连、沪金主连、沪铜主连、沪铝主连、红利低波ETF、豆粕主连,7,0.08043162217579733,0.5514816449962477,0.10756079386038289,0.05179137282441002,0.0,0.057080285118436186,0.0,0.0,0.08072742028929358,0.07092686073543211,0.0,0.0,0.0941532938581355
2016-10-10,货币信用周期策略,宽货币宽信用,10年国债主连、30年国债主连、中证1000主连、中证500主连、沪深300主连、沪金主连、沪铜主连、沪铝主连、红利低波ETF、豆粕主连,7,0.06553381311395033,0.5690734227447424,0.11072542363216784,0.05341925039635182,0.0,0.05032990926044194,0.0,0.0,0.08242092817054844,0.06849725268179725,0.0,0.0,0.09254228680594152
2016-11-01,货币信用周期策略,宽货币宽信用,10年国债主连、30年国债主连、中证1000主连、中证500主连、沪深300主连、沪金主连、沪铜主连、沪铝主连、红利低波ETF、豆粕主连,7,0.08393676335166601,0.5166555592050922,0.0961995624567991,0.056669861922816395,0.0,0.06689734403358306,0.0,0.0,0.09723718437321074,0.08240372465683239,0.0,0.0,0.09707866899673896
2016-12-01,货币信用周期策略,宽货币宽信用,10年国债主连、30年国债主连、中证1000主连、中证500主连、沪深300主连、沪金主连、沪铜主连、沪铝主连、红利低波ETF、豆粕主连,7,0.18033010870196456,0.421695065368738,0.10204432416011672,0.0658502066265754,0.0,0.12580861359738973,0.0,0.0,0.04954769580601724,0.05472398573919832,0.0,0.0,0.10721820442965004
2017-01-03,货币信用周期策略,紧货币宽信用,沪深300主连、10年国债主连、沪金主连、豆粕主连、中证1000主连、中证500主连、30年国债主连、红利低波ETF、沪铜主连、沪铝主连、PTA主连、原油主连,8,0.13811666483089985,0.24136371852195432,0.1538547917356099,0.08553661957040798,0.0,0.12772411108702972,0.0,0.0,0.07200957746672233,0.09218815135660705,0.0892063654307688,0.0,0.13888762255664622
2017-02-03,货币信用周期策略,紧货币紧信用,10年国债主连、原油主连、沪深300主连、沪铜主连、红利低波ETF、豆粕主连,4,0.28892894471837677,0.3974038314646311,0.0,0.17154339682501626,0.0,0.0,0.0,0.0,0.1421238269919759,0.0,0.0,0.0,0.09542560195315679
2017-03-01,货币信用周期策略,紧货币紧信用,10年国债主连、原油主连、沪深300主连、沪铜主连、红利低波ETF、豆粕主连,4,0.2967902613437724,0.40905222378043127,0.0,0.16621280609575217,0.0,0.0,0.0,0.0,0.12794470878004416,0.0,0.0,0.0,0.09385576037989377
2017-04-05,货币信用周期策略,紧货币紧信用,10年国债主连、原油主连、沪深300主连、沪铜主连、红利低波ETF、豆粕主连,4,0.2599101448123389,0.4618588685679601,0.0,0.15487623868686967,0.0,0.0,0.0,0.0,0.12335474793283138,0.0,0.0,0.0,0.08780456268647253
2017-05-02,货币信用周期策略,紧货币紧信用,10年国债主连、原油主连、沪深300主连、沪铜主连、红利低波ETF、豆粕主连,4,0.25981767710404374,0.43732956370014103,0.0,0.16853265826594443,0.0,0.0,0.0,0.0,0.13432010092987068,0.0,0.0,0.0,0.09070817561042174
2017-06-01,货币信用周期策略,紧货币紧信用,10年国债主连、原油主连、沪深300主连、沪铜主连、红利低波ETF、豆粕主连,4,0.29458822456846845,0.45158533316131505,0.0,0.12794998479879244,0.0,0.0,0.0,0.0,0.12587645747142404,0.0,0.0,0.0,0.08930571598788933
2017-07-03,货币信用周期策略,紧货币紧信用,10年国债主连、原油主连、沪深300主连、沪铜主连、红利低波ETF、豆粕主连,4,0.2690831534844471,0.45943479960332545,0.0,0.1335988486322134,0.0,0.0,0.0,0.0,0.13788319828001402,0.0,0.0,0.0,0.08858667352489573
2017-08-01,货币信用周期策略,紧货币紧信用,10年国债主连、原油主连、沪深300主连、沪铜主连、红利低波ETF、豆粕主连,4,0.22698305665792373,0.488592792605613,0.0,0.11357528911060583,0.0,0.0,0.0,0.0,0.17084886162585727,0.0,0.0,0.0,0.08609305319176558
2017-09-01,货币信用周期策略,紧货币紧信用,10年国债主连、原油主连、沪深300主连、沪铜主连、红利低波ETF、豆粕主连,4,0.16359296557706357,0.6155518055982095,0.0,0.08579836493437835,0.0,0.0,0.0,0.0,0.13505686389034852,0.0,0.0,0.0,0.0710546959846691
2017-10-09,货币信用周期策略,紧货币紧信用,10年国债主连、原油主连、沪深300主连、沪铜主连、红利低波ETF、豆粕主连,4,0.17906093059016137,0.6230936345869634,0.0,0.09403704284152672,0.0,0.0,0.0,0.0,0.10380839198134831,0.0,0.0,0.0,0.06948002943371089
2017-11-01,货币信用周期策略,紧货币紧信用,10年国债主连、原油主连、沪深300主连、沪铜主连、红利低波ETF、豆粕主连,4,0.2746288299167778,0.4204570527549956,0.0,0.1709766742257539,0.0,0.0,0.0,0.0,0.13393744310247266,0.0,0.0,0.0,0.09261642105296741
2017-12-01,货币信用周期策略,紧货币紧信用,10年国债主连、原油主连、沪深300主连、沪铜主连、红利低波ETF、豆粕主连,4,0.14746632045091165,0.506793809964289,0.0,0.20955410582436887,0.0,0.0,0.0,0.0,0.1361857637604304,0.0,0.0,0.0,0.08234688607107168
2018-01-02,货币信用周期策略,紧货币紧信用,10年国债主连、原油主连、沪深300主连、沪铜主连、红利低波ETF、豆粕主连,4,0.13218143286521905,0.5728126725672631,0.0,0.16754064901615148,0.0,0.0,0.0,0.0,0.12746524555136635,0.0,0.0,0.0,0.07500044107563056
2018-02-01,货币信用周期策略,紧货币紧信用,10年国债主连、原油主连、沪深300主连、沪铜主连、红利低波ETF、豆粕主连,4,0.14467112856763223,0.5491145700528235,0.0,0.19182175234024887,0.0,0.0,0.0,0.0,0.11439254903929531,0.0,0.0,0.0,0.0772214579013087
2018-03-01,货币信用周期策略,紧货币紧信用,10年国债主连、原油主连、沪深300主连、沪铜主连、红利低波ETF、豆粕主连,4,0.07519427569192753,0.5905037005416564,0.0,0.22388504469781806,0.0,0.0,0.0,0.0,0.11041697906859808,0.0,0.0,0.0,0.0720615635721033
2018-04-02,货币信用周期策略,宽货币紧信用,10年国债主连、30年国债主连、PTA主连、中证1000主连、原油主连、沪金主连、沪铜主连、沪铝主连、红利低波ETF、豆粕主连,7,0.0,0.47786383237978897,0.13033915628980336,0.11421084191450953,0.0,0.0,0.0,0.0,0.058321960353288654,0.07746974911038113,0.08818616209830098,0.053608297853927414,0.11716194540368101
2018-05-02,货币信用周期策略,宽货币紧信用,10年国债主连、30年国债主连、PTA主连、中证1000主连、原油主连、沪金主连、沪铜主连、沪铝主连、红利低波ETF、豆粕主连,7,0.0,0.42743820122761506,0.153209717758785,0.1053715408103127,0.0,0.0,0.0,0.0,0.07794311820001883,0.06187481206047439,0.1142465327597861,0.059916077183007795,0.12824890041789588
2018-06-01,货币信用周期策略,宽货币紧信用,10年国债主连、30年国债主连、PTA主连、中证1000主连、原油主连、沪金主连、沪铜主连、沪铝主连、红利低波ETF、豆粕主连,7,0.0,0.38685979807526266,0.1739792520413879,0.0857612289852072,0.0,0.0,0.0,0.0,0.09558023490085685,0.08268116920098918,0.11207402562921591,0.06306429116708033,0.1372896274782749
2018-07-02,货币信用周期策略,宽货币紧信用,10年国债主连、30年国债主连、PTA主连、中证1000主连、原油主连、沪金主连、沪铜主连、沪铝主连、红利低波ETF、豆粕主连,7,0.0,0.44165601845601704,0.17155109788563713,0.08731844610842028,0.0,0.0,0.0,0.0,0.06840030007002094,0.0729571923582888,0.08945438094491803,0.06866256417669797,0.13022356994918244
2018-08-01,货币信用周期策略,宽货币紧信用,10年国债主连、30年国债主连、PTA主连、中证1000主连、原油主连、沪金主连、沪铜主连、沪铝主连、红利低波ETF、豆粕主连,7,0.0,0.3831465053445524,0.19418230358300992,0.09322558731981438,0.0,0.0,0.0,0.0,0.05955150635744788,0.08826325650178295,0.1151256214829735,0.06650521941041909,0.140572421909349
2018-09-03,货币信用周期策略,宽货币紧信用,10年国债主连、30年国债主连、PTA主连、中证1000主连、原油主连、沪金主连、沪铜主连、沪铝主连、红利低波ETF、豆粕主连,7,0.0,0.3737639070413077,0.18564429707849336,0.07455979744471233,0.0,0.0,0.0,0.0,0.07190978841822154,0.1064906046209451,0.12245818129647265,0.06517342409984733,0.14123472394444161
2018-10-08,货币信用周期策略,宽货币紧信用,10年国债主连、30年国债主连、PTA主连、中证1000主连、原油主连、沪金主连、沪铜主连、沪铝主连、红利低波ETF、豆粕主连,7,0.0,0.3864525969042258,0.18351068143992344,0.08847282491974781,0.0,0.0,0.0,0.0,0.08257718067595864,0.1016256654941589,0.0779694163376407,0.07939163422834473,0.14067835208303947
2018-11-01,货币信用周期策略,宽货币紧信用,10年国债主连、30年国债主连、PTA主连、中证1000主连、原油主连、沪金主连、沪铜主连、沪铝主连、红利低波ETF、豆粕主连,7,0.0,0.46962354689901026,0.1915709081205492,0.0770617994260547,0.0,0.0,0.0,0.0,0.07180656480171589,0.0838727479241844,0.05737352318498822,0.04869090964349722,0.1256417569351273
2018-12-03,货币信用周期策略,宽货币紧信用,10年国债主连、30年国债主连、PTA主连、中证1000主连、原油主连、沪金主连、沪铜主连、沪铝主连、红利低波ETF、豆粕主连,7,0.0,0.4512258690991644,0.22824808334613325,0.05252466215872333,0.0,0.0,0.0,0.0,0.09402295874181137,0.10283782750171615,0.04089470818917329,0.030245890963278146,0.1301468274444033
2019-01-02,货币信用周期策略,宽货币宽信用,10年国债主连、30年国债主连、中证1000主连、中证500主连、沪深300主连、沪金主连、沪铜主连、沪铝主连、红利低波ETF、豆粕主连,7,0.04175599500567399,0.42558864700836807,0.2510191513040765,0.06350386399803506,0.0,0.035589133351816335,0.0,0.0,0.08236042776951802,0.10018278156251215,0.0,0.0,0.12921581232326865
2019-02-01,货币信用周期策略,宽货币宽信用,10年国债主连、30年国债主连、中证1000主连、中证500主连、沪深300主连、沪金主连、沪铜主连、沪铝主连、红利低波ETF、豆粕主连,8,0.04453642974992998,0.4040830064028477,0.2289463702333036,0.058986028021865436,0.0,0.038746383772728744,0.0,0.05900649212808278,0.0795461420551067,0.08614914763613504,0.0,0.0,0.1790525748400924
2019-03-01,货币信用周期策略,宽货币宽信用,10年国债主连、30年国债主连、中证1000主连、中证500主连、沪深300主连、沪金主连、沪铜主连、沪铝主连、红利低波ETF、豆粕主连,8,0.045829522517804505,0.36179318987414255,0.2116849298431041,0.0661657494671666,0.0,0.048389987492752286,0.0,0.06442205917566514,0.09764825186443747,0.10406630976492731,0.0,0.0,0.18680527797149585
2019-04-01,货币信用周期策略,宽货币宽信用,10年国债主连、30年国债主连、中证1000主连、中证500主连、沪深300主连、沪金主连、沪铜主连、沪铝主连、红利低波ETF、豆粕主连,8,0.042527538355116856,0.44168967235648005,0.1307951029596543,0.07319690512851115,0.0,0.03987576165544278,0.0,0.056856615132480755,0.08877758861592934,0.12628081579638478,0.0,0.0,0.15998289014425102
2019-05-06,货币信用周期策略,宽货币宽信用,10年国债主连、30年国债主连、中证1000主连、中证500主连、沪深300主连、沪金主连、沪铜主连、沪铝主连、红利低波ETF、豆粕主连,8,0.04367552303838236,0.3455536503149219,0.15383532974779401,0.08570503670203199,0.0,0.03557450801892611,0.0,0.04984074885871509,0.11205734461770614,0.1737578587015223,0.0,0.0,0.16952057409633436
2019-06-03,货币信用周期策略,宽货币宽信用,10年国债主连、30年国债主连、中证1000主连、中证500主连、沪深300主连、沪金主连、沪铜主连、沪铝主连、红利低波ETF、豆粕主连,8,0.032160110669993226,0.42724663035962696,0.17811298276667012,0.10026060328334804,0.0,0.02558928168410739,0.0,0.04272008030678437,0.07845868202862147,0.11545162890084827,0.0,0.0,0.15541732434556718
2019-07-01,货币信用周期策略,宽货币宽信用,10年国债主连、30年国债主连、中证1000主连、中证500主连、沪深300主连、沪金主连、沪铜主连、沪铝主连、红利低波ETF、豆粕主连,8,0.04150589850733626,0.4616603441074999,0.13658144946609185,0.07491933193132722,0.0,0.03063753784846788,0.0,0.053828685026669106,0.09033083978032853,0.11053591333227929,0.0,0.0,0.1555912742187647
2019-08-01,货币信用周期策略,宽货币宽信用,10年国债主连、30年国债主连、中证1000主连、中证500主连、沪深300主连、沪金主连、沪铜主连、沪铝主连、红利低波ETF、豆粕主连,8,0.045416472506692535,0.5086432223284174,0.09564915403666353,0.06130131353423848,0.0,0.03224260268393048,0.0,0.05940858510684811,0.08083611290025927,0.11650253690295019,0.0,0.0,0.14932205404997606
2019-09-02,货币信用周期策略,宽货币宽信用,10年国债主连、30年国债主连、中证1000主连、中证500主连、沪深300主连、沪金主连、沪铜主连、沪铝主连、红利低波ETF、豆粕主连,8,0.049005912502657054,0.49310761938554326,0.07013490416124672,0.05904396862596644,0.0,0.0388388788248011,0.0,0.05920656107949146,0.09639332245058763,0.1342688329697063,0.0,0.0,0.14805195630374593
2019-10-08,货币信用周期策略,宽货币宽信用,10年国债主连、30年国债主连、中证1000主连、中证500主连、沪深300主连、沪金主连、沪铜主连、沪铝主连、红利低波ETF、豆粕主连,8,0.05669952881127774,0.4169906627866162,0.06794303562942423,0.07564793573911646,0.0,0.043817286179313464,0.0,0.07627849784249022,0.1280989703033469,0.1345240827084148,0.0,0.0,0.1716535886150442
2019-11-01,货币信用周期策略,宽货币宽信用,10年国债主连、30年国债主连、中证1000主连、中证500主连、沪深300主连、沪金主连、沪铜主连、沪铝主连、红利低波ETF、豆粕主连,8,0.06841802722317705,0.3530629960177951,0.07738637770722452,0.08029311928430591,0.0,0.048995783040524724,0.0,0.08109068730190333,0.14207774729918227,0.14867526212588708,0.0,0.0,0.1849819684122602
2019-12-02,货币信用周期策略,宽货币宽信用,10年国债主连、30年国债主连、中证1000主连、中证500主连、沪深300主连、沪金主连、沪铜主连、沪铝主连、红利低波ETF、豆粕主连,8,0.05856667279802434,0.40047063144254014,0.07099522676038562,0.06941514397322697,0.0,0.0463836319642036,0.0,0.07368645127042411,0.153193510590618,0.12728873120057718,0.0,0.0,0.17217105061921825
2020-01-02,货币信用周期策略,宽货币宽信用,10年国债主连、30年国债主连、中证1000主连、中证500主连、沪深300主连、沪金主连、沪铜主连、沪铝主连、红利低波ETF、豆粕主连,8,0.0644720145086051,0.3726050034137427,0.07773362759588595,0.07221939089979204,0.0,0.04731759421797443,0.0,0.08248785584772357,0.15812234690362992,0.1250421666126462,0.0,0.0,0.1839137848612135
2020-02-03,货币信用周期策略,宽货币宽信用,10年国债主连、30年国债主连、中证1000主连、中证500主连、沪深300主连、沪金主连、沪铜主连、沪铝主连、红利低波ETF、豆粕主连,8,0.03976218319314795,0.5444243018062517,0.07084672091216089,0.06182645996985503,0.0,0.033697141483736134,0.0,0.048955707140891036,0.09153493213002184,0.10895255336393544,0.0,0.0,0.13280313947133046
2020-03-02,货币信用周期策略,宽货币宽信用,10年国债主连、30年国债主连、中证1000主连、中证500主连、沪深300主连、沪金主连、沪铜主连、沪铝主连、红利低波ETF、豆粕主连,8,0.024238711989334492,0.6672105933732653,0.09791442361369104,0.06476702118264918,0.0,0.02121661289457669,0.0,0.028047809617998947,0.040623507631330824,0.05598131969715351,0.0,0.0,0.10238434367421352
2020-04-01,货币信用周期策略,宽货币宽信用,10年国债主连、30年国债主连、中证1000主连、中证500主连、沪深300主连、沪金主连、沪铜主连、沪铝主连、红利低波ETF、豆粕主连,8,0.03788396241685246,0.6031439077405133,0.07956989016063908,0.11314090495913272,0.0,0.03589672324554439,0.0,0.04459802823656912,0.03652040673084556,0.04924617650990345,0.0,0.0,0.12071646213100355
2020-05-06,货币信用周期策略,宽货币宽信用,10年国债主连、30年国债主连、中证1000主连、中证500主连、沪深300主连、沪金主连、沪铜主连、沪铝主连、红利低波ETF、豆粕主连,8,0.04841771611619669,0.5541432969508973,0.09085617592711612,0.09836278611678648,0.0,0.04392197420923523,0.0,0.0572198365889788,0.046490877854822386,0.06058733623596707,0.0,0.0,0.13936038136761278
2020-06-01,货币信用周期策略,宽货币宽信用,10年国债主连、30年国债主连、中证1000主连、中证500主连、沪深300主连、沪金主连、沪铜主连、沪铝主连、红利低波ETF、豆粕主连,8,0.05729621658333449,0.46600680601491984,0.1062935610023249,0.11589970178600706,0.0,0.05266410874385641,0.0,0.06853226755999575,0.05669266771104736,0.07661467059851429,0.0,0.0,0.16173521569853724
2020-07-01,货币信用周期策略,宽货币宽信用,10年国债主连、30年国债主连、中证1000主连、中证500主连、沪深300主连、沪金主连、沪铜主连、沪铝主连、红利低波ETF、豆粕主连,8,0.06270045480595247,0.4213401813073014,0.11715821443958059,0.11299990308144572,0.0,0.06267881356229738,0.0,0.07442331690105054,0.06424462819457263,0.08445448770779934,0.0,0.0,0.17379606499333808
2020-08-03,货币信用周期策略,宽货币宽信用,10年国债主连、30年国债主连、中证1000主连、中证500主连、沪深300主连、沪金主连、沪铜主连、沪铝主连、红利低波ETF、豆粕主连,8,0.04292830774215729,0.401128909924302,0.1616744928542153,0.12893966688520084,0.0,0.04259944926238428,0.0,0.07126328808643288,0.067014325057444,0.08445156018786341,0.0,0.0,0.17953095314868184
2020-09-01,货币信用周期策略,宽货币宽信用,10年国债主连、30年国债主连、中证1000主连、中证500主连、沪深300主连、沪金主连、沪铜主连、沪铝主连、红利低波ETF、豆粕主连,8,0.052398815869771756,0.40731969730309536,0.08269878260112834,0.1515751831710957,0.0,0.04925472496538247,0.0,0.08013143327009992,0.07918880906743524,0.09743255375199135,0.0,0.0,0.17566577241126552
2020-10-09,货币信用周期策略,宽货币宽信用,10年国债主连、30年国债主连、中证1000主连、中证500主连、沪深300主连、沪金主连、沪铜主连、沪铝主连、红利低波ETF、豆粕主连,8,0.05737905272575049,0.44414659593449185,0.07875929574531153,0.13447021211009677,0.0,0.052445999019339745,0.0,0.07594655543319744,0.07790936151558236,0.07894292751622972,0.0,0.0,0.16705582420396212
2020-11-02,货币信用周期策略,宽货币紧信用,10年国债主连、30年国债主连、PTA主连、中证1000主连、原油主连、沪金主连、沪铜主连、沪铝主连、红利低波ETF、豆粕主连,8,0.0,0.46242492679794145,0.078433928652018,0.10938792262580756,0.0,0.0,0.0,0.08425858344058816,0.08078811529754318,0.09822137286784607,0.06174911989172783,0.02473603042652769,0.1790555347990016
2020-12-01,货币信用周期策略,宽货币紧信用,10年国债主连、30年国债主连、PTA主连、中证1000主连、原油主连、沪金主连、沪铜主连、沪铝主连、红利低波ETF、豆粕主连,8,0.0,0.43017809292107356,0.06339076637040426,0.10793759896494438,0.0,0.0,0.0,0.08757324571402712,0.0962082365512898,0.12421348901337949,0.06178365631701392,0.02871491414786744,0.18506847067776697
2021-01-04,货币信用周期策略,宽货币紧信用,10年国债主连、30年国债主连、PTA主连、中证1000主连、原油主连、沪金主连、沪铜主连、沪铝主连、红利低波ETF、豆粕主连,8,0.0,0.4959569627290533,0.08352704351342025,0.1027558489245799,0.0,0.0,0.0,0.07510646496419146,0.0802368755613207,0.05524238852464254,0.07569847920178228,0.03147593658100967,0.16886894500035105
2021-02-01,货币信用周期策略,宽货币紧信用,10年国债主连、30年国债主连、PTA主连、中证1000主连、原油主连、沪金主连、沪铜主连、沪铝主连、红利低波ETF、豆粕主连,8,0.0,0.5068772402540278,0.08722149213967624,0.0788516450362073,0.0,0.0,0.0,0.08121842260279744,0.07167481630730925,0.07210271771965264,0.06459384764186911,0.03745981829846019,0.17453558666190333
2021-03-01,货币信用周期策略,宽货币紧信用,10年国债主连、30年国债主连、PTA主连、中证1000主连、原油主连、沪金主连、沪铜主连、沪铝主连、红利低波ETF、豆粕主连,8,0.0,0.4913810235428224,0.07559399718640192,0.058083824194527206,0.0,0.0,0.0,0.08910337341589039,0.0665633769965994,0.1013625405418093,0.07439000647018378,0.043521857651765666,0.18354655771658368
2021-04-01,货币信用周期策略,宽货币紧信用,10年国债主连、30年国债主连、PTA主连、中证1000主连、原油主连、沪金主连、沪铜主连、沪铝主连、红利低波ETF、豆粕主连,8,0.0,0.587963278042027,0.07439350431749342,0.0547274173190069,0.0,0.0,0.0,0.08400313086545325,0.06235739051219504,0.06931324877110355,0.03928020420305689,0.02796182596966411,0.16333967958701293
2021-05-06,货币信用周期策略,宽货币紧信用,10年国债主连、30年国债主连、PTA主连、中证1000主连、原油主连、沪金主连、沪铜主连、沪铝主连、红利低波ETF、豆粕主连,8,0.0,0.5801351242765488,0.0743209261627375,0.053436095688630794,0.0,0.0,0.0,0.09028339924316175,0.05968268054637131,0.07362902369157498,0.04033459588138597,0.028178154509588882,0.16974709253613945
2021-06-01,货币信用周期策略,宽货币紧信用,10年国债主连、30年国债主连、PTA主连、中证1000主连、原油主连、沪金主连、沪铜主连、沪铝主连、红利低波ETF、豆粕主连,8,0.0,0.6221186579488559,0.09361960376124395,0.04462924197798418,0.0,0.0,0.0,0.10127470483981785,0.04083423470500631,0.041676900259824214,0.030840958784187807,0.0250056977230797,0.17528952965789582
2021-07-01,货币信用周期策略,宽货币紧信用,10年国债主连、30年国债主连、PTA主连、中证1000主连、原油主连、沪金主连、沪铜主连、沪铝主连、红利低波ETF、豆粕主连,8,0.0,0.6235067654748899,0.07111631839818583,0.04328985626223242,0.0,0.0,0.0,0.10437737309649932,0.03931157337289993,0.04878804120691459,0.035514626136015325,0.034095446052362526,0.17654926021160275
2021-08-02,货币信用周期策略,宽货币紧信用,10年国债主连、30年国债主连、PTA主连、中证1000主连、原油主连、沪金主连、沪铜主连、沪铝主连、红利低波ETF、豆粕主连,8,0.0,0.5765393153426528,0.10036740835572554,0.05633738479898336,0.0,0.0,0.0,0.07923754333625571,0.05881994536933167,0.06250137528912973,0.03518293713563557,0.031014090372285544,0.16439478012083628
2021-09-01,货币信用周期策略,宽货币紧信用,10年国债主连、30年国债主连、PTA主连、中证1000主连、原油主连、沪金主连、沪铜主连、沪铝主连、红利低波ETF、豆粕主连,8,0.0,0.48972542255068413,0.10649268119217578,0.0752915895005074,0.0,0.0,0.0,0.11401769985568289,0.059181582733433324,0.08311478591427508,0.038317248693621866,0.03385898955961946,0.20598292070895247
2021-10-08,货币信用周期策略,宽货币紧信用,10年国债主连、30年国债主连、PTA主连、中证1000主连、原油主连、沪金主连、沪铜主连、沪铝主连、红利低波ETF、豆粕主连,8,0.0,0.5309675633755162,0.10866459411796806,0.08766665703951701,0.0,0.0,0.0,0.059355424465474906,0.06364080196504418,0.060305520651464974,0.04538451378380244,0.04401492460121214,0.15608392015230685
2021-11-01,货币信用周期策略,宽货币紧信用,10年国债主连、30年国债主连、PTA主连、中证1000主连、原油主连、沪金主连、沪铜主连、沪铝主连、红利低波ETF、豆粕主连,8,0.0,0.522164745937364,0.130093689774646,0.08757593082535614,0.0,0.0,0.0,0.05847927144076044,0.06450323431566936,0.03610545532529215,0.046213102273872736,0.05486457010703918,0.16085477439675647
2021-12-01,货币信用周期策略,宽货币紧信用,10年国债主连、30年国债主连、PTA主连、中证1000主连、原油主连、沪金主连、沪铜主连、沪铝主连、红利低波ETF、豆粕主连,8,0.0,0.5830878138536448,0.12109547931629348,0.0794519590103343,0.0,0.0,0.0,0.06280833053521495,0.060012105641829745,0.03465347360076338,0.030338332108048125,0.028552505933871087,0.15106182579748353
2022-01-04,货币信用周期策略,宽货币紧信用,10年国债主连、30年国债主连、PTA主连、中证1000主连、原油主连、沪金主连、沪铜主连、沪铝主连、红利低波ETF、豆粕主连,8,0.0,0.5650648924579795,0.12592604859859421,0.07462656484975934,0.0,0.0,0.0,0.0719174014759467,0.0608867723967847,0.038467334417386534,0.03442097550388594,0.02869001029966314,0.1619337970472915
2022-02-07,货币信用周期策略,宽货币紧信用,10年国债主连、30年国债主连、PTA主连、中证1000主连、原油主连、沪金主连、沪铜主连、沪铝主连、红利低波ETF、豆粕主连,8,0.0,0.583539787082269,0.10467232896679177,0.07355349198192647,0.0,0.0,0.0,0.05682569319961683,0.056963278252617475,0.04858707063927985,0.041096801747615416,0.03476154812988328,0.14528260146638652
2022-03-01,货币信用周期策略,宽货币紧信用,10年国债主连、30年国债主连、PTA主连、中证1000主连、原油主连、沪金主连、沪铜主连、沪铝主连、红利低波ETF、豆粕主连,8,0.0,0.535109557705381,0.10688808764369526,0.06382082605056577,0.0,0.0,0.0,0.07961011956991722,0.07310684103086536,0.05426881952569227,0.0414185179452171,0.045777230528665884,0.17328319794826919
2022-04-01,货币信用周期策略,宽货币紧信用,10年国债主连、30年国债主连、PTA主连、中证1000主连、原油主连、沪金主连、沪铜主连、沪铝主连、红利低波ETF、豆粕主连,8,0.0,0.5401525464006818,0.09291219469486835,0.07407752409090616,0.0,0.0,0.0,0.06389854397161501,0.10368512091018779,0.06435356807526954,0.03559431728044011,0.02532618457603122,0.154089453517691
2022-05-05,货币信用周期策略,宽货币紧信用,10年国债主连、30年国债主连、PTA主连、中证1000主连、原油主连、沪金主连、沪铜主连、沪铝主连、红利低波ETF、豆粕主连,8,0.0,0.5977049293499097,0.10694692939556165,0.05606053097682893,0.0,0.0,0.0,0.04751310841821697,0.09344220695114977,0.04187076845788084,0.0344575229718781,0.02200400347857383,0.13423787699351755
2022-06-01,货币信用周期策略,宽货币紧信用,10年国债主连、30年国债主连、PTA主连、中证1000主连、原油主连、沪金主连、沪铜主连、沪铝主连、红利低波ETF、豆粕主连,8,0.0,0.6088256673571153,0.09934161811573877,0.05389220582319646,0.0,0.0,0.0,0.04772315398083546,0.09053590480383221,0.04147540662138389,0.035557786409719606,0.022648256888178196,0.13217951121608967
2022-07-01,货币信用周期策略,宽货币紧信用,10年国债主连、30年国债主连、PTA主连、中证1000主连、原油主连、沪金主连、沪铜主连、沪铝主连、红利低波ETF、豆粕主连,8,0.0,0.6183529981664759,0.11808236926036618,0.04704593827526769,0.0,0.0,0.0,0.07088073607009153,0.04899575469987587,0.04099017614272,0.03106064030102085,0.024591387084182015,0.1530658980458679
2022-08-01,货币信用周期策略,宽货币紧信用,10年国债主连、30年国债主连、PTA主连、中证1000主连、原油主连、沪金主连、沪铜主连、沪铝主连、红利低波ETF、豆粕主连,9,0.0,0.6718309660734373,0.08054340512097843,0.04254498007012062,0.0460324326860316,0.0,0.0,0.05370635182992686,0.029363515256675788,0.036998416303299614,0.020449981157718157,0.018529951501811717,0.12505365772778476
2022-09-01,货币信用周期策略,宽货币紧信用,10年国债主连、30年国债主连、PTA主连、中证1000主连、原油主连、沪金主连、沪铜主连、沪铝主连、红利低波ETF、豆粕主连,9,0.0,0.6649651901058506,0.08602682656829973,0.04299723265541288,0.03727264633545725,0.0,0.0,0.058137969105487554,0.030981483444467633,0.03553619328920622,0.0235852464109691,0.020497212084849017,0.13086884906382967
2022-10-10,货币信用周期策略,宽货币紧信用,10年国债主连、30年国债主连、PTA主连、中证1000主连、原油主连、沪金主连、沪铜主连、沪铝主连、红利低波ETF、豆粕主连,9,0.0,0.5299515998618691,0.126334274941517,0.07845627514219324,0.04772978175957943,0.0,0.0,0.06963730179050784,0.04546894039941091,0.04612572926433789,0.030225185882570667,0.02607091095801371,0.16327729423830678
2022-11-01,货币信用周期策略,宽货币紧信用,10年国债主连、30年国债主连、PTA主连、中证1000主连、原油主连、沪金主连、沪铜主连、沪铝主连、红利低波ETF、豆粕主连,9,0.0,0.5740928186908015,0.1292522538711937,0.0644780604780789,0.04339260473539063,0.0,0.0,0.05183696197348575,0.04528155981607171,0.0372510248367198,0.026402548186186675,0.028012167412071236,0.14349456635775615
2022-12-01,货币信用周期策略,宽货币紧信用,10年国债主连、30年国债主连、PTA主连、中证1000主连、原油主连、沪金主连、沪铜主连、沪铝主连、红利低波ETF、豆粕主连,9,0.0,0.3940432325651216,0.1885296855284664,0.07723573135880049,0.06758408268768361,0.0,0.0,0.07915838837410705,0.061817041028810575,0.06080417745548441,0.03945054359114296,0.031377117410382876,0.19766686272842948
2023-01-03,货币信用周期策略,宽货币紧信用,10年国债主连、30年国债主连、PTA主连、中证1000主连、原油主连、沪金主连、沪铜主连、沪铝主连、红利低波ETF、豆粕主连,9,0.0,0.4346985830856653,0.157535389293391,0.07310925213328207,0.06528350464012014,0.0,0.0,0.06823009600939929,0.06584611675549791,0.058979231836791254,0.044326763740556004,0.03199106250529712,0.17959610862798978
2023-02-01,货币信用周期策略,宽货币紧信用,10年国债主连、30年国债主连、PTA主连、中证1000主连、原油主连、沪金主连、沪铜主连、沪铝主连、红利低波ETF、豆粕主连,9,0.0,0.4389146584469428,0.16006086039677883,0.06161308769621707,0.08117478709156768,0.0,0.0,0.07943505715986522,0.05906775074921649,0.05106884691724231,0.0426125458891615,0.026052405653008263,0.18780189436221806
2023-03-01,货币信用周期策略,宽货币紧信用,10年国债主连、30年国债主连、PTA主连、中证1000主连、原油主连、沪金主连、沪铜主连、沪铝主连、红利低波ETF、豆粕主连,9,0.0,0.49302580927500683,0.11943408771667358,0.059993065083713895,0.07339609606154991,0.0,0.0,0.08535407030035835,0.05663151710913175,0.049003981721464786,0.037446134806374216,0.025715237925726792,0.18069221086861356
2023-04-03,货币信用周期策略,宽货币紧信用,10年国债主连、30年国债主连、PTA主连、中证1000主连、原油主连、沪金主连、沪铜主连、沪铝主连、红利低波ETF、豆粕主连,9,0.0,0.5707594495769697,0.1109435278255493,0.04467157603847395,0.06355709924479888,0.0,0.0,0.06478255104551402,0.041975314648606814,0.04881895444131958,0.03645908601209552,0.01803244116667238,0.15131653270514514
2023-05-04,货币信用周期策略,宽货币紧信用,10年国债主连、30年国债主连、PTA主连、中证1000主连、原油主连、沪金主连、沪铜主连、沪铝主连、红利低波ETF、豆粕主连,10,0.0,0.374742787790079,0.060744982531628744,0.02565764308017002,0.03781873891011361,0.0,0.3545758447504098,0.048036579017900836,0.03024059363271413,0.032153914422753595,0.02376211093914026,0.012266804925090045,0.11872071083142487
2023-06-01,货币信用周期策略,宽货币紧信用,10年国债主连、30年国债主连、PTA主连、中证1000主连、原油主连、沪金主连、沪铜主连、沪铝主连、红利低波ETF、豆粕主连,10,0.0,0.418757700920842,0.06370156446911102,0.03147601001086293,0.045832850543735336,0.0,0.30587635086928283,0.03382319772330542,0.0323790348397082,0.03434682637427805,0.021147430741409172,0.012659033507465061,0.10625296796134301
2023-07-03,货币信用周期策略,宽货币紧信用,10年国债主连、30年国债主连、PTA主连、中证1000主连、原油主连、沪金主连、沪铜主连、沪铝主连、红利低波ETF、豆粕主连,10,0.0,0.3726864834838494,0.08768139368358793,0.050070260884628064,0.054869133706147724,0.0,0.24786560936970622,0.04134136379632928,0.053418875726089284,0.042353606980455864,0.02963072719245702,0.020082545176749247,0.12858064452950246
2023-08-01,货币信用周期策略,宽货币紧信用,10年国债主连、30年国债主连、PTA主连、中证1000主连、原油主连、沪金主连、沪铜主连、沪铝主连、红利低波ETF、豆粕主连,10,0.0,0.31754662256995503,0.10192352534354746,0.06538078182078566,0.0637284419311261,0.0,0.2059000231780068,0.056719837770350334,0.06693028026868433,0.05717715562825876,0.036198555381553546,0.028494776107731892,0.15604284760960183
2023-09-01,货币信用周期策略,宽货币紧信用,10年国债主连、30年国债主连、PTA主连、中证1000主连、原油主连、沪金主连、沪铜主连、沪铝主连、红利低波ETF、豆粕主连,10,0.0,0.33873708736058233,0.10971742043607818,0.052700924761375445,0.04341518710910603,0.0,0.21608339315963618,0.05450863965226575,0.058873026889224,0.06602826473122908,0.03345193427821927,0.026484121622283797,0.15157731503631824
2023-10-09,货币信用周期策略,宽货币紧信用,10年国债主连、30年国债主连、PTA主连、中证1000主连、原油主连、沪金主连、沪铜主连、沪铝主连、红利低波ETF、豆粕主连,10,0.0,0.3459191638760582,0.11192135813699414,0.043825313762221735,0.05280315008096488,0.0,0.15453717230606903,0.079204886174958,0.06342725757474052,0.06997264082205798,0.03716747988472709,0.041221577381208435,0.18086079605182323
2023-11-01,货币信用周期策略,宽货币紧信用,10年国债主连、30年国债主连、PTA主连、中证1000主连、原油主连、沪金主连、沪铜主连、沪铝主连、红利低波ETF、豆粕主连,10,0.0,0.37179500080023,0.107800667271263,0.03829350781346146,0.048380817006491626,0.0,0.18303341781386437,0.05425542854473422,0.07074650222338312,0.06710964531400967,0.033900721300281475,0.02468429191228112,0.15035671132700631
2023-12-01,货币信用周期策略,宽货币紧信用,10年国债主连、30年国债主连、PTA主连、中证1000主连、原油主连、沪金主连、沪铜主连、沪铝主连、红利低波ETF、豆粕主连,10,0.0,0.35507091012453873,0.10394282584387905,0.03520950041752589,0.05115623142117731,0.0,0.1856908518610635,0.06318129304995126,0.08866071088048486,0.0629658670778244,0.03274902805656913,0.021372781266986024,0.158852584334029
2024-01-02,货币信用周期策略,宽货币紧信用,10年国债主连、30年国债主连、PTA主连、中证1000主连、原油主连、沪金主连、沪铜主连、沪铝主连、红利低波ETF、豆粕主连,10,0.0,0.39647302316875244,0.08574156410876373,0.034760657008895725,0.03970942689651519,0.0,0.1998555588957113,0.05826231203261959,0.07468693992339408,0.06516670805713425,0.030160370423617425,0.015183439484596542,0.14461530596771677
2024-02-01,货币信用周期策略,宽货币紧信用,10年国债主连、30年国债主连、PTA主连、中证1000主连、原油主连、沪金主连、沪铜主连、沪铝主连、红利低波ETF、豆粕主连,10,0.0,0.4056063466575382,0.09197723862212928,0.028950580402315372,0.015467981365187407,0.0,0.22473072407616615,0.04083042896221011,0.08573221375704937,0.054743822482750885,0.034729981100562954,0.017230682574090266,0.12778392449925294
2024-03-01,货币信用周期策略,宽货币紧信用,10年国债主连、30年国债主连、PTA主连、中证1000主连、原油主连、沪金主连、沪铜主连、沪铝主连、红利低波ETF、豆粕主连,10,0.0,0.40370280464307406,0.11355398686942016,0.039993461278713796,0.0145978729919806,0.0,0.17642809838644455,0.04356063557961408,0.08041025027867743,0.0657929641492247,0.041198794660156655,0.02076113116269404,0.13855245049631396
2024-04-01,货币信用周期策略,宽货币紧信用,10年国债主连、30年国债主连、PTA主连、中证1000主连、原油主连、沪金主连、沪铜主连、沪铝主连、红利低波ETF、豆粕主连,10,0.0,0.3559007156152701,0.1336633298580964,0.0461635499191405,0.022303246413541245,0.0,0.10597571302076318,0.05631386629483287,0.08498383403505674,0.10327148202504187,0.06123688812107707,0.030187374697179848,0.16725069963720024
2024-05-06,货币信用周期策略,宽货币紧信用,10年国债主连、30年国债主连、PTA主连、中证1000主连、原油主连、沪金主连、沪铜主连、沪铝主连、红利低波ETF、豆粕主连,10,0.0,0.3593819523807337,0.06998509637670344,0.06526557859418855,0.03171780300741173,0.0,0.11625316717298494,0.05902762053924692,0.09109200119541709,0.0819119888863105,0.08606115732390401,0.039303634523099054,0.16123387053670543
2024-06-03,货币信用周期策略,宽货币紧信用,10年国债主连、30年国债主连、PTA主连、中证1000主连、原油主连、沪金主连、沪铜主连、沪铝主连、红利低波ETF、豆粕主连,10,0.0,0.4237410990319574,0.05163303660384087,0.06859999841131378,0.032420133863569366,0.0,0.12920339581444765,0.06667034435660159,0.039286355479797114,0.06309334384887104,0.09163458458439895,0.033717708005202185,0.15438640824016828
2024-07-01,货币信用周期策略,宽货币紧信用,10年国债主连、30年国债主连、PTA主连、中证1000主连、原油主连、沪金主连、沪铜主连、沪铝主连、红利低波ETF、豆粕主连,10,0.0,0.4998292423877348,0.04291008138551753,0.049345947205972594,0.028979643436735404,0.0,0.15315835999791927,0.04428168493504845,0.032086539943461216,0.0424289591972338,0.06995981460990965,0.0370197269004674,0.1225842409548475
2024-08-01,货币信用周期策略,宽货币紧信用,10年国债主连、30年国债主连、PTA主连、中证1000主连、原油主连、沪金主连、沪铜主连、沪铝主连、红利低波ETF、豆粕主连,10,0.0,0.483972331261878,0.0469843177669816,0.04358018090857517,0.03314974604780017,0.0,0.18306211023535898,0.047388587643658095,0.03053418327659799,0.04328655266221816,0.05565282703982461,0.03238916315710726,0.12373982893378974
2024-09-02,货币信用周期策略,宽货币紧信用,10年国债主连、30年国债主连、PTA主连、中证1000主连、原油主连、沪金主连、沪铜主连、沪铝主连、红利低波ETF、豆粕主连,10,0.0,0.39688049315463514,0.06659617071823844,0.05922649948249169,0.04584399514231857,0.0,0.1675975156804346,0.06422306617298172,0.045674321701899605,0.06719383408897893,0.055570572100234875,0.031193531757786407,0.15277731868569677
2024-10-08,货币信用周期策略,宽货币紧信用,10年国债主连、30年国债主连、PTA主连、中证1000主连、原油主连、沪金主连、沪铜主连、沪铝主连、红利低波ETF、豆粕主连,10,0.0,0.3251693564466719,0.09654373503108582,0.07010816689618783,0.06442410293257037,0.0,0.12432934402678815,0.0871452957402615,0.0664216060081463,0.08480503450288643,0.045910178533309316,0.03514317988209227,0.18990348916323335
2024-11-01,货币信用周期策略,宽货币紧信用,10年国债主连、30年国债主连、PTA主连、中证1000主连、原油主连、沪金主连、沪铜主连、沪铝主连、红利低波ETF、豆粕主连,10,0.0,0.39089435485364166,0.10926524535430722,0.06307535581346702,0.034551437752387636,0.0,0.14303840469738505,0.03882647924761018,0.0675086576249017,0.07864033768474722,0.0427446558763701,0.03145507109518232,0.14009807809309657
2024-12-02,货币信用周期策略,宽货币宽信用,10年国债主连、30年国债主连、中证1000主连、中证500主连、沪深300主连、沪金主连、沪铜主连、沪铝主连、红利低波ETF、豆粕主连,10,0.0313719835430074,0.47652058428199334,0.07465503683110167,0.05417294032150209,0.02476074891401402,0.029787216975260298,0.15172811152407872,0.039255534595423275,0.06197071518759726,0.05577712782602197,0.0,0.0,0.1175692951358793
2025-01-02,货币信用周期策略,宽货币宽信用,10年国债主连、30年国债主连、中证1000主连、中证500主连、沪深300主连、沪金主连、沪铜主连、沪铝主连、红利低波ETF、豆粕主连,10,0.0348419056463155,0.45811428764426587,0.07730816036404545,0.053095739298309276,0.023918981599484607,0.029213318473693076,0.15203003988878372,0.044651632865595973,0.06904510657933298,0.05778082764017346,0.0,0.0,0.12486326133770483
2025-02-05,货币信用周期策略,宽货币宽信用,10年国债主连、30年国债主连、中证1000主连、中证500主连、沪深300主连、沪金主连、沪铜主连、沪铝主连、红利低波ETF、豆粕主连,10,0.034441781584454434,0.43566033831315976,0.09487487624643685,0.05407428650227564,0.02390242438573905,0.028784358633497435,0.15908210853578508,0.04122980907627304,0.0685370250925794,0.05941299162979934,0.0,0.0,0.12634004727528678
2025-03-03,货币信用周期策略,宽货币宽信用,10年国债主连、30年国债主连、中证1000主连、中证500主连、沪深300主连、沪金主连、沪铜主连、沪铝主连、红利低波ETF、豆粕主连,10,0.046851992349757454,0.38197786675245576,0.08701014852488516,0.06297274047962263,0.03354606685752228,0.03824992798127259,0.12539886828482003,0.058604282245075405,0.08054586283532246,0.08484224368926613,0.0,0.0,0.15004578542777808
2025-04-01,货币信用周期策略,宽货币宽信用,10年国债主连、30年国债主连、中证1000主连、中证500主连、沪深300主连、沪金主连、沪铜主连、沪铝主连、红利低波ETF、豆粕主连,10,0.055121274466555736,0.30961308883520017,0.12198775618372737,0.060209364218782126,0.0417296376034116,0.04769351209312836,0.1059916026321422,0.08714213701520851,0.08191013878619098,0.08860148816565297,0.0,0.0,0.1896839131427094
2025-05-06,货币信用周期策略,宽货币宽信用,10年国债主连、30年国债主连、中证1000主连、中证500主连、沪深300主连、沪金主连、沪铜主连、沪铝主连、红利低波ETF、豆粕主连,10,0.029716758271936653,0.46070227466760744,0.05355015348550792,0.07964388429355147,0.02667329974747793,0.028178452879521615,0.17055864035494198,0.04717230776455319,0.039805032870926564,0.06399919566397538,0.0,0.0,0.12101381267452976
2025-06-03,货币信用周期策略,宽货币宽信用,10年国债主连、30年国债主连、中证1000主连、中证500主连、沪深300主连、沪金主连、沪铜主连、沪铝主连、红利低波ETF、豆粕主连,10,0.035999608931671874,0.42006119702778755,0.050015369900457365,0.09729096658978786,0.03131059178257013,0.03335040763155307,0.15416761862060743,0.05820952421217706,0.04776617912631668,0.07182853617707095,0.0,0.0,0.13629920391465594
2025-07-01,货币信用周期策略,宽货币宽信用,10年国债主连、30年国债主连、中证1000主连、中证500主连、沪深300主连、沪金主连、沪铜主连、沪铝主连、红利低波ETF、豆粕主连,10,0.037414791751314715,0.4266050188262048,0.049104779755682636,0.07996279285392999,0.032448596770343785,0.034720298863440635,0.15840324013395987,0.05815995164987007,0.05036160081663423,0.07281892857861921,0.0,0.0,0.13524034146697966
2025-08-01,货币信用周期策略,宽货币紧信用,10年国债主连、30年国债主连、PTA主连、中证1000主连、原油主连、沪金主连、沪铜主连、沪铝主连、红利低波ETF、豆粕主连,10,0.0,0.3995188946504706,0.05420647968897909,0.06935703266854343,0.05584357212388484,0.0,0.1376625393099844,0.06827067950601515,0.06425173325884201,0.08697103946034196,0.037582499830488676,0.026335529502450022,0.15616614554198133
2025-09-01,货币信用周期策略,宽货币紧信用,10年国债主连、30年国债主连、PTA主连、中证1000主连、原油主连、沪金主连、沪铜主连、沪铝主连、红利低波ETF、豆粕主连,10,0.0,0.36722550545249555,0.07188055582365183,0.06487768566679065,0.057259969733596275,0.0,0.11524213137549721,0.07092242716059148,0.07936550219626116,0.10221516091820722,0.04339796448546698,0.027613097187441583,0.16770897305651314
2025-10-09,货币信用周期策略,宽货币紧信用,10年国债主连、30年国债主连、PTA主连、中证1000主连、原油主连、沪金主连、沪铜主连、沪铝主连、红利低波ETF、豆粕主连,10,0.0,0.3591116888910277,0.08587935276757853,0.05006509202654852,0.050259609222948295,0.0,0.11358333732884197,0.06649735942414149,0.08854270137657666,0.1111475194299002,0.04667932570711136,0.0282340138253253,0.16766614966579468
2025-11-03,货币信用周期策略,宽货币紧信用,10年国债主连、30年国债主连、PTA主连、中证1000主连、原油主连、沪金主连、沪铜主连、沪铝主连、红利低波ETF、豆粕主连,10,0.0,0.4225189845284288,0.04092648820648466,0.05385820116029176,0.04297234958940538,0.0,0.1242753300062745,0.08517042522734865,0.060432994412466884,0.09889853701029354,0.044464773603853876,0.026481916255152022,0.16795054787398897
2025-12-01,货币信用周期策略,宽货币紧信用,10年国债主连、30年国债主连、PTA主连、中证1000主连、原油主连、沪金主连、沪铜主连、沪铝主连、红利低波ETF、豆粕主连,10,0.0,0.422530639966095,0.042296791790111546,0.06578156873337962,0.03703987128373421,0.0,0.1317822536275019,0.07049819041286998,0.06398929348426118,0.07967815634270396,0.05701643333006692,0.02938680102927582,0.15531421867748488
