date,货币信用周期策略
2015-01-05,0.985544031918294
2015-01-06,0.9885233070199344
2015-01-07,0.9855210718286644
2015-01-08,0.9870892572664399
2015-01-09,0.9841123003310354
2015-01-12,0.9835091884326184
2015-01-13,0.9730754334730951
2015-01-14,0.9573161510992262
2015-01-15,0.9642135832362786
2015-01-16,0.9677221449188093
2015-01-19,0.9751409681868294
2015-01-20,0.9698139609218405
2015-01-21,0.977249536651847
2015-01-22,0.9789661927549878
2015-01-23,0.9770923121342082
2015-01-26,0.9660541531262744
2015-01-27,0.9723178172791145
2015-01-28,0.9703095072939094
2015-01-29,0.9654188096531602
2015-01-30,0.9598284020078955
2015-02-02,0.967619791656246
2015-02-03,0.9812418811893002
2015-02-04,0.9836731063780545
2015-02-05,0.9833401248806486
2015-02-06,0.9899290911750434
2015-02-09,0.980680878707755
2015-02-10,0.9786325412929147
2015-02-11,0.9748394332108162
2015-02-12,0.9711559003358031
2015-02-13,0.9838382653600247
2015-02-16,0.9876453992215071
2015-02-17,0.9879135097871569
2015-02-25,0.9840813259397563
2015-02-26,0.9894774193523571
2015-02-27,0.99297130899315
2015-03-02,1.00178910848242
2015-03-03,0.9954986383313603
2015-03-04,0.9923766632082904
2015-03-05,0.984474093260853
2015-03-06,0.9797629143884414
2015-03-09,0.9755670024200882
2015-03-10,0.9720705876386054
2015-03-11,0.9739155893104351
2015-03-12,0.9834873113848528
2015-03-13,0.9801674929745282
2015-03-16,0.9764091254552324
2015-03-17,0.9744978157077135
2015-03-18,0.9657638034291927
2015-03-19,0.9768850319002425
2015-03-20,0.9769861383374883
2015-03-23,0.9894427584617944
2015-03-24,0.995168964998729
2015-03-25,0.990300413663307
2015-03-26,0.9932357208261084
2015-03-27,0.9892009134902079
2015-03-30,0.9824461352363569
2015-03-31,0.9793338806514073
2015-04-01,0.9824982473457642
2015-04-02,0.9863830632751928
2015-04-03,0.9836299208296929
2015-04-07,0.9872520491388158
2015-04-08,0.9849957478192072
2015-04-09,0.9798759455599994
2015-04-10,0.9779250144517417
2015-04-13,0.9795691017309636
2015-04-14,0.9778193282045876
2015-04-15,0.9825525786168536
2015-04-16,0.986651849084283
2015-04-17,0.9879431506905573
2015-04-20,0.9932567926267749
2015-04-21,0.9932171242629544
2015-04-22,0.9941194449212732
2015-04-23,0.9923889303686879
2015-04-24,0.9924518477458852
2015-04-27,0.9991113536250086
2015-04-28,1.0004528707501747
2015-04-29,0.9984364583198336
2015-04-30,1.0023916448672228
2015-05-04,1.0032529883231167
2015-05-05,1.0024016165807217
2015-05-06,1.0087323222542144
2015-05-07,1.0049165976380356
2015-05-08,1.0047711794109546
2015-05-11,1.005168220969109
2015-05-12,0.9983297435822105
2015-05-13,1.001557030889458
2015-05-14,1.0003914782515058
2015-05-15,1.0010089502872268
2015-05-18,0.9989185453832957
2015-05-19,0.9942949504039703
2015-05-20,0.9865245807511178
2015-05-21,0.988277601431219
2015-05-22,0.9890503055807036
2015-05-25,0.9828728445233259
2015-05-26,0.9783330149104186
2015-05-27,0.9779433154109667
2015-05-28,0.9745758590176246
2015-05-29,0.975090922006809
2015-06-01,0.9695230220978964
2015-06-02,0.9752271485524069
2015-06-03,0.9758354815961534
2015-06-04,0.9727146687174173
2015-06-05,0.9703674197212412
2015-06-08,0.9701447664869168
2015-06-09,0.9708142223902123
2015-06-10,0.970396284607663
2015-06-11,0.9679190981428172
2015-06-12,0.9596750940986017
2015-06-15,0.954797299387959
2015-06-16,0.9603540864885434
2015-06-17,0.9589605674428267
2015-06-18,0.9602956538902812
2015-06-19,0.9617551665701517
2015-06-23,0.964809663798702
2015-06-24,0.9647763762103958
2015-06-25,0.9622034555575264
2015-06-26,0.9634106782287886
2015-06-29,0.9648000128183177
2015-06-30,0.9580326784621607
2015-07-01,0.9541862551846679
2015-07-02,0.9582671783390713
2015-07-03,0.9603235979228004
2015-07-06,0.95513112625107
2015-07-07,0.9474706834931993
2015-07-08,0.9241279848803973
2015-07-09,0.9464940306233754
2015-07-10,0.9535783786745924
2015-07-13,0.9525815852425271
2015-07-14,0.9538814713387423
2015-07-15,0.9517229184947456
2015-07-16,0.9553409731603986
2015-07-17,0.9552746713648804
2015-07-20,0.945086912816069
2015-07-21,0.9442915636433408
2015-07-22,0.9398750780032532
2015-07-23,0.9449763967504613
2015-07-24,0.9352083303209661
2015-07-27,0.9316132264903058
2015-07-28,0.9309234292823986
2015-07-29,0.9372692063539549
2015-07-30,0.9303145952004352
2015-07-31,0.928483252175178
2015-08-03,0.92542369448674
2015-08-04,0.9307152186408776
2015-08-05,0.9292109756175565
2015-08-06,0.9295811216337555
2015-08-07,0.9310633385937497
2015-08-10,0.9354636461053909
2015-08-11,0.9390094096142132
2015-08-12,0.9457327889228229
2015-08-13,0.9441549108811715
2015-08-14,0.9427839059671674
2015-08-17,0.9413763503567844
2015-08-18,0.9358577392600418
2015-08-19,0.936063322999594
2015-08-20,0.9371566731542712
2015-08-21,0.9380497081467362
2015-08-24,0.9296920492879306
2015-08-25,0.9278677831284288
2015-08-26,0.9256406786019294
2015-08-27,0.9318845292894252
2015-08-28,0.935190191100685
2015-08-31,0.9339584218990352
2015-09-01,0.9329060345323213
2015-09-02,0.9315831056873826
2015-09-07,0.9301383066413607
2015-09-08,0.9341763565697321
2015-09-09,0.9380022321129758
2015-09-10,0.9367621897879179
2015-09-11,0.9365923325475771
2015-09-14,0.9342521216164054
2015-09-15,0.9341386629360452
2015-09-16,0.9373245076444013
2015-09-17,0.9369005352096296
2015-09-18,0.9373979914806461
2015-09-21,0.9381976159373381
2015-09-22,0.935295516964577
2015-09-23,0.9316315428572753
2015-09-24,0.9340220921392401
2015-09-25,0.9351444551059714
2015-09-28,0.9341787712801137
2015-09-29,0.9310828884564729
2015-09-30,0.9335506848042752
2015-10-08,0.9356950277789673
2015-10-09,0.9441522151742435
2015-10-12,0.9488935858140857
2015-10-13,0.9492148553668495
2015-10-14,0.9499755497824572
2015-10-15,0.9514738980054733
2015-10-16,0.9470118810568233
2015-10-19,0.9449415635538386
2015-10-20,0.9495090888929391
2015-10-21,0.9429965828734602
2015-10-22,0.9459157914648876
2015-10-23,0.9443361111548682
2015-10-26,0.9424724725947522
2015-10-27,0.9467076284120679
2015-10-28,0.941409657399968
2015-10-29,0.9373297759334969
2015-10-30,0.9358978065690923
2015-11-02,0.9332968119576591
2015-11-03,0.9302075203777845
2015-11-04,0.9330981910725975
2015-11-05,0.9317332116117886
2015-11-06,0.930763903125722
2015-11-09,0.9241448978753728
2015-11-10,0.9233127753876446
2015-11-11,0.9236689128884338
2015-11-12,0.9236536026849698
2015-11-13,0.9184733515451042
2015-11-16,0.920447875090832
2015-11-17,0.9140610916253298
2015-11-18,0.9107098073943755
2015-11-19,0.910223502346061
2015-11-20,0.9136853196934934
2015-11-23,0.9048283238275524
2015-11-24,0.9102208827516095
2015-11-25,0.9155412154107002
2015-11-26,0.921940636832269
2015-11-27,0.919526424047013
2015-11-30,0.9137513777263788
2015-12-01,0.9182622004395803
2015-12-02,0.922015296283214
2015-12-03,0.9186038542237571
2015-12-04,0.919634075704538
2015-12-07,0.9260390589021946
2015-12-08,0.9211524580770529
2015-12-09,0.9230702768261407
2015-12-10,0.9207154344063371
2015-12-11,0.9296688556083268
2015-12-14,0.9305896276836901
2015-12-15,0.9281817296086565
2015-12-16,0.9291462198713472
2015-12-17,0.9295561595600575
2015-12-18,0.9358712750851593
2015-12-21,0.9453827975290794
2015-12-22,0.9467524043883611
2015-12-23,0.945938701388511
2015-12-24,0.9466263957105796
2015-12-25,0.9471473235405331
2015-12-28,0.9391074546915369
2015-12-29,0.9433293610367153
2015-12-30,0.9441108743542992
2015-12-31,0.9428977431362295
2016-01-04,0.9335696976292764
2016-01-05,0.9351013166981587
2016-01-06,0.9381268264618323
2016-01-07,0.9359442801103629
2016-01-08,0.9398557189300137
2016-01-11,0.9340857006534585
2016-01-12,0.9334804988385569
2016-01-13,0.9325130099339038
2016-01-14,0.9351511016078554
2016-01-15,0.9331887235179718
2016-01-18,0.9359848775405176
2016-01-19,0.939052183552599
2016-01-20,0.9370290489326778
2016-01-21,0.935375867438601
2016-01-22,0.9391443797847547
2016-01-25,0.9350731107486256
2016-01-26,0.9337663777550552
2016-01-27,0.9342574408630208
2016-01-28,0.9328275028875275
2016-01-29,0.93581895628332
2016-02-01,0.9362008147352499
2016-02-02,0.9375529847643663
2016-02-03,0.9392213042686843
2016-02-04,0.9454567290258076
2016-02-05,0.945504530462013
2016-02-15,0.9536926351661882
2016-02-16,0.9529038888148154
2016-02-17,0.9527522020646474
2016-02-18,0.9534539669331602
2016-02-19,0.9566305738188384
2016-02-22,0.9589382813342208
2016-02-23,0.9574344792854951
2016-02-24,0.9562082817535308
2016-02-25,0.9530329003105165
2016-02-26,0.9539841891160837
2016-02-29,0.9490021782821707
2016-03-01,0.9523976009166967
2016-03-02,0.9556801823049834
2016-03-03,0.9575062666022697
2016-03-04,0.9638882138901288
2016-03-07,0.9647337953168563
2016-03-08,0.9648283785298299
2016-03-09,0.960618826070124
2016-03-10,0.9587711722721683
2016-03-11,0.9646118947005065
2016-03-14,0.9635568061695269
2016-03-15,0.9595285906093842
2016-03-16,0.9618539687549977
2016-03-17,0.9664597863986897
2016-03-18,0.9708531182537948
2016-03-21,0.9694814385136169
2016-03-22,0.9721959514929335
2016-03-23,0.9707069802083718
2016-03-24,0.9679787900697923
2016-03-25,0.9723432822673669
2016-03-28,0.9689771716033888
2016-03-29,0.9694193343604828
2016-03-30,0.9720839380408203
2016-03-31,0.9695479486768694
2016-04-01,0.9728539966563313
2016-04-05,0.9721354925397414
2016-04-06,0.9710491101977745
2016-04-07,0.969666559783554
2016-04-08,0.9667706354240084
2016-04-11,0.9723202969256078
2016-04-12,0.9750603053919392
2016-04-13,0.9795168060948182
2016-04-14,0.9786878939755289
2016-04-15,0.9798122714801355
2016-04-18,0.9804215054319686
2016-04-19,0.9834235116567046
2016-04-20,0.9839973124797783
2016-04-21,0.9942810647674009
2016-04-22,0.9943316327978933
2016-04-25,0.9921474000130506
2016-04-26,0.9938601128563815
2016-04-27,0.9954934529074453
2016-04-28,0.9928098498599764
2016-04-29,0.9966567872830174
2016-05-03,1.00766964224273
2016-05-04,1.0008293108555832
2016-05-05,1.0000541901284723
2016-05-06,0.9938398217191167
2016-05-09,0.9922398234954986
2016-05-10,0.9904999862677731
2016-05-11,0.9970156131763976
2016-05-12,1.0017936553861708
2016-05-13,0.9981347480237809
2016-05-16,1.0001366538630838
2016-05-17,1.0027219222490247
2016-05-18,0.9986303712161004
2016-05-19,0.9970252082832257
2016-05-20,1.0013345500546476
2016-05-23,0.9986583576141038
2016-05-24,0.9947294603696716
2016-05-25,0.9936526192382339
2016-05-26,1.0000672109224245
2016-05-27,0.9985126749521948
2016-05-30,1.0005594659362256
2016-05-31,1.004885146425232
2016-06-01,1.0009790547538238
2016-06-02,1.0041107031992884
2016-06-03,1.0064059470224709
2016-06-06,1.010121173407357
2016-06-07,1.0092537037759393
2016-06-08,1.0107563932294459
2016-06-13,1.0159082887149873
2016-06-14,1.0143756078417565
2016-06-15,1.019399252217589
2016-06-16,1.0215293859166439
2016-06-17,1.0204322603360028
2016-06-20,1.0223842957104654
2016-06-21,1.023010053528905
2016-06-22,1.0261650798951116
2016-06-23,1.0244181640604524
2016-06-24,1.0274309904542689
2016-06-27,1.0384805911728843
2016-06-28,1.0404522642425613
2016-06-29,1.0399483766573248
2016-06-30,1.0439217992534902
2016-07-01,1.048875390059078
2016-07-04,1.0533474668098821
2016-07-05,1.0491243953094669
2016-07-06,1.0499329368723516
2016-07-07,1.0483898556143258
2016-07-08,1.0458646409432888
2016-07-11,1.0483392310598814
2016-07-12,1.049167660360214
2016-07-13,1.0542576303436009
2016-07-14,1.055128566364999
2016-07-15,1.0539986936450916
2016-07-18,1.0493252826942432
2016-07-19,1.0502033290317145
2016-07-20,1.050109545968682
2016-07-21,1.0508605561393647
2016-07-22,1.0471339994896909
2016-07-25,1.0461346582903837
2016-07-26,1.0477986746829933
2016-07-27,1.0437008675376354
2016-07-28,1.0497871722337406
2016-07-29,1.0459697403356227
2016-08-01,1.0470852942446993
2016-08-02,1.0481072444053723
2016-08-03,1.0480813939043627
2016-08-04,1.0479118697523175
2016-08-05,1.052666837813816
2016-08-08,1.0527136499489829
2016-08-09,1.0533146144874348
2016-08-10,1.0566006707299591
2016-08-11,1.055213037149367
2016-08-12,1.058297136026083
2016-08-15,1.0612830375295919
2016-08-16,1.0618587661697951
2016-08-17,1.0608737112747777
2016-08-18,1.0634834982551278
2016-08-19,1.0611189723370382
2016-08-22,1.0587171978653764
2016-08-23,1.0568013915453867
2016-08-24,1.0552193502747427
2016-08-25,1.0521326383725738
2016-08-26,1.0532985689473857
2016-08-29,1.05211013252441
2016-08-30,1.0500647547452537
2016-08-31,1.0492467380222215
2016-09-01,1.0488504312989309
2016-09-02,1.050297818549253
2016-09-05,1.050182038539593
2016-09-06,1.0525437284943127
2016-09-07,1.0552450918151097
2016-09-08,1.0565889160585413
2016-09-09,1.0558212226436665
2016-09-12,1.0491955228240897
2016-09-13,1.0525073929938833
2016-09-14,1.0505965675857492
2016-09-19,1.0550362561082824
2016-09-20,1.0563339769593656
2016-09-21,1.058254455088221
2016-09-22,1.061155058029379
2016-09-23,1.0629822722381443
2016-09-26,1.0601827695639263
2016-09-27,1.0607172910332434
2016-09-28,1.05912083204921
2016-09-29,1.061778691268967
2016-09-30,1.0623253584496688
2016-10-10,1.0644692851943325
2016-10-11,1.0660651058577757
2016-10-12,1.0633808589374487
2016-10-13,1.0634449906534993
2016-10-14,1.064762413481366
2016-10-17,1.06368424498432
2016-10-18,1.0669753799967552
2016-10-19,1.0657089073179036
2016-10-20,1.0692500140039083
2016-10-21,1.0692746639244368
2016-10-24,1.0724196828984054
2016-10-25,1.0755659776442255
2016-10-26,1.076763022007939
2016-10-27,1.078185349135139
2016-10-28,1.0811954422947287
2016-10-31,1.0806911610420595
2016-11-01,1.0835549404768978
2016-11-02,1.07778404039499
2016-11-03,1.082283907372468
2016-11-04,1.0804885137236342
2016-11-07,1.084200295712599
2016-11-08,1.0859250024959703
2016-11-09,1.0917285166336235
2016-11-10,1.10189429398982
2016-11-11,1.1090698017207252
2016-11-14,1.1007626263948183
2016-11-15,1.0948046547858705
2016-11-16,1.0964964449450825
2016-11-17,1.0923032491544522
2016-11-18,1.092850133581777
2016-11-21,1.101828984120878
2016-11-22,1.1093413580863383
2016-11-23,1.1096071100590474
2016-11-24,1.1145693650536552
2016-11-25,1.1138324008381257
2016-11-28,1.1221882207206628
2016-11-29,1.106392204368232
2016-11-30,1.1000111403537227
2016-12-01,1.1009740411814275
2016-12-02,1.0943206793565696
2016-12-05,1.0898715489694202
2016-12-06,1.088187925053697
2016-12-07,1.0917483141193758
2016-12-08,1.09065143270112
2016-12-09,1.0908867491344045
2016-12-12,1.0764960881712493
2016-12-13,1.0765646705979746
2016-12-14,1.0717278034948001
2016-12-15,1.0615532470345375
2016-12-16,1.068506197163131
2016-12-19,1.0607510725814762
2016-12-20,1.056328125790701
2016-12-21,1.0682772196225145
2016-12-22,1.068208574340746
2016-12-23,1.0649709187794538
2016-12-26,1.0648085275372319
2016-12-27,1.06567822839478
2016-12-28,1.0691739568280776
2016-12-29,1.0754259023454074
2016-12-30,1.0743891106924448
2017-01-03,1.0746784562952194
2017-01-04,1.0777699003409367
2017-01-05,1.076171919737341
2017-01-06,1.0732512315164782
2017-01-09,1.0776319818653823
2017-01-10,1.0798634436927397
2017-01-11,1.083394981336027
2017-01-12,1.0831242013025468
2017-01-13,1.085887031385985
2017-01-16,1.083538594799869
2017-01-17,1.083315850394552
2017-01-18,1.084357782502108
2017-01-19,1.0840770480615205
2017-01-20,1.0855315121082885
2017-01-23,1.0946011743230428
2017-01-24,1.093270054493295
2017-01-25,1.0956284761135913
2017-01-26,1.0949912364432077
2017-02-03,1.0861720231032592
2017-02-06,1.087441384312375
2017-02-07,1.0890296895360625
2017-02-08,1.0991286030638843
2017-02-09,1.1010777953387652
2017-02-10,1.1051546721123062
2017-02-13,1.1154711700231112
2017-02-14,1.112499618754097
2017-02-15,1.1048573262320946
2017-02-16,1.1118661476284009
2017-02-17,1.1058738258874605
2017-02-20,1.117134884251221
2017-02-21,1.1173433466770697
2017-02-22,1.1173144923284792
2017-02-23,1.1130437019798334
2017-02-24,1.1111929401637055
2017-02-27,1.1093622405701917
2017-02-28,1.1104284271629563
2017-03-01,1.1124856078439591
2017-03-02,1.1130657807043292
2017-03-03,1.1092708064489325
2017-03-06,1.1116468931301962
2017-03-07,1.1125741823406536
2017-03-08,1.1053584168639548
2017-03-09,1.099796807243044
2017-03-10,1.0986143620694575
2017-03-13,1.1106633350200976
2017-03-14,1.1079012068221588
2017-03-15,1.111717731479769
2017-03-16,1.1189376559333573
2017-03-17,1.111890262510712
2017-03-20,1.116845181228344
2017-03-21,1.1157601569466098
2017-03-22,1.1126077040891802
2017-03-23,1.11280277332084
2017-03-24,1.1197729108821142
2017-03-27,1.115085833615419
2017-03-28,1.1140849857639095
2017-03-29,1.1174013756144474
2017-03-30,1.1127639710580002
2017-03-31,1.1157589148918738
2017-04-05,1.118139210363335
2017-04-06,1.1205234373517192
2017-04-07,1.1196625636548052
2017-04-10,1.1192300087523164
2017-04-11,1.118768102302261
2017-04-12,1.1172635434443994
2017-04-13,1.1231328591821699
2017-04-14,1.1169196755809734
2017-04-17,1.1152335117313514
2017-04-18,1.112310567220938
2017-04-19,1.113855438960432
2017-04-20,1.1136754708979653
2017-04-21,1.1120499506067218
2017-04-24,1.1086037281110754
2017-04-25,1.112528050771619
2017-04-26,1.111117201661601
2017-04-27,1.1113305488902545
2017-04-28,1.1106908191931346
2017-05-02,1.116320040641482
2017-05-03,1.1130996461182678
2017-05-04,1.1056554694125909
2017-05-05,1.1016681319219923
2017-05-08,1.095624540608545
2017-05-09,1.0953622705812378
2017-05-10,1.0938441866162236
2017-05-11,1.09992209962408
2017-05-12,1.0966134343597582
2017-05-15,1.1020256288996868
2017-05-16,1.1034497911275607
2017-05-17,1.1056569552181934
2017-05-18,1.1015783884571033
2017-05-19,1.101150043118662
2017-05-22,1.1010068871236567
2017-05-23,1.1020537592341033
2017-05-24,1.102802302774025
2017-05-25,1.1110386203548028
2017-05-26,1.1081292067197912
2017-05-31,1.1024758876010243
2017-06-01,1.104956839560727
2017-06-02,1.104167095728495
2017-06-05,1.1044232106459764
2017-06-06,1.105113974910989
2017-06-07,1.1109069720541553
2017-06-08,1.115369510221201
2017-06-09,1.1198154276113597
2017-06-12,1.121958825910472
2017-06-13,1.120894765983329
2017-06-14,1.1186518414245685
2017-06-15,1.11553597354413
2017-06-16,1.1145252596093975
2017-06-19,1.1236477553448876
2017-06-20,1.12301292290479
2017-06-21,1.123008448002764
2017-06-22,1.1208325066351699
2017-06-23,1.1274235624136653
2017-06-26,1.1352090956113094
2017-06-27,1.1354022456374693
2017-06-28,1.133034574119774
2017-06-29,1.1363000518189288
2017-06-30,1.1347158354271956
2017-07-03,1.1390959177926023
2017-07-04,1.135621356578655
2017-07-05,1.1415553577661985
2017-07-06,1.142346580664306
2017-07-07,1.1422742366362562
2017-07-10,1.1466164261989942
2017-07-11,1.151091057617946
2017-07-12,1.1494167910604687
2017-07-13,1.1504068728162145
2017-07-14,1.1486569135345068
2017-07-17,1.1474065562614264
2017-07-18,1.1464135196285918
2017-07-19,1.1540169800569005
2017-07-20,1.157317080713512
2017-07-21,1.1582462875252755
2017-07-24,1.1562379679353032
2017-07-25,1.1588245188219635
2017-07-26,1.157430165031368
2017-07-27,1.1594090588411596
2017-07-28,1.1615193397869168
2017-07-31,1.1637499026224059
2017-08-01,1.1625574749736691
2017-08-02,1.160990859758736
2017-08-03,1.1564755847612864
2017-08-04,1.1570939962805329
2017-08-07,1.157254677134699
2017-08-08,1.1600183536994686
2017-08-09,1.1632850881065664
2017-08-10,1.161635931174426
2017-08-11,1.1494420446958444
2017-08-14,1.1561045477197378
2017-08-15,1.1580615310119413
2017-08-16,1.1561770534590894
2017-08-17,1.1641057601912441
2017-08-18,1.1626794834617813
2017-08-21,1.1659610320958975
2017-08-22,1.169522203806951
2017-08-23,1.1671518746169292
2017-08-24,1.166581544122371
2017-08-25,1.1752027721494356
2017-08-28,1.179545792790944
2017-08-29,1.1782661883947658
2017-08-30,1.1781109761536013
2017-08-31,1.1784704984493206
2017-09-01,1.1781803784041578
2017-09-04,1.180401873149306
2017-09-05,1.1809941092889988
2017-09-06,1.1813828957456607
2017-09-07,1.1814257485442279
2017-09-08,1.1782848764870688
2017-09-11,1.1779777235849298
2017-09-12,1.1797959005773482
2017-09-13,1.1755827884856451
2017-09-14,1.1770317566843587
2017-09-15,1.1780093832965919
2017-09-18,1.178936213526172
2017-09-19,1.1779716836880934
2017-09-20,1.1789400019258705
2017-09-21,1.1759743218017806
2017-09-22,1.1770801457496138
2017-09-25,1.1795990716634523
2017-09-26,1.1806645802411786
2017-09-27,1.1802100801602324
2017-09-28,1.1812173074455627
2017-09-29,1.1842709132327915
2017-10-09,1.190570310369093
2017-10-10,1.1906376598748964
2017-10-11,1.1918864617492844
2017-10-12,1.1926944682096106
2017-10-13,1.1977255669620652
2017-10-16,1.1987032435306308
2017-10-17,1.195583091605012
2017-10-18,1.1963638101784384
2017-10-19,1.1969733124665312
2017-10-20,1.1975916416603383
2017-10-23,1.1966368364678202
2017-10-24,1.199979607811031
2017-10-25,1.1950279897807774
2017-10-26,1.1980478653695512
2017-10-27,1.1931558355456742
2017-10-30,1.1850431705909774
2017-10-31,1.1870055885663477
2017-11-01,1.1896408056263803
2017-11-02,1.1887468649898363
2017-11-03,1.1886350251748117
2017-11-06,1.1924144520181346
2017-11-07,1.1943399276580178
2017-11-08,1.1922835007470387
2017-11-09,1.1950239593865855
2017-11-10,1.1969262282547417
2017-11-13,1.1979653807838915
2017-11-14,1.1977581792046124
2017-11-15,1.192900733818916
2017-11-16,1.1995564873698323
2017-11-17,1.199906320265054
2017-11-20,1.2055561194848468
2017-11-21,1.2156337430685702
2017-11-22,1.2139167639903508
2017-11-23,1.2020391890323276
2017-11-24,1.2072329653135883
2017-11-27,1.1978662728435916
2017-11-28,1.198522089729192
2017-11-29,1.200318519104364
2017-11-30,1.195025785924877
2017-12-01,1.1932268333755787
2017-12-04,1.2029720245126168
2017-12-05,1.1996992722273543
2017-12-06,1.1995192789619298
2017-12-07,1.1936637042490341
2017-12-08,1.1956059500143428
2017-12-11,1.1943015703364002
2017-12-12,1.1930991423233612
2017-12-13,1.1958358945601766
2017-12-14,1.194543370841009
2017-12-15,1.1950936545942927
2017-12-18,1.1978291024846177
2017-12-19,1.2000662889892537
2017-12-20,1.1995501701811577
2017-12-21,1.2026121915141086
2017-12-22,1.2047364890463688
2017-12-25,1.2045690339331818
2017-12-26,1.2086423119283465
2017-12-27,1.205236279647942
2017-12-28,1.2088953793515982
2017-12-29,1.2052698914992763
2018-01-02,1.2054122290596552
2018-01-03,1.205658706136014
2018-01-04,1.20583830350071
2018-01-05,1.205814438649458
2018-01-08,1.2067214180167414
2018-01-09,1.2095975688061245
2018-01-10,1.206826488918517
2018-01-11,1.2050264385210223
2018-01-12,1.2043068381536302
2018-01-15,1.2051875138766412
2018-01-16,1.204445618002466
2018-01-17,1.2013577955170267
2018-01-18,1.2007787902201505
2018-01-19,1.202467228942943
2018-01-22,1.207931303092409
2018-01-23,1.2089213305750475
2018-01-24,1.204668518976947
2018-01-25,1.2091416803610173
2018-01-26,1.2084901805077581
2018-01-29,1.208386760849152
2018-01-30,1.2039639921238694
2018-01-31,1.2072001291036611
2018-02-01,1.205035787703989
2018-02-02,1.2040015112207396
2018-02-05,1.2014299606151648
2018-02-06,1.1969481188152427
2018-02-07,1.1963174257667895
2018-02-08,1.1911275423920087
2018-02-09,1.1819082753330885
2018-02-12,1.1896212153244226
2018-02-13,1.1922430513138769
2018-02-14,1.19654800965596
2018-02-22,1.2068828047635953
2018-02-23,1.210682725367283
2018-02-26,1.2183746359557828
2018-02-27,1.2177447174793072
2018-02-28,1.2170533155079195
2018-03-01,1.2213146514345465
2018-03-02,1.2276569484505528
2018-03-05,1.2256183266805398
2018-03-06,1.2317025601335356
2018-03-07,1.229455242968357
2018-03-08,1.2292760710296142
2018-03-09,1.2264198982637367
2018-03-12,1.2257481455843202
2018-03-13,1.2223730234134702
2018-03-14,1.224001954679209
2018-03-15,1.2227684941469896
2018-03-16,1.2264353165666753
2018-03-19,1.2222203513569492
2018-03-20,1.2234730056016672
2018-03-21,1.2217208236990837
2018-03-22,1.2249013944802158
2018-03-23,1.22693676460652
2018-03-26,1.2280201614085122
2018-03-27,1.2275667263441767
2018-03-28,1.2233145514852855
2018-03-29,1.223914469978508
2018-03-30,1.2374833505951404
2018-04-02,1.2401212487227746
2018-04-03,1.2386983843170252
2018-04-04,1.2400064094532266
2018-04-09,1.2477119865290986
2018-04-10,1.2465867359557066
2018-04-11,1.2502479642562556
2018-04-12,1.2516895432372521
2018-04-13,1.251737957262518
2018-04-16,1.2543606084674532
2018-04-17,1.261253097293232
2018-04-18,1.2676216117063415
2018-04-19,1.2736646191347198
2018-04-20,1.2684395239096453
2018-04-23,1.2676637762862875
2018-04-24,1.26418026807691
2018-04-25,1.2607991452297749
2018-04-26,1.2605938253596431
2018-04-27,1.2601353450621495
2018-05-02,1.2626906629754218
2018-05-03,1.264719668460695
2018-05-04,1.2654407286786125
2018-05-07,1.265443012878393
2018-05-08,1.2610852442215326
2018-05-09,1.260038536698395
2018-05-10,1.2661217479517317
2018-05-11,1.2661707098020005
2018-05-14,1.2636327041309732
2018-05-15,1.2647802382572464
2018-05-16,1.261159730669437
2018-05-17,1.2610110260025074
2018-05-18,1.2625187565454263
2018-05-21,1.2632585847241844
2018-05-22,1.2640743540121349
2018-05-23,1.2654499682762055
2018-05-24,1.2690630597171535
2018-05-25,1.2720062496065623
2018-05-28,1.2655507238629469
2018-05-29,1.2690582227819236
2018-05-30,1.2668418256808054
2018-05-31,1.266662539284981
2018-06-01,1.2690765513661906
2018-06-04,1.2675483618136165
2018-06-05,1.264969962937641
2018-06-06,1.268805536805188
2018-06-07,1.270571012706213
2018-06-08,1.2663561841800954
2018-06-11,1.268518405679148
2018-06-12,1.2674775519938573
2018-06-13,1.2648729573435573
2018-06-14,1.2695576246168283
2018-06-15,1.268378104353268
2018-06-19,1.2616755955279328
2018-06-20,1.2604612078566173
2018-06-21,1.2594152675371086
2018-06-22,1.2605692082279252
2018-06-25,1.262097512626153
2018-06-26,1.264951261844374
2018-06-27,1.276244673181544
2018-06-28,1.277325525004475
2018-06-29,1.28147596170675
2018-07-02,1.2842702055440598
2018-07-03,1.2834368808005934
2018-07-04,1.2788208540054384
2018-07-05,1.2778945643116069
2018-07-06,1.2758500574155884
2018-07-09,1.2783021617942605
2018-07-10,1.2779565059673248
2018-07-11,1.2768692146061813
2018-07-12,1.2743577222027527
2018-07-13,1.272655003809019
2018-07-16,1.2744496749127414
2018-07-17,1.272815302385561
2018-07-18,1.2699213235186062
2018-07-19,1.2770137295660646
2018-07-20,1.2755789263423862
2018-07-23,1.2785514977143386
2018-07-24,1.280916278671212
2018-07-25,1.2851565588630112
2018-07-26,1.287316129893019
2018-07-27,1.2883630062761184
2018-07-30,1.292422580741296
2018-07-31,1.2964582191386298
2018-08-01,1.2953173827186437
2018-08-02,1.298703029394985
2018-08-03,1.3054349226626878
2018-08-06,1.3120414532004283
2018-08-07,1.3117533648979045
2018-08-08,1.3154412970135887
2018-08-09,1.31437185961391
2018-08-10,1.3143822651678263
2018-08-13,1.3154170249066983
2018-08-14,1.318282140603681
2018-08-15,1.315230682642903
2018-08-16,1.3116970418284988
2018-08-17,1.3076941924707683
2018-08-20,1.3152780396833221
2018-08-21,1.3204206670905316
2018-08-22,1.324429496993748
2018-08-23,1.3197727610957264
2018-08-24,1.3189953872453197
2018-08-27,1.3194580643492066
2018-08-28,1.3323182894608876
2018-08-29,1.3300468209940954
2018-08-30,1.335799154386655
2018-08-31,1.3352863372082946
2018-09-03,1.334196826827902
2018-09-04,1.3278668066762513
2018-09-05,1.3239422657563837
2018-09-06,1.3257192078565376
2018-09-07,1.324203720731946
2018-09-10,1.3265392907351887
2018-09-11,1.3221127542100588
2018-09-12,1.323506868681224
2018-09-13,1.3222554748082176
2018-09-14,1.3201517116006511
2018-09-17,1.3187250115178686
2018-09-18,1.3175730241776002
2018-09-19,1.3193717883033902
2018-09-20,1.3193924392695011
2018-09-21,1.3241933409191653
2018-09-25,1.327674151069875
2018-09-26,1.3309320391849575
2018-09-27,1.3314564371442417
2018-09-28,1.332837766131663
2018-10-08,1.3433594148243198
2018-10-09,1.353445898901352
2018-10-10,1.3553473463545618
2018-10-11,1.3484765660506302
2018-10-12,1.351766891871475
2018-10-15,1.351239453337532
2018-10-16,1.3478735351040008
2018-10-17,1.3488418976055612
2018-10-18,1.343395211849454
2018-10-19,1.343214450087408
2018-10-22,1.341551855312329
2018-10-23,1.3421323930137463
2018-10-24,1.3418730850192946
2018-10-25,1.3393598127146424
2018-10-26,1.339176158954903
2018-10-29,1.3407123152392968
2018-10-30,1.33880478043991
2018-10-31,1.3333654639801815
2018-11-01,1.3292339996944764
2018-11-02,1.3219188462817777
2018-11-05,1.3234201962381928
2018-11-06,1.3247668618510533
2018-11-07,1.3242124030640618
2018-11-08,1.3235185400911424
2018-11-09,1.31923218987989
2018-11-12,1.3176811045162784
2018-11-13,1.3147380949716294
2018-11-14,1.3112024489034007
2018-11-15,1.3146840538987317
2018-11-16,1.3224417462380276
2018-11-19,1.3223493169853686
2018-11-20,1.3192033807341361
2018-11-21,1.3170592114797663
2018-11-22,1.3150079533390653
2018-11-23,1.3109692215173934
2018-11-26,1.304990599512593
2018-11-27,1.3033155331398478
2018-11-28,1.3065006387056328
2018-11-29,1.3083598913039545
2018-11-30,1.3081622491233265
2018-12-03,1.3141461062871003
2018-12-04,1.3138808589913733
2018-12-05,1.3144468070078468
2018-12-06,1.3136352161331342
2018-12-07,1.3155434315298633
2018-12-10,1.318282816678733
2018-12-11,1.3165707343408815
2018-12-12,1.3161379313055608
2018-12-13,1.3129789630771747
2018-12-14,1.3103906791770774
2018-12-17,1.3093163235906813
2018-12-18,1.3116574971619075
2018-12-19,1.3092127523916917
2018-12-20,1.310844481965853
2018-12-21,1.3118259532124326
2018-12-24,1.3093538493900552
2018-12-25,1.3090040457799297
2018-12-26,1.3115181599782912
2018-12-27,1.311851022304843
2018-12-28,1.314420083191394
2019-01-02,1.3141621378530928
2019-01-03,1.3160331008090784
2019-01-04,1.3193639215661017
2019-01-07,1.3190534097152051
2019-01-08,1.3190733710983755
2019-01-09,1.3189065890300806
2019-01-10,1.317129048775279
2019-01-11,1.3140042441017143
2019-01-14,1.308526198427355
2019-01-15,1.3101517474687392
2019-01-16,1.3136191223786406
2019-01-17,1.3138641924814498
2019-01-18,1.3160594444335225
2019-01-21,1.315256047624671
2019-01-22,1.3122119909960244
2019-01-23,1.3125340649925172
2019-01-24,1.3134857271729172
2019-01-25,1.311806054124304
2019-01-28,1.3150486574243756
2019-01-29,1.3159505137320477
2019-01-30,1.3175510176071672
2019-01-31,1.320790015205928
2019-02-01,1.3254305000548439
2019-02-11,1.3292080157606572
2019-02-12,1.3307596000041737
2019-02-13,1.3329782729199169
2019-02-14,1.3318631988629854
2019-02-15,1.3299787034347565
2019-02-18,1.338818485221912
2019-02-19,1.3400564244086668
2019-02-20,1.342878793889983
2019-02-21,1.3412463390046716
2019-02-22,1.344470629635646
2019-02-25,1.3557966718812373
2019-02-26,1.3495576079941596
2019-02-27,1.3480366888374853
2019-02-28,1.3454137853968564
2019-03-01,1.3482043666135155
2019-03-04,1.3463539594210965
2019-03-05,1.3476935514979567
2019-03-06,1.3522779148211894
2019-03-07,1.3527914309138969
2019-03-08,1.3478477977983476
2019-03-11,1.3527609058777825
2019-03-12,1.3559847281758122
2019-03-13,1.3566526438897557
2019-03-14,1.3530156960596573
2019-03-15,1.3572505714211172
2019-03-18,1.3630047121378968
2019-03-19,1.3630796087047052
2019-03-20,1.3632217123235713
2019-03-21,1.367729688297336
2019-03-22,1.3679029355335335
2019-03-25,1.3645040254677436
2019-03-26,1.361153631541009
2019-03-27,1.3628563245893366
2019-03-28,1.3595525205339518
2019-03-29,1.3623302347774795
2019-04-01,1.3691072341739512
2019-04-02,1.367905798047301
2019-04-03,1.3688798167995424
2019-04-04,1.3700915877588469
2019-04-08,1.3704141856168666
2019-04-09,1.3711969461231326
2019-04-10,1.3735048303074011
2019-04-11,1.3706848080698644
2019-04-12,1.36607325173699
2019-04-15,1.3636460002817825
2019-04-16,1.3672015906110029
2019-04-17,1.3687461784546846
2019-04-18,1.367615465995763
2019-04-19,1.369478353700843
2019-04-22,1.3653623760394797
2019-04-23,1.3629555069770516
2019-04-24,1.3601966002247268
2019-04-25,1.3574387786631388
2019-04-26,1.3563052090728915
2019-04-29,1.3550984454079378
2019-04-30,1.35889188578366
2019-05-06,1.3441855139652503
2019-05-07,1.3480440175391988
2019-05-08,1.3476339564070006
2019-05-09,1.3486215746632213
2019-05-10,1.3560999353327066
2019-05-13,1.3575423197780343
2019-05-14,1.358189153098427
2019-05-15,1.364747249527528
2019-05-16,1.3686306169817857
2019-05-17,1.36271540660012
2019-05-20,1.3605245186341701
2019-05-21,1.3630485927222384
2019-05-22,1.357874615169701
2019-05-23,1.3547935761278547
2019-05-24,1.359914222705612
2019-05-27,1.3648030003527734
2019-05-28,1.3660837369139844
2019-05-29,1.3696799574348322
2019-05-30,1.3652276745056122
2019-05-31,1.3670959896524304
2019-06-03,1.372879632128524
2019-06-04,1.3755993410163498
2019-06-05,1.3779516515360872
2019-06-06,1.3699607993721332
2019-06-10,1.3705163158956817
2019-06-11,1.3743883546540538
2019-06-12,1.3743481631974248
2019-06-13,1.3783144545132273
2019-06-14,1.3815914584760163
2019-06-17,1.3809999225468654
2019-06-18,1.3807305103568182
2019-06-19,1.3793811385669328
2019-06-20,1.3884067755322085
2019-06-21,1.3902288438868322
2019-06-24,1.393254394040877
2019-06-25,1.398846081335346
2019-06-26,1.3927879682374573
2019-06-27,1.3923164861793622
2019-06-28,1.3948336822059664
2019-07-01,1.3935774203010864
2019-07-02,1.395006611125814
2019-07-03,1.3989764662373774
2019-07-04,1.3974263728030525
2019-07-05,1.397425449742293
2019-07-08,1.3902109240037497
2019-07-09,1.3883733977201123
2019-07-10,1.3884823807427085
2019-07-11,1.393559075658542
2019-07-12,1.3953215988572205
2019-07-15,1.3988335760609563
2019-07-16,1.3975609025997577
2019-07-17,1.3971569475096743
2019-07-18,1.3987144436987093
2019-07-19,1.4069722731385317
2019-07-22,1.4010383521213654
2019-07-23,1.3997681473705883
2019-07-24,1.399401265664089
2019-07-25,1.4026596697454394
2019-07-26,1.40182929051028
2019-07-29,1.3999578566280353
2019-07-30,1.4045604409209715
2019-07-31,1.4046753138411359
2019-08-01,1.3995213312597847
2019-08-02,1.4025040519849212
2019-08-05,1.4077880826504023
2019-08-06,1.4055604676330098
2019-08-07,1.4070792290315985
2019-08-08,1.4117826392503583
2019-08-09,1.4138299618693155
2019-08-12,1.418356453880321
2019-08-13,1.4233019408754148
2019-08-14,1.4181309998174998
2019-08-15,1.4194030609131632
2019-08-16,1.4191876648994926
2019-08-19,1.4275780310469375
2019-08-20,1.425597841141651
2019-08-21,1.4243765057229754
2019-08-22,1.4264093683395023
2019-08-23,1.427741643833556
2019-08-26,1.4306711064924853
2019-08-27,1.4338750156529012
2019-08-28,1.4351122149994486
2019-08-29,1.4388358497910116
2019-08-30,1.4329963182847043
2019-09-02,1.4368985869015425
2019-09-03,1.4366435196006695
2019-09-04,1.4414816160671422
2019-09-05,1.4452252378099526
2019-09-06,1.4443148943920017
2019-09-09,1.4453760021065383
2019-09-10,1.4417334096359897
2019-09-11,1.4401883946503382
2019-09-12,1.4410936223332789
2019-09-16,1.4399537974420031
2019-09-17,1.433975354914174
2019-09-18,1.4333650770505084
2019-09-19,1.4340589683501865
2019-09-20,1.4369744058678195
2019-09-23,1.435408382688911
2019-09-24,1.4350289985738092
2019-09-25,1.4342256596605611
2019-09-26,1.428290131718177
2019-09-27,1.4248189421494182
2019-09-30,1.425955866620107
2019-10-08,1.428147644142843
2019-10-09,1.4315040272341757
2019-10-10,1.4325224038011424
2019-10-11,1.4333013203749698
2019-10-14,1.4340334960012877
2019-10-15,1.4332669636032347
2019-10-16,1.431888555126853
2019-10-17,1.4334153536311331
2019-10-18,1.4293251674697085
2019-10-21,1.4327133961072802
2019-10-22,1.4336707768481805
2019-10-23,1.4324774603080832
2019-10-24,1.4345282039734277
2019-10-25,1.4361521778271087
2019-10-28,1.4345912944916
2019-10-29,1.4311206907194818
2019-10-30,1.4289376741075333
2019-10-31,1.4283224960521592
2019-11-01,1.4334002069618739
2019-11-04,1.4352484436006496
2019-11-05,1.4395604236699822
2019-11-06,1.4346682547508036
2019-11-07,1.4367167155455407
2019-11-08,1.4337135573170718
2019-11-11,1.4260655219956972
2019-11-12,1.4231646331727517
2019-11-13,1.4237262640521153
2019-11-14,1.4226385602542952
2019-11-15,1.4208411010476723
2019-11-18,1.4282241096629897
2019-11-19,1.4319089518243426
2019-11-20,1.430730498578387
2019-11-21,1.4317392620413683
2019-11-22,1.4273340754712527
2019-11-25,1.4291033886239812
2019-11-26,1.428962522956145
2019-11-27,1.4295122495622852
2019-11-28,1.4298432075837462
2019-11-29,1.43078573581877
2019-12-02,1.4296563192468315
2019-12-03,1.430813366934495
2019-12-04,1.4321416914415308
2019-12-05,1.4344742942082152
2019-12-06,1.4335573319164208
2019-12-09,1.4402414522368774
2019-12-10,1.443217058300605
2019-12-11,1.4457904235914356
2019-12-12,1.4453027858192091
2019-12-13,1.446483822269536
2019-12-16,1.4503177498317914
2019-12-17,1.4542367450593645
2019-12-18,1.4541167945515616
2019-12-19,1.4555147847911045
2019-12-20,1.4563784744451198
2019-12-23,1.4540156357008729
2019-12-24,1.4597138941147976
2019-12-25,1.460764118313294
2019-12-26,1.4612652747003303
2019-12-27,1.4616123739140656
2019-12-30,1.4667424635548039
2019-12-31,1.4669559124886298
2020-01-02,1.470112634052199
2020-01-03,1.4685492416191688
2020-01-06,1.4712928695448495
2020-01-07,1.4721559183896031
2020-01-08,1.4711766702228113
2020-01-09,1.469748500996457
2020-01-10,1.4712486531520383
2020-01-13,1.4713154318210642
2020-01-14,1.4704889547453959
2020-01-15,1.4718004677764334
2020-01-16,1.4747687527700064
2020-01-17,1.474821518516321
2020-01-20,1.4770299307828338
2020-01-21,1.4715744643182085
2020-01-22,1.4716645681597043
2020-01-23,1.461453299597651
2020-02-03,1.4415431664899963
2020-02-04,1.448554690331086
2020-02-05,1.451093005948183
2020-02-06,1.456772365720432
2020-02-07,1.4591976326446994
2020-02-10,1.4600054818736954
2020-02-11,1.459233510126946
2020-02-12,1.4599357460262294
2020-02-13,1.4624930192665686
2020-02-14,1.459848412670398
2020-02-17,1.465507646904868
2020-02-18,1.4672480395497274
2020-02-19,1.468582453978316
2020-02-20,1.470021516045138
2020-02-21,1.473900118255922
2020-02-24,1.4752474954004011
2020-02-25,1.4730216513952568
2020-02-26,1.4709652051782058
2020-02-27,1.4720660714963496
2020-02-28,1.4600513253829517
2020-03-02,1.464405452860726
2020-03-03,1.4638939702909368
2020-03-04,1.471135633383803
2020-03-05,1.4726631434129018
2020-03-06,1.4755534559159265
2020-03-09,1.4706091372978238
2020-03-10,1.4666698714443922
2020-03-11,1.4676439683416538
2020-03-12,1.460901074084752
2020-03-13,1.454155488554807
2020-03-16,1.4446734085297464
2020-03-17,1.4343450255029764
2020-03-18,1.4327651776558967
2020-03-19,1.4206551621392478
2020-03-20,1.4308644649791429
2020-03-23,1.4295521213926115
2020-03-24,1.4415100154981222
2020-03-25,1.45281571047614
2020-03-26,1.4500006846694715
2020-03-27,1.452130547323544
2020-03-30,1.4497348660285636
2020-03-31,1.4531430735700561
2020-04-01,1.447206735521369
2020-04-02,1.4497320898280424
2020-04-03,1.444510412738784
2020-04-07,1.4602290470445336
2020-04-08,1.4631967036172406
2020-04-09,1.4622427031984082
2020-04-10,1.462808595250289
2020-04-13,1.4605527350106315
2020-04-14,1.4649701541787215
2020-04-15,1.4666773665555508
2020-04-16,1.4676513132271227
2020-04-17,1.4681447120671616
2020-04-20,1.4647666075509846
2020-04-21,1.4618345467576093
2020-04-22,1.466862286886013
2020-04-23,1.4761340620599404
2020-04-24,1.4768764649278554
2020-04-27,1.4780204628894318
2020-04-28,1.4757551659049084
2020-04-29,1.480188839436131
2020-04-30,1.481003260655999
2020-05-06,1.4816855304446706
2020-05-07,1.475709522989546
2020-05-08,1.4806123081836615
2020-05-11,1.4764853711049815
2020-05-12,1.4764266495060476
2020-05-13,1.4756748583056702
2020-05-14,1.4735332917139035
2020-05-15,1.4771101119839016
2020-05-18,1.4808192540407654
2020-05-19,1.4817758576563187
2020-05-20,1.4852527912608537
2020-05-21,1.482697263387146
2020-05-22,1.483255136059584
2020-05-25,1.4821391389248417
2020-05-26,1.482645049200444
2020-05-27,1.4833301204572367
2020-05-28,1.4864978101656283
2020-05-29,1.4868792617259965
2020-06-01,1.4943117698326778
2020-06-02,1.4898381857617033
2020-06-03,1.4911365031281836
2020-06-04,1.4902882712995886
2020-06-05,1.4909628838214584
2020-06-08,1.4936471903804167
2020-06-09,1.4967873395626552
2020-06-10,1.5013392069464249
2020-06-11,1.5007069392696109
2020-06-12,1.505665117630114
2020-06-15,1.5007370213346538
2020-06-16,1.5069640425291315
2020-06-17,1.5053202784373874
2020-06-18,1.5073308779735937
2020-06-19,1.5119649971411553
2020-06-22,1.5125350364641041
2020-06-23,1.5122624641145594
2020-06-24,1.5166661196184075
2020-06-29,1.5174796590458557
2020-06-30,1.5238749709884507
2020-07-01,1.5376716864183237
2020-07-02,1.5443796108516736
2020-07-03,1.5483937782837152
2020-07-06,1.5639030070457407
2020-07-07,1.5642481522746112
2020-07-08,1.5666677671149196
2020-07-09,1.5768682404771923
2020-07-10,1.5723970802352756
2020-07-13,1.5865111128998972
2020-07-14,1.5801110892574315
2020-07-15,1.578405428499332
2020-07-16,1.5600734348173062
2020-07-17,1.5625719603072974
2020-07-20,1.576098813484601
2020-07-21,1.5796905353337583
2020-07-22,1.5914467432848163
2020-07-23,1.5918671071751371
2020-07-24,1.5821442948633446
2020-07-27,1.5869446630395327
2020-07-28,1.5828721868587807
2020-07-29,1.5943329677241842
2020-07-30,1.5928145325633103
2020-07-31,1.5959449825281895
2020-08-03,1.6010970446511803
2020-08-04,1.602698094903845
2020-08-05,1.6048424292326797
2020-08-06,1.6036462151080835
2020-08-07,1.603410730616909
2020-08-10,1.6016363655106995
2020-08-11,1.5912305666012485
2020-08-12,1.5776573962521672
2020-08-13,1.5829414220149585
2020-08-14,1.5909444720153425
2020-08-17,1.6017376192982222
2020-08-18,1.6075819922080106
2020-08-19,1.6035043121329395
2020-08-20,1.59306343134971
2020-08-21,1.594455835395605
2020-08-24,1.593014190054365
2020-08-25,1.5909539495129734
2020-08-26,1.5889119109846608
2020-08-27,1.5919731210807215
2020-08-28,1.5997808303302048
2020-08-31,1.6031583864723744
2020-09-01,1.6042663372408223
2020-09-02,1.596798337893437
2020-09-03,1.5911577225015852
2020-09-04,1.59147921628793
2020-09-07,1.5909513254214895
2020-09-08,1.596668488432411
2020-09-09,1.5885362497977806
2020-09-10,1.5892413958986567
2020-09-11,1.5916440760707522
2020-09-14,1.6003540192161636
2020-09-15,1.6050675924161184
2020-09-16,1.5983091972549248
2020-09-17,1.5965222445664327
2020-09-18,1.6123346378573506
2020-09-21,1.6111278438748153
2020-09-22,1.600599767715882
2020-09-23,1.5944701523643545
2020-09-24,1.5819967471282197
2020-09-25,1.5833993279768597
2020-09-28,1.588224642094268
2020-09-29,1.5880084814258153
2020-09-30,1.5850315319166444
2020-10-09,1.6055009077368159
2020-10-12,1.62004645933779
2020-10-13,1.6160922345541442
2020-10-14,1.6138784833664204
2020-10-15,1.6111238400040961
2020-10-16,1.6161639774739223
2020-10-19,1.6153548063221776
2020-10-20,1.6188890887408167
2020-10-21,1.6201117901986768
2020-10-22,1.6205598557608034
2020-10-23,1.6130126094958899
2020-10-26,1.6126010493298841
2020-10-27,1.6142372412297454
2020-10-28,1.6144941429059676
2020-10-29,1.610865365494078
2020-10-30,1.6020546757749798
2020-11-02,1.6101468805800525
2020-11-03,1.6169005691091618
2020-11-04,1.6210266910519278
2020-11-05,1.6243387866835086
2020-11-06,1.6214678086559022
2020-11-09,1.6224721341548796
2020-11-10,1.6230361885762004
2020-11-11,1.637126580146799
2020-11-12,1.6359292464188457
2020-11-13,1.6330050978142863
2020-11-16,1.6404158377999514
2020-11-17,1.6385485915215776
2020-11-18,1.6423505678276888
2020-11-19,1.6405047993871107
2020-11-20,1.6494048080090953
2020-11-23,1.6577372661710328
2020-11-24,1.6567732913040187
2020-11-25,1.6583751830915041
2020-11-26,1.6585532636157552
2020-11-27,1.6624431647012665
2020-11-30,1.6707723498411144
2020-12-01,1.6665374744182562
2020-12-02,1.666528885151086
2020-12-03,1.6571687876066865
2020-12-04,1.6690878400070204
2020-12-07,1.6622766207646278
2020-12-08,1.660983537975533
2020-12-09,1.6576038378396067
2020-12-10,1.663097165010375
2020-12-11,1.6593076106666955
2020-12-14,1.665488738055755
2020-12-15,1.6637409782274217
2020-12-16,1.6686996734854485
2020-12-17,1.6771887121016023
2020-12-18,1.6845195491957232
2020-12-21,1.6852274194164052
2020-12-22,1.6714870520859553
2020-12-23,1.6721955883562722
2020-12-24,1.6772447390124974
2020-12-25,1.6823563479625463
2020-12-28,1.6767836521620787
2020-12-29,1.6705747567366138
2020-12-30,1.6802562245180894
2020-12-31,1.684393532007578
2021-01-04,1.69210971485507
2021-01-05,1.6916671451289222
2021-01-06,1.7026645431959733
2021-01-07,1.7072677247784371
2021-01-08,1.7072148884478588
2021-01-11,1.6935185349951203
2021-01-12,1.7001753235154629
2021-01-13,1.7112935513687189
2021-01-14,1.7073746333619537
2021-01-15,1.7054097175842424
2021-01-18,1.701907486258312
2021-01-19,1.7013162624433995
2021-01-20,1.6974340656721563
2021-01-21,1.7030346996342818
2021-01-22,1.6919989910767657
2021-01-25,1.6895745112620317
2021-01-26,1.6826235427865592
2021-01-27,1.6904872752439954
2021-01-28,1.680432217012455
2021-01-29,1.686912241189328
2021-02-01,1.6966365545979076
2021-02-02,1.6908718716638824
2021-02-03,1.6843206267659698
2021-02-04,1.6912937745203644
2021-02-05,1.695926186784451
2021-02-08,1.7004498630954499
2021-02-09,1.709589287361718
2021-02-10,1.707770192006061
2021-02-18,1.7247287785207805
2021-02-19,1.727377474932344
2021-02-22,1.7444625647031475
2021-02-23,1.7564266653046194
2021-02-24,1.758817844143895
2021-02-25,1.7779810027377982
2021-02-26,1.755823611885942
2021-03-01,1.7550843631954904
2021-03-02,1.7386790923115947
2021-03-03,1.7541179623120093
2021-03-04,1.7461192984111706
2021-03-05,1.7529745795639238
2021-03-08,1.76051107549409
2021-03-09,1.7455894671247922
2021-03-10,1.7393916649740464
2021-03-11,1.7500089642623562
2021-03-12,1.74910671666263
2021-03-15,1.7556021349007052
2021-03-16,1.7511554086553605
2021-03-17,1.7581906996344814
2021-03-18,1.754604158279751
2021-03-19,1.7394586132497072
2021-03-22,1.748293126493952
2021-03-23,1.7427533463045455
2021-03-24,1.74054388986923
2021-03-25,1.7402420840394892
2021-03-26,1.7495558551593648
2021-03-29,1.7513940893826259
2021-03-30,1.748898655563215
2021-03-31,1.7456940339658988
2021-04-01,1.7523566453292307
2021-04-02,1.760452943930702
2021-04-06,1.7566625719680122
2021-04-07,1.7584064351567972
2021-04-08,1.754580458749505
2021-04-09,1.7558036271158053
2021-04-12,1.7523171998498563
2021-04-13,1.7586219371184602
2021-04-14,1.7638289999640795
2021-04-15,1.7738855417711688
2021-04-16,1.7789992905172085
2021-04-19,1.7842466364945113
2021-04-20,1.7823953661627838
2021-04-21,1.7816286039400953
2021-04-22,1.7819057927772537
2021-04-23,1.7843704697678144
2021-04-26,1.7829078370965796
2021-04-27,1.7896242574080667
2021-04-28,1.7882897816544159
2021-04-29,1.795014024824273
2021-04-30,1.7966456003600366
2021-05-06,1.8109470204076894
2021-05-07,1.819050394124835
2021-05-10,1.8296736885312663
2021-05-11,1.8217174790659219
2021-05-12,1.8313447548114667
2021-05-13,1.8209534098922318
2021-05-14,1.8130735740869353
2021-05-17,1.820281507830985
2021-05-18,1.8267392076349473
2021-05-19,1.8189546408728428
2021-05-20,1.8168878038814058
2021-05-21,1.810608927981763
2021-05-24,1.8088075871375178
2021-05-25,1.8162446281128644
2021-05-26,1.8171387141768682
2021-05-27,1.8150879296757463
2021-05-28,1.8205789834221051
2021-05-31,1.8267332838412749
2021-06-01,1.8313305871444798
2021-06-02,1.8248101535951704
2021-06-03,1.8249343541735479
2021-06-04,1.8139294766997818
2021-06-07,1.8129590568789902
2021-06-08,1.8142094538312836
2021-06-09,1.8159134827267287
2021-06-10,1.8155270666640442
2021-06-11,1.8202840996313527
2021-06-15,1.8105013992509034
2021-06-16,1.8086586391255337
2021-06-17,1.804794390630786
2021-06-18,1.797851360712589
2021-06-21,1.801620658192031
2021-06-22,1.808818154451893
2021-06-23,1.8142621997561317
2021-06-24,1.8133396935506017
2021-06-25,1.8164288741150878
2021-06-28,1.8140611216739952
2021-06-29,1.8117788166451492
2021-06-30,1.8139794888914236
2021-07-01,1.818525466810536
2021-07-02,1.8215638851867202
2021-07-05,1.8269095749641913
2021-07-06,1.8284829316695528
2021-07-07,1.8225912389793832
2021-07-08,1.8196215054611267
2021-07-09,1.823205965660105
2021-07-12,1.8285565152017518
2021-07-13,1.834782923526907
2021-07-14,1.8410679644195422
2021-07-15,1.8334609329982896
2021-07-16,1.8364113015946395
2021-07-19,1.8353435892927161
2021-07-20,1.8308690603432907
2021-07-21,1.832749127962263
2021-07-22,1.8362831646068412
2021-07-23,1.8402826842488131
2021-07-26,1.8391548118336156
2021-07-27,1.8323018789757235
2021-07-28,1.835862462795768
2021-07-29,1.8425263240816894
2021-07-30,1.8515807670832614
2021-08-02,1.848352490095296
2021-08-03,1.8389731950046684
2021-08-04,1.8398936210079733
2021-08-05,1.8359519213545799
2021-08-06,1.8423386348878938
2021-08-09,1.8300621605513452
2021-08-10,1.8313192776384304
2021-08-11,1.835794791092471
2021-08-12,1.8404478297063682
2021-08-13,1.8414524024986048
2021-08-16,1.8417034498941005
2021-08-17,1.8449655721363964
2021-08-18,1.8454939055879231
2021-08-19,1.834794747105486
2021-08-20,1.83506110824699
2021-08-23,1.8357491864831321
2021-08-24,1.8439923980028814
2021-08-25,1.8484229385028328
2021-08-26,1.8440407271263364
2021-08-27,1.8532964448167208
2021-08-30,1.8623073819710136
2021-08-31,1.8654230896225596
2021-09-01,1.8638607939929897
2021-09-02,1.8685521461652013
2021-09-03,1.8683480128058598
2021-09-06,1.873264671515461
2021-09-07,1.8769976920623812
2021-09-08,1.87592772298089
2021-09-09,1.8861038678356432
2021-09-10,1.8894556164047474
2021-09-13,1.9044786242574485
2021-09-14,1.8910112310488514
2021-09-15,1.8906471996182939
2021-09-16,1.8904272813360845
2021-09-17,1.8860840181869236
2021-09-22,1.898069655419685
2021-09-23,1.9025052061106766
2021-09-24,1.8919688892137385
2021-09-27,1.8873719337264931
2021-09-28,1.8907863417233381
2021-09-29,1.8816119363869939
2021-09-30,1.880598019791162
2021-10-08,1.8877801482280079
2021-10-11,1.8904585458323426
2021-10-12,1.888419581929328
2021-10-13,1.8831640880688314
2021-10-14,1.891839243652289
2021-10-15,1.9013311242999078
2021-10-18,1.9027116457589335
2021-10-19,1.9004568661824277
2021-10-20,1.8831969173212615
2021-10-21,1.889685800147752
2021-10-22,1.881971997115526
2021-10-25,1.8847973968117895
2021-10-26,1.8828886030000278
2021-10-27,1.8667917877966427
2021-10-28,1.8642451306075662
2021-10-29,1.859816334981539
2021-11-01,1.8583988088596088
2021-11-02,1.8616069021526795
2021-11-03,1.8607124884002753
2021-11-04,1.8522256317914905
2021-11-05,1.8472932514047726
2021-11-08,1.8608398313983305
2021-11-09,1.861499602479555
2021-11-10,1.8655046247828582
2021-11-11,1.8665682850477738
2021-11-12,1.8644574436703618
2021-11-15,1.8645863170719366
2021-11-16,1.8668341532565473
2021-11-17,1.8624877731598124
2021-11-18,1.8566994708388214
2021-11-19,1.8659883273274414
2021-11-22,1.8599720756860534
2021-11-23,1.859239781930766
2021-11-24,1.8702641415326389
2021-11-25,1.8706507048903005
2021-11-26,1.8629335112875771
2021-11-29,1.8538321930194925
2021-11-30,1.8403788525038056
2021-12-01,1.842167339419022
2021-12-02,1.8357284960410567
2021-12-03,1.840808474700688
2021-12-06,1.8452981710693117
2021-12-07,1.8444634043692398
2021-12-08,1.8454757091422025
2021-12-09,1.850440292941291
2021-12-10,1.8505886402756473
2021-12-13,1.854741632205824
2021-12-14,1.8496071073674765
2021-12-15,1.847565717794596
2021-12-16,1.8554641960636418
2021-12-17,1.8628399822478998
2021-12-20,1.8557760815962607
2021-12-21,1.8595339018246058
2021-12-22,1.8672758251621282
2021-12-23,1.8783701783707334
2021-12-24,1.8776804974992856
2021-12-27,1.8749695412791894
2021-12-28,1.8826165809579596
2021-12-29,1.8807664163323425
2021-12-30,1.8854662792344874
2021-12-31,1.8861206669813964
2022-01-04,1.8884603671406668
2022-01-05,1.8936352972166597
2022-01-06,1.8868948210835452
2022-01-07,1.8936634125918235
2022-01-10,1.8954646985914685
2022-01-11,1.900019635425017
2022-01-12,1.9049173340109236
2022-01-13,1.9072152217841083
2022-01-14,1.902083679679216
2022-01-17,1.8995731737887789
2022-01-18,1.9054742654581827
2022-01-19,1.9116244499214055
2022-01-20,1.918011900021691
2022-01-21,1.917153895861379
2022-01-24,1.916744647126173
2022-01-25,1.910188779331655
2022-01-26,1.915247104501412
2022-01-27,1.9114812078184835
2022-01-28,1.9157628069824404
2022-02-07,1.9393665763875836
2022-02-08,1.9471728462238176
2022-02-09,1.9471527134983055
2022-02-10,1.9579435951203845
2022-02-11,1.9424154463450098
2022-02-14,1.9471404708273943
2022-02-15,1.94588377379831
2022-02-16,1.9418259963622626
2022-02-17,1.9448552723823485
2022-02-18,1.950791979841484
2022-02-21,1.9453314951944978
2022-02-22,1.9571430293074048
2022-02-23,1.9561990192306982
2022-02-24,1.973676091108558
2022-02-25,1.962035855248344
2022-02-28,1.961129924305531
2022-03-01,1.9629148208818958
2022-03-02,1.978086855145958
2022-03-03,1.9946431198994203
2022-03-04,1.9880834469182576
2022-03-07,2.021489154693976
2022-03-08,2.018923088312642
2022-03-09,2.0181716817126656
2022-03-10,1.983716864374802
2022-03-11,1.992295781107897
2022-03-14,1.990785178780598
2022-03-15,1.9567306500899149
2022-03-16,1.9668191539928228
2022-03-17,1.9694426094728923
2022-03-18,1.9956129825260205
2022-03-21,1.99726017595804
2022-03-22,2.008422738214867
2022-03-23,2.007798272355462
2022-03-24,2.0163099679303462
2022-03-25,2.0188366922938155
2022-03-28,2.0104712662037536
2022-03-29,2.002924958557126
2022-03-30,2.0079732853112264
2022-03-31,2.0039757608783435
2022-04-01,1.9954927962214692
2022-04-06,2.00583094250441
2022-04-07,1.9948815346643403
2022-04-08,1.9990438008288527
2022-04-11,1.9926229061512992
2022-04-12,1.9948205423004248
2022-04-13,2.0004612933301154
2022-04-14,2.006379301822458
2022-04-15,2.0131682376552003
2022-04-18,2.0084486922262847
2022-04-19,2.013155068654746
2022-04-20,2.005047275553121
2022-04-21,2.0087055539561796
2022-04-22,2.0094213188983816
2022-04-25,1.9851265526763662
2022-04-26,1.986255603199916
2022-04-27,1.9891915643568545
2022-04-28,1.9931857021780348
2022-04-29,2.005141648046465
2022-05-05,2.0041199235884504
2022-05-06,1.9966329863930121
2022-05-09,1.9944222811199142
2022-05-10,1.9916873782743953
2022-05-11,1.9925294745357123
2022-05-12,1.9970750389464862
2022-05-13,2.001993923111622
2022-05-16,2.005999571197211
2022-05-17,2.0085792158859754
2022-05-18,2.0034092647731954
2022-05-19,2.0054466796761576
2022-05-20,2.010369087277557
2022-05-23,2.013658509572441
2022-05-24,2.0056634161255404
2022-05-25,2.012086033984721
2022-05-26,2.0179903400080734
2022-05-27,2.025917691536149
2022-05-30,2.022865364755911
2022-05-31,2.022876842278874
2022-06-01,2.0123755512436943
2022-06-02,2.014497636597429
2022-06-06,2.021833683151256
2022-06-07,2.023835372440437
2022-06-08,2.029720673575766
2022-06-09,2.0327276293082686
2022-06-10,2.0318948982230616
2022-06-13,2.023007404127504
2022-06-14,2.0202301388816277
2022-06-15,2.0119924871663835
2022-06-16,2.0115277213855176
2022-06-17,2.0110503169759584
2022-06-20,1.9972427429139163
2022-06-21,1.998228863896655
2022-06-22,1.9900755667260794
2022-06-23,1.9838870916970637
2022-06-24,1.9648128888743297
2022-06-27,1.9699015019848156
2022-06-28,1.9771445211087506
2022-06-29,1.9718371483663284
2022-06-30,1.9751269052148257
2022-07-01,1.9643506949201825
2022-07-04,1.964624404290806
2022-07-05,1.9627016183166583
2022-07-06,1.946045548804888
2022-07-07,1.943290449729514
2022-07-08,1.9474259572662003
2022-07-11,1.9506407251198208
2022-07-12,1.9449723918664674
2022-07-13,1.9354801092796283
2022-07-14,1.9331034523641983
2022-07-15,1.923099193272412
2022-07-18,1.9417229698513983
2022-07-19,1.9384529166043654
2022-07-20,1.9406215463381415
2022-07-21,1.9369172920780096
2022-07-22,1.9399024511583072
2022-07-25,1.9396193403367383
2022-07-26,1.9556397741122895
2022-07-27,1.9514925763462525
2022-07-28,1.962561207782264
2022-07-29,1.9684677852666523
2022-08-01,1.9710821693033784
2022-08-02,1.9664909789005096
2022-08-03,1.9643075015830052
2022-08-04,1.9607594732268596
2022-08-05,1.9681534132389307
2022-08-08,1.9704289573541456
2022-08-09,1.9729086468935233
2022-08-10,1.9730003374594025
2022-08-11,1.9805392275165796
2022-08-12,1.982913514662471
2022-08-15,1.9867693633040615
2022-08-16,1.987697026214339
2022-08-17,1.988578386870738
2022-08-18,1.9874109169666996
2022-08-19,1.9878408802221506
2022-08-22,1.9903192994953756
2022-08-23,1.9964308289452688
2022-08-24,1.9983783706526947
2022-08-25,1.9962500819923423
2022-08-26,1.995881534065655
2022-08-29,1.9948585192216612
2022-08-30,1.9940366587739857
2022-08-31,1.9885157673357365
2022-09-01,1.9866388039886644
2022-09-02,1.984630774840318
2022-09-05,1.9967734083210027
2022-09-06,2.001118868395615
2022-09-07,1.9947691082420553
2022-09-08,1.996012500941357
2022-09-09,2.0003304418434937
2022-09-13,2.007021488219577
2022-09-14,2.0001821503725936
2022-09-15,1.9993110546440884
2022-09-16,1.9924102208395897
2022-09-19,1.9899163390397385
2022-09-20,1.993652015950495
2022-09-21,1.9994993600877482
2022-09-22,1.997619777176357
2022-09-23,1.9918756365156252
2022-09-26,1.9747133500529104
2022-09-27,1.9808642351719126
2022-09-28,1.9740677567853817
2022-09-29,1.9780301276626289
2022-09-30,1.9780813521090734
2022-10-10,1.9935331115362165
2022-10-11,1.990350163530023
2022-10-12,1.9963171775668125
2022-10-13,1.9963289194969287
2022-10-14,2.0111582019516563
2022-10-17,2.0000556550646476
2022-10-18,1.9993356386543322
2022-10-19,1.9936838469051168
2022-10-20,1.992903789428363
2022-10-21,1.9914600736889618
2022-10-24,1.9971978919364533
2022-10-25,1.994831400253237
2022-10-26,2.000463671141372
2022-10-27,2.0018402089125304
2022-10-28,1.9913160143018287
2022-10-31,1.987634852300459
2022-11-01,1.9989048989541427
2022-11-02,2.000554760861317
2022-11-03,2.0009489895579864
2022-11-04,2.0080535657471152
2022-11-07,2.013626764201739
2022-11-08,2.0166889925084184
2022-11-09,2.022028499879115
2022-11-10,2.020536575251985
2022-11-11,2.0240907950906095
2022-11-14,2.0083263730608603
2022-11-15,2.0124785688311104
2022-11-16,2.0097924841550348
2022-11-17,2.011798188748843
2022-11-18,2.0062970376883738
2022-11-21,2.0013970242192407
2022-11-22,1.9996413854515511
2022-11-23,2.00563038746536
2022-11-24,2.0095402968107443
2022-11-25,2.009572114527061
2022-11-28,1.9984682499322894
2022-11-29,2.005858413165481
2022-11-30,2.006104480824266
2022-12-01,2.0136774723239608
2022-12-02,2.0172783266453185
2022-12-05,2.0129613597110545
2022-12-06,2.0016898302111996
2022-12-07,1.997835993542679
2022-12-08,2.0095229764193228
2022-12-09,2.0116064926490806
2022-12-12,2.0010777972480702
2022-12-13,2.0031092418610195
2022-12-14,2.0085525226211667
2022-12-15,2.0059527554982948
2022-12-16,2.004322170323422
2022-12-19,1.9991445456733052
2022-12-20,1.9968689262042496
2022-12-21,2.007212175618989
2022-12-22,2.0059735122867446
2022-12-23,2.0025072881474872
2022-12-26,2.011538340083717
2022-12-27,2.0191419066902747
2022-12-28,2.01430547084777
2022-12-29,2.014306133349146
2022-12-30,2.0219460146461574
2023-01-03,2.0240638488419975
2023-01-04,2.0150656224505084
2023-01-05,2.0091599949560446
2023-01-06,2.0080356960152654
2023-01-09,2.0142927210726977
2023-01-10,2.0117227015868515
2023-01-11,2.0183035575498858
2023-01-12,2.0256974478967376
2023-01-13,2.0324494043476142
2023-01-16,2.032410712086354
2023-01-17,2.034532563140495
2023-01-18,2.048688667049758
2023-01-19,2.047276948783013
2023-01-20,2.0576159294311025
2023-01-30,2.055797633285669
2023-01-31,2.053327082911365
2023-02-01,2.0610997365423476
2023-02-02,2.0592157566063927
2023-02-03,2.054278100096712
2023-02-06,2.046821855807162
2023-02-07,2.04874550272609
2023-02-08,2.048243113478582
2023-02-09,2.05338071422474
2023-02-10,2.046566684815763
2023-02-13,2.051721024453846
2023-02-14,2.054947360963939
2023-02-15,2.0501389312320413
2023-02-16,2.050502615591399
2023-02-17,2.0456380635644846
2023-02-20,2.0537631979945723
2023-02-21,2.0573852256715206
2023-02-22,2.0609007983986087
2023-02-23,2.055669379712879
2023-02-24,2.05982837173278
2023-02-27,2.05093436102841
2023-02-28,2.055855733253917
2023-03-01,2.0639050094597784
2023-03-02,2.0624199280645064
2023-03-03,2.068335887982467
2023-03-06,2.0717669285970293
2023-03-07,2.07340410009222
2023-03-08,2.066872892703569
2023-03-09,2.0679202568633035
2023-03-10,2.060789671945683
2023-03-13,2.0691586085203673
2023-03-14,2.0632639031773987
2023-03-15,2.0663531103693993
2023-03-16,2.0576163608651523
2023-03-17,2.0655421971519803
2023-03-20,2.067589505505936
2023-03-21,2.070310040106332
2023-03-22,2.0700430094043307
2023-03-23,2.070760876724662
2023-03-24,2.0754723700875406
2023-03-27,2.073309093699803
2023-03-28,2.076460581254983
2023-03-29,2.078533516614189
2023-03-30,2.0805625703676074
2023-03-31,2.0833437053039034
2023-04-03,2.0889190655738883
2023-04-04,2.0967493993227317
2023-04-06,2.095249663900707
2023-04-07,2.0991886744688912
2023-04-10,2.0946518311389477
2023-04-11,2.100457010953051
2023-04-12,2.10425837005598
2023-04-13,2.105463448395021
2023-04-14,2.1081272345031326
2023-04-17,2.1069769872249626
2023-04-18,2.107890698650742
2023-04-19,2.103852628868421
2023-04-20,2.102557051768943
2023-04-21,2.0937593300374506
2023-04-24,2.0927039318514247
2023-04-25,2.0942485495202168
2023-04-26,2.0960763333241803
2023-04-27,2.0935480369315664
2023-04-28,2.0995187246192684
2023-05-04,2.104485806019307
2023-05-05,2.1094667960720503
2023-05-08,2.110489853519163
2023-05-09,2.1080781223283225
2023-05-10,2.107532089509064
2023-05-11,2.107780685228225
2023-05-12,2.1000729064146455
2023-05-15,2.1000195904418915
2023-05-16,2.0986552811075607
2023-05-17,2.097370265488165
2023-05-18,2.102254183249264
2023-05-19,2.102513423992194
2023-05-22,2.0993159160207497
2023-05-23,2.1010344981992253
2023-05-24,2.098859356953767
2023-05-25,2.0960701955343044
2023-05-26,2.0977161683220786
2023-05-29,2.1013004518457365
2023-05-30,2.0997491971838036
2023-05-31,2.1006699639113338
2023-06-01,2.1079027458615394
2023-06-02,2.104111275995731
2023-06-05,2.107033730733883
2023-06-06,2.1078029299405765
2023-06-07,2.1105245007546136
2023-06-08,2.1093564509829994
2023-06-09,2.1173677460001112
2023-06-12,2.115757006349635
2023-06-13,2.123734847816657
2023-06-14,2.1281059363564303
2023-06-15,2.121762443034569
2023-06-16,2.1226265753045888
2023-06-19,2.118326147849739
2023-06-20,2.1229696727522964
2023-06-21,2.1239173358719587
2023-06-26,2.1201173210867625
2023-06-27,2.120863336903752
2023-06-28,2.121526379704966
2023-06-29,2.122259335460736
2023-06-30,2.12924028502463
2023-07-03,2.1383557825869555
2023-07-04,2.1359999836261823
2023-07-05,2.1377604726796986
2023-07-06,2.1370296729116514
2023-07-07,2.1386612911988325
2023-07-10,2.1428578873908233
2023-07-11,2.1479045022465497
2023-07-12,2.1491268054992747
2023-07-13,2.154272504908409
2023-07-14,2.155510880887964
2023-07-17,2.155250139695297
2023-07-18,2.1574200500271417
2023-07-19,2.1635883165206637
2023-07-20,2.1637453252205723
2023-07-21,2.1654937499033444
2023-07-24,2.1662550036517727
2023-07-25,2.1652233105085767
2023-07-26,2.170658633657306
2023-07-27,2.1738489224045017
2023-07-28,2.174637187125812
2023-07-31,2.1745611437279018
2023-08-01,2.1818483903913624
2023-08-02,2.1793720912492263
2023-08-03,2.1727056089556678
2023-08-04,2.1790626149236156
2023-08-07,2.1768573356480845
2023-08-08,2.1750726873196786
2023-08-09,2.177480634451245
2023-08-10,2.1771203054069383
2023-08-11,2.175980435659831
2023-08-14,2.1773984989322357
2023-08-15,2.187276363116417
2023-08-16,2.1838018179316725
2023-08-17,2.1858043337271114
2023-08-18,2.1871455726524593
2023-08-21,2.198808904062675
2023-08-22,2.1964877404334207
2023-08-23,2.195305150187317
2023-08-24,2.1955875735442096
2023-08-25,2.1956460504110904
2023-08-28,2.1989130174940943
2023-08-29,2.202934194386345
2023-08-30,2.2083294348510276
2023-08-31,2.209691779300604
2023-09-01,2.209276904151544
2023-09-04,2.2046528261618623
2023-09-05,2.203349655906439
2023-09-06,2.2053559322766585
2023-09-07,2.201341450309886
2023-09-08,2.198882856069249
2023-09-11,2.2050433549256754
2023-09-12,2.2087370586229436
2023-09-13,2.2077992979370484
2023-09-14,2.2184341497443696
2023-09-15,2.2160413070510825
2023-09-18,2.2101052990397254
2023-09-19,2.2082730229074263
2023-09-20,2.2092288906599715
2023-09-21,2.207073787016945
2023-09-22,2.20783724537545
2023-09-25,2.2037179985664874
2023-09-26,2.201012490352939
2023-09-27,2.2034232234483313
2023-09-28,2.2056878939670597
2023-10-09,2.188676032615722
2023-10-10,2.176926283628424
2023-10-11,2.1763419119055993
2023-10-12,2.1800538840218824
2023-10-13,2.1818513984742616
2023-10-16,2.19063616017566
2023-10-17,2.186725026038303
2023-10-18,2.190021909334786
2023-10-19,2.183693000194939
2023-10-20,2.1896263689966298
2023-10-23,2.180231899879457
2023-10-24,2.1820624874035937
2023-10-25,2.1886887743629044
2023-10-26,2.1914410368172135
2023-10-27,2.1951694983020307
2023-10-30,2.200123313905505
2023-10-31,2.1988563669547743
2023-11-01,2.1984944973779648
2023-11-02,2.2022088569165055
2023-11-03,2.205419301795592
2023-11-06,2.207040792928492
2023-11-07,2.2022344353480103
2023-11-08,2.203516778697452
2023-11-09,2.198041130171675
2023-11-10,2.1984376085345354
2023-11-13,2.198417807707475
2023-11-14,2.2020337281742135
2023-11-15,2.206932743701423
2023-11-16,2.2071498320668868
2023-11-17,2.204640978595621
2023-11-20,2.205151792648838
2023-11-21,2.201918739779999
2023-11-22,2.1958418009034686
2023-11-23,2.190993148279971
2023-11-24,2.1919665247668076
2023-11-27,2.189410171523772
2023-11-28,2.191948353713133
2023-11-29,2.1926674797354746
2023-11-30,2.1970514708458166
2023-12-01,2.19694205627641
2023-12-04,2.1972354334425352
2023-12-05,2.189505490266206
2023-12-06,2.1904769859959377
2023-12-07,2.1881124334139503
2023-12-08,2.1925220596476023
2023-12-11,2.1970495646382626
2023-12-12,2.197925297538507
2023-12-13,2.1929447571478207
2023-12-14,2.197046401097741
2023-12-15,2.2027568643843902
2023-12-18,2.2030215456812745
2023-12-19,2.204859821664127
2023-12-20,2.206802413275148
2023-12-21,2.210429814905989
2023-12-22,2.213352649315414
2023-12-25,2.2173718874960433
2023-12-26,2.216320037122572
2023-12-27,2.2227694537180467
2023-12-28,2.2251378023077697
2023-12-29,2.222126596696505
2024-01-02,2.2239707216300557
2024-01-03,2.220029753566052
2024-01-04,2.2212685317294096
2024-01-05,2.2214064353117378
2024-01-08,2.2134959411202577
2024-01-09,2.216621262874628
2024-01-10,2.21338741047495
2024-01-11,2.214908102931
2024-01-12,2.2110206260087746
2024-01-15,2.2113094153910406
2024-01-16,2.2122480986439723
2024-01-17,2.2080829957685113
2024-01-18,2.206358828145693
2024-01-19,2.2081517987306176
2024-01-22,2.2034185034466414
2024-01-23,2.2074277739564825
2024-01-24,2.2168185542142167
2024-01-25,2.223237483779926
2024-01-26,2.226217187894983
2024-01-29,2.225319246746984
2024-01-30,2.2271454269513375
2024-01-31,2.230524359632763
2024-02-01,2.2252594413749502
2024-02-02,2.2215959104143894
2024-02-05,2.220288182152663
2024-02-06,2.2172143702785116
2024-02-07,2.2247751729786973
2024-02-08,2.2244924921878346
2024-02-19,2.2338169047005043
2024-02-20,2.23543150525126
2024-02-21,2.2385628721282758
2024-02-22,2.2430117536293155
2024-02-23,2.245361359663682
2024-02-26,2.244849257407888
2024-02-27,2.2503289215151474
2024-02-28,2.2498888478060484
2024-02-29,2.256656438497971
2024-03-01,2.2512897277988584
2024-03-04,2.2645114619589615
2024-03-05,2.2654028363858285
2024-03-06,2.2722900627766207
2024-03-07,2.2761192120775693
2024-03-08,2.2804430043960626
2024-03-11,2.2754668352223835
2024-03-12,2.268636187682886
2024-03-13,2.2732601666096586
2024-03-14,2.278076448916074
2024-03-15,2.2900243169260732
2024-03-18,2.2880444497305397
2024-03-19,2.293581168593814
2024-03-20,2.2920821639372413
2024-03-21,2.3019217348473124
2024-03-22,2.2884426825779918
2024-03-25,2.2874865155471555
2024-03-26,2.28697693505665
2024-03-27,2.28958246434612
2024-03-28,2.294102784153184
2024-03-29,2.3107655895629833
2024-04-01,2.3145684876427013
2024-04-02,2.3182830260545724
2024-04-03,2.328698340203984
2024-04-08,2.3449713577383884
2024-04-09,2.3495408895308527
2024-04-10,2.3522054292170456
2024-04-11,2.348035411082942
2024-04-12,2.3643602413257865
2024-04-15,2.364280447990876
2024-04-16,2.361000901188449
2024-04-17,2.366070342387839
2024-04-18,2.3709088428258775
2024-04-19,2.3744861529148196
2024-04-22,2.367429326810979
2024-04-23,2.3530640219371812
2024-04-24,2.358719747934501
2024-04-25,2.3617185704301877
2024-04-26,2.365991611307557
2024-04-29,2.357780583056758
2024-04-30,2.3648811471969613
2024-05-06,2.362630497325349
2024-05-07,2.368662466464542
2024-05-08,2.3621969980734576
2024-05-09,2.3628338106350317
2024-05-10,2.3705512343662276
2024-05-13,2.370736955489167
2024-05-14,2.3721664158890827
2024-05-15,2.37188041035488
2024-05-16,2.37581416142217
2024-05-17,2.387285244023685
2024-05-20,2.4063692224901123
2024-05-21,2.401058838448683
2024-05-22,2.4032700713668906
2024-05-23,2.3831764019434467
2024-05-24,2.3824174622546495
2024-05-27,2.3880014972271177
2024-05-28,2.392803498774341
2024-05-29,2.400776494890992
2024-05-30,2.390982901431064
2024-05-31,2.3872456474951593
2024-06-03,2.3755917631872956
2024-06-04,2.376477161903941
2024-06-05,2.3713619740475096
2024-06-06,2.376806604690262
2024-06-07,2.380501617643063
2024-06-11,2.3751823198512243
2024-06-12,2.37784574464037
2024-06-13,2.3722202774726204
2024-06-14,2.374601092015931
2024-06-17,2.364138706778809
2024-06-18,2.368737261194144
2024-06-19,2.375333507048864
2024-06-20,2.3785509418475494
2024-06-21,2.3725507324746484
2024-06-24,2.3689637503737764
2024-06-25,2.3741963917868487
2024-06-26,2.37482943050377
2024-06-27,2.3729223886332456
2024-06-28,2.3820844259816973
2024-07-01,2.3761308681196005
2024-07-02,2.383670255797108
2024-07-03,2.3890268402384915
2024-07-04,2.3804985477744514
2024-07-05,2.3781962192127843
2024-07-08,2.36961922552207
2024-07-09,2.373737368721372
2024-07-10,2.3664762023985784
2024-07-11,2.3711480563316436
2024-07-12,2.3711938046695753
2024-07-15,2.3691412349763774
2024-07-16,2.367406999565939
2024-07-17,2.367308971481814
2024-07-18,2.3680846498863835
2024-07-19,2.3646090793120202
2024-07-22,2.3643916777062985
2024-07-23,2.360533946155409
2024-07-24,2.3611666804467824
2024-07-25,2.3539324487130773
2024-07-26,2.3616402469215125
2024-07-29,2.3607150228430367
2024-07-30,2.355809375606883
2024-07-31,2.3674556005027494
2024-08-01,2.373693831364914
2024-08-02,2.3719818736883753
2024-08-05,2.361789078048064
2024-08-06,2.350316471636
2024-08-07,2.354794632825403
2024-08-08,2.349219269714294
2024-08-09,2.347507757994378
2024-08-12,2.3389147498996805
2024-08-13,2.343638998434013
2024-08-14,2.3440796300774283
2024-08-15,2.3439382753634366
2024-08-16,2.3486313445330262
2024-08-19,2.350357896554364
2024-08-20,2.3488218825200295
2024-08-21,2.345392912961161
2024-08-22,2.347416352679487
2024-08-23,2.3484782962759354
2024-08-26,2.358292773672222
2024-08-27,2.354715177635467
2024-08-28,2.35475300959626
2024-08-29,2.3492933723578346
2024-08-30,2.351810943051441
2024-09-02,2.3417483470091702
2024-09-03,2.344169274633019
2024-09-04,2.3342043632802416
2024-09-05,2.334609418461661
2024-09-06,2.3402708560873298
2024-09-09,2.3315108232440522
2024-09-10,2.331474053643822
2024-09-11,2.33356866495019
2024-09-12,2.3385873587094936
2024-09-13,2.3455794805061347
2024-09-18,2.3543155859293425
2024-09-19,2.3571498273916394
2024-09-20,2.3615610741870268
2024-09-23,2.3604759730839726
2024-09-24,2.3750249527533156
2024-09-25,2.383418477816847
2024-09-26,2.3892454221394694
2024-09-27,2.386832065006171
2024-09-30,2.411992962641766
2024-10-08,2.4266961325897825
2024-10-09,2.3951248802630416
2024-10-10,2.404690755303233
2024-10-11,2.400654796417003
2024-10-14,2.414477558294634
2024-10-15,2.3989143731529667
2024-10-16,2.405171280531248
2024-10-17,2.3984199818211236
2024-10-18,2.4136480925238986
2024-10-21,2.4204856320198744
2024-10-22,2.418585738877815
2024-10-23,2.420205833802402
2024-10-24,2.417114443219606
2024-10-25,2.412610812700389
2024-10-28,2.416962541812771
2024-10-29,2.4112290942655497
2024-10-30,2.4155832627036498
2024-10-31,2.4157294955676254
2024-11-01,2.4169054759773974
2024-11-04,2.4210423715160703
2024-11-05,2.4298794073668
2024-11-06,2.4251346134255103
2024-11-07,2.436310612435594
2024-11-08,2.43874979920449
2024-11-11,2.4388432473637143
2024-11-12,2.42798441588286
2024-11-13,2.42428143561
2024-11-14,2.408994931122851
2024-11-15,2.403637950959647
2024-11-18,2.399667535357717
2024-11-19,2.4147185978622647
2024-11-20,2.4178357727885564
2024-11-21,2.422958780025122
2024-11-22,2.415744824268208
2024-11-25,2.420476175783249
2024-11-26,2.412853240285347
2024-11-27,2.418723895385725
2024-11-28,2.4140606812528684
2024-11-29,2.421293623418991
2024-12-02,2.42873719637745
2024-12-03,2.42796924426663
2024-12-04,2.4315193974664577
2024-12-05,2.4290742202222564
2024-12-06,2.43016524685525
2024-12-09,2.4315642068917263
2024-12-10,2.4473464332139887
2024-12-11,2.449860408449289
2024-12-12,2.456108862023623
2024-12-13,2.449992230410566
2024-12-16,2.4505979525823958
2024-12-17,2.443043257575625
2024-12-18,2.438148127885069
2024-12-19,2.4352401831834976
2024-12-20,2.446934783397676
2024-12-23,2.443708900706257
2024-12-24,2.4438676738731395
2024-12-25,2.443472832653751
2024-12-26,2.4430256774993575
2024-12-27,2.4525728434320877
2024-12-30,2.4496118106503104
2024-12-31,2.4487959278707274
2025-01-02,2.4496892679991547
2025-01-03,2.4465504075146405
2025-01-06,2.4472706319983106
2025-01-07,2.4479401698107224
2025-01-08,2.449301074042472
2025-01-09,2.4455625934223773
2025-01-10,2.4471581392558925
2025-01-13,2.451403567765452
2025-01-14,2.460568132618502
2025-01-15,2.464000946246526
2025-01-16,2.4684971673600113
2025-01-17,2.468563052334257
2025-01-20,2.468342380284718
2025-01-21,2.4746876538797906
2025-01-22,2.471192408440695
2025-01-23,2.4686800813617955
2025-01-24,2.478763860052629
2025-01-27,2.478767635826619
2025-02-05,2.4942074086720636
2025-02-06,2.502743047790315
2025-02-07,2.508805926214192
2025-02-10,2.509530642867495
2025-02-11,2.5150681474145005
2025-02-12,2.5110361678769704
2025-02-13,2.5128077284611074
2025-02-14,2.515613538757742
2025-02-17,2.5022732738226092
2025-02-18,2.500463250137674
2025-02-19,2.5097928357571155
2025-02-20,2.5080258870038805
2025-02-21,2.502619883737209
2025-02-24,2.493213424609979
2025-02-25,2.493623675587178
2025-02-26,2.4953225577785263
2025-02-27,2.495768658301962
2025-02-28,2.4914132735387473
2025-03-03,2.499569616708017
2025-03-04,2.4996472709123085
2025-03-05,2.501475932092282
2025-03-06,2.5072197162793297
2025-03-07,2.495463342409
2025-03-10,2.4977831049311408
2025-03-11,2.4865084126229924
2025-03-12,2.497889879098847
2025-03-13,2.498066806235269
2025-03-14,2.512346912996035
2025-03-17,2.502576320515743
2025-03-18,2.504637251744112
2025-03-19,2.50989268538684
2025-03-20,2.5151677931951433
2025-03-21,2.5030248441805587
2025-03-24,2.5104029522760807
2025-03-25,2.512701568235888
2025-03-26,2.515867592003477
2025-03-27,2.5159221724108747
2025-03-28,2.5102487439366534
2025-03-31,2.5115008224556603
2025-04-01,2.5149245341962274
2025-04-02,2.5195246437563905
2025-04-03,2.5272105876394977
2025-04-07,2.459260006621298
2025-04-08,2.468279230922527
2025-04-09,2.4711167732074233
2025-04-10,2.496253376328642
2025-04-11,2.501913431777333
2025-04-14,2.514195127394055
2025-04-15,2.5119488281491487
2025-04-16,2.5166864883881974
2025-04-17,2.5215513235338713
2025-04-18,2.524940158718495
2025-04-21,2.538480201181186
2025-04-22,2.55225987598463
2025-04-23,2.5330726612913645
2025-04-24,2.5365963393693796
2025-04-25,2.5365736056548704
2025-04-28,2.531497297173347
2025-04-29,2.5368390662628593
2025-04-30,2.5273354626405995
2025-05-06,2.5344452161869158
2025-05-07,2.5299323472384065
2025-05-08,2.5333285150100067
2025-05-09,2.5313225837967805
2025-05-12,2.5247814291057566
2025-05-13,2.5275701252509886
2025-05-14,2.5317994572160143
2025-05-15,2.524542916911273
2025-05-16,2.5217243437491894
2025-05-19,2.5250151545463053
2025-05-20,2.5263333302812785
2025-05-21,2.536067802223568
2025-05-22,2.5353732172013244
2025-05-23,2.5331641386743833
2025-05-26,2.534508078344145
2025-05-27,2.5307976929792453
2025-05-28,2.5309539391023512
2025-05-29,2.5288822971990417
2025-05-30,2.5334220934173364
2025-06-03,2.5326117189281168
2025-06-04,2.5394625028823405
2025-06-05,2.5396543993636476
2025-06-06,2.5497239540174115
2025-06-09,2.5527460174142367
2025-06-10,2.5513641685746142
2025-06-11,2.5601421609624033
2025-06-12,2.5625274704105743
2025-06-13,2.559940252418057
2025-06-16,2.562827829126902
2025-06-17,2.566581976237812
2025-06-18,2.5689969135381983
2025-06-19,2.565509034602385
2025-06-20,2.5638810394109046
2025-06-23,2.5654213440598896
2025-06-24,2.5662258165202725
2025-06-25,2.5683323544757513
2025-06-26,2.564339164291104
2025-06-27,2.5656783371230376
2025-06-30,2.565652585197576
2025-07-01,2.5727235267529296
2025-07-02,2.5743163200679806
2025-07-03,2.577498972196274
2025-07-04,2.5764917068144535
2025-07-07,2.5719821656053776
2025-07-08,2.5762547891098064
2025-07-09,2.57461283495552
2025-07-10,2.5763334069537867
2025-07-11,2.578823188724172
2025-07-14,2.5773035613860222
2025-07-15,2.5774470721067564
2025-07-16,2.575549489908175
2025-07-17,2.5822775621365555
2025-07-18,2.585709902397472
2025-07-21,2.592687187626567
2025-07-22,2.5950613676164744
2025-07-23,2.593851427754211
2025-07-24,2.583166260913209
2025-07-25,2.5783248776780066
2025-07-28,2.5794928540473325
2025-07-29,2.573399804352577
2025-07-30,2.5784817629731425
2025-07-31,2.5734870914556196
2025-08-01,2.572475883587096
2025-08-04,2.576703466524896
2025-08-05,2.581305612463759
2025-08-06,2.584933093836571
2025-08-07,2.5869253579166616
2025-08-08,2.586162751161393
2025-08-11,2.5832594575656334
2025-08-12,2.58429718680663
2025-08-13,2.591413373330717
2025-08-14,2.58409446688124
2025-08-15,2.586012832863108
2025-08-18,2.581776681224285
2025-08-19,2.5823113563382054
2025-08-20,2.5821415103087935
2025-08-21,2.585471372529233
2025-08-22,2.5850342003862474
2025-08-25,2.5996331021089065
2025-08-26,2.5982970320423964
2025-08-27,2.589275943466554
2025-08-28,2.5845166233093733
2025-08-29,2.587105366754254
2025-09-01,2.592235428822371
2025-09-02,2.592107610510446
2025-09-03,2.5952361544776874
2025-09-04,2.58709736649872
2025-09-05,2.589919454234583
2025-09-08,2.5921773029560904
2025-09-09,2.591555464341489
2025-09-10,2.5870213709376344
2025-09-11,2.59636037538522
2025-09-12,2.6002494181093905
2025-09-15,2.5978139480474365
2025-09-16,2.6039028564118607
2025-09-17,2.605026203846324
2025-09-18,2.588813894318064
2025-09-19,2.5861170998337912
2025-09-22,2.592137319136571
2025-09-23,2.579844292090498
2025-09-24,2.5866634123018057
2025-09-25,2.595829489809563
2025-09-26,2.592097013763658
2025-09-29,2.5953983479805336
2025-09-30,2.597433972995451
2025-10-09,2.6277754843719863
2025-10-10,2.6148686888643273
2025-10-13,2.619028936719288
2025-10-14,2.6183091740813835
2025-10-15,2.630113590799095
2025-10-16,2.63246794057106
2025-10-17,2.6329095218429064
2025-10-20,2.62708982172588
2025-10-21,2.638543695374936
2025-10-22,2.6332582720730975
2025-10-23,2.6384219412286902
2025-10-24,2.6436541795567714
2025-10-27,2.652898552859019
2025-10-28,2.6423272538074025
2025-10-29,2.6533677384201217
2025-10-30,2.6501930967254257
2025-10-31,2.654017755024572
2025-11-03,2.6632644797491034
2025-11-04,2.6575387593301394
2025-11-05,2.6586583763232157
2025-11-06,2.664433616541801
2025-11-07,2.6615861333736235
2025-11-10,2.670613992277256
2025-11-11,2.6698523250224766
2025-11-12,2.67726719576998
2025-11-13,2.680332770804369
2025-11-14,2.6754384442756347
2025-11-17,2.667851678468758
2025-11-18,2.659635104763943
2025-11-19,2.662602387062399
2025-11-20,2.660855409330349
2025-11-21,2.645663986100767
2025-11-24,2.649411776439592
2025-11-25,2.6531301193407124
2025-11-26,2.6459958340751517
2025-11-27,2.649633413135665
2025-11-28,2.656607341596324
2025-12-01,2.6678232527956194
2025-12-02,2.6639874763815703
2025-12-03,2.6613684965903213
2025-12-04,2.6574749423843995
2025-12-05,2.665638263779363
2025-12-08,2.66399678867944
2025-12-09,2.6498965840727866
2025-12-10,2.652451503723416
2025-12-11,2.6544110160298695
2025-12-12,2.658432017026966
2025-12-15,2.649606002784621
2025-12-16,2.6429855232391466
2025-12-17,2.6501300353068182
2025-12-18,2.653911578063128
2025-12-19,2.663864569387826
2025-12-22,2.672291712509201
2025-12-23,2.680060587311324
2025-12-24,2.6881634905097482
2025-12-25,2.690636617176115
2025-12-26,2.706188294287388
2025-12-29,2.6930663297463173
2025-12-30,2.6899766860702234
2025-12-31,2.68739297788614
