date,货币信用周期策略,v0.19风险平价策略
2018-01-03,1.0,1.0
2018-01-04,1.0001489620269668,1.0011278119417633
2018-01-05,1.0001291679914486,1.001954603119268
2018-01-08,1.000881436741027,1.003634056920213
2018-01-09,1.0032669798261018,1.0059790524769634
2018-01-10,1.0009685848711245,1.0038619277617984
2018-01-11,0.9994755832543871,1.0047378011065984
2018-01-12,0.9988787307921356,1.003561379843998
2018-01-15,0.999609182717319,1.0019455589024144
2018-01-16,0.9989938378685659,1.000330774822926
2018-01-17,0.996432729596611,0.9966338969481926
2018-01-18,0.9959524897958036,0.997041319813895
2018-01-19,0.9973529182206967,0.9981861766656982
2018-01-22,1.0018849421854037,1.0046754286442545
2018-01-23,1.0027060928788794,1.0064371829848278
2018-01-24,0.9991787168673626,1.0079381705974362
2018-01-25,1.0028888558654925,1.0099846411419011
2018-01-26,1.002348487476044,1.0084073095053565
2018-01-29,1.002262708923557,1.0046406183362115
2018-01-30,0.9985943667113093,0.9991936355365059
2018-01-31,1.0012784903055918,0.9984695114112425
2018-02-01,0.9994833376735434,0.9900976146694204
2018-02-02,0.9986254858801746,0.9910584157030323
2018-02-05,0.9964925849252964,0.9883808676463455
2018-02-06,0.9927752461982484,0.976713864677035
2018-02-07,0.9922521354329519,0.9725623913885549
2018-02-08,0.9879475313618598,0.9716292036667304
2018-02-09,0.980300867333308,0.9573383058315155
2018-02-12,0.9866981503720986,0.9667493297459141
2018-02-13,0.9888727591366775,0.9708271743432386
2018-02-14,0.9924433868111378,0.9740795530135297
2018-02-22,1.001015294478737,0.9834394829132221
2018-02-23,1.004167032681554,0.987806573100573
2018-02-26,1.0105468734684642,0.9980351814766367
2018-02-27,1.0100244051502996,0.9955524939513594
2018-02-28,1.0094509410614416,0.9938685854873075
2018-03-01,1.012985387339596,0.9981757233871154
2018-03-02,1.0182458287760725,0.9999081761837478
2018-03-05,1.0165549507857774,0.9975057256056115
2018-03-06,1.0216013485947353,1.004568146278197
2018-03-07,1.0197373740273545,0.9988422076801432
2018-03-08,1.0195887648580841,1.0011040886472533
2018-03-09,1.017219791987618,1.0014788755730293
2018-03-12,1.0166626254561628,1.003350692523644
2018-03-13,1.0138632244700687,0.9993303681466812
2018-03-14,1.0152142960937782,0.9982532924978385
2018-03-15,1.0141912366442494,0.9989793915007685
2018-03-16,1.0172325802691276,0.9989978799533948
2018-03-19,1.0137365948892894,0.9976721924568176
2018-03-20,1.014775574028529,0.9990907177437526
2018-03-21,1.0133222756003202,0.9959143431715574
2018-03-22,1.0159603113603122,0.9975093659904108
2018-03-23,1.0176484923653888,0.9999138633633418
2018-03-26,1.0185470856376626,0.9995715709608622
2018-03-27,1.018170996565334,0.9984193719846228
2018-03-28,1.0146441486794024,0.9933280355727462
2018-03-29,1.0151417343478584,0.9910495753410156
2018-03-30,1.0263960640744845,0.9986511579502519
2018-04-02,1.028583995131764,1.0011239583952105
2018-04-03,1.0274038399199217,0.9999587864674436
2018-04-04,1.02848874490136,1.0010175076236594
2018-04-09,1.0348799209751989,1.0072901052044518
2018-04-10,1.033946613259122,1.006379048094817
2018-04-11,1.0369833169978464,1.0094313382690927
2018-04-12,1.0381789944923643,1.0106781321011524
2018-04-13,1.0382191501558367,1.0106022474075191
2018-04-16,1.040394435078168,1.0128171883280246
2018-04-17,1.0461112177718943,1.018334248731819
2018-04-18,1.051393404497456,1.023599540695036
2018-04-19,1.0564056085296778,1.0291269302615098
2018-04-20,1.0520717989710668,1.0243496854600915
2018-04-23,1.0514283767327424,1.0238546284884553
2018-04-24,1.048539077968798,1.0213516445242512
2018-04-25,1.0457346998890582,1.018433075460545
2018-04-26,1.0455644030471023,1.0182531769050325
2018-04-27,1.045184129346792,1.0177928297215404
2018-05-02,1.0473035665476078,1.0199253648954782
2018-05-03,1.0489864685786279,1.0215698692751165
2018-05-04,1.049584531873197,1.0221454299409904
2018-05-07,1.0495864264390211,1.022189523385017
2018-05-08,1.0459719967213224,1.0188714472620777
2018-05-09,1.0451038343484962,1.0179104611027696
2018-05-10,1.0501493843224456,1.0231150920312106
2018-05-11,1.050189994364093,1.023510860245513
2018-05-14,1.0480849163199415,1.0215780514289396
2018-05-15,1.0490367065076895,1.0226337753836066
2018-05-16,1.0460337774288522,1.0197927503077064
2018-05-17,1.0459104384887583,1.019766654390092
2018-05-18,1.047160983552005,1.0210565682130373
2018-05-21,1.047774613408442,1.021639841126098
2018-05-22,1.0484512305006577,1.0218249967116662
2018-05-23,1.0495921953998202,1.0228139891701162
2018-05-24,1.0525889733624059,1.025380600939876
2018-05-25,1.0550301201599448,1.0277956049658565
2018-05-28,1.0496757643121737,1.0220745260781463
2018-05-29,1.0525849615013332,1.0246305235167041
2018-05-30,1.0507466327190351,1.0224995131920767
2018-05-31,1.0505979286165292,1.0225258287281118
2018-06-01,1.0526001636345519,1.0245139403953485
2018-06-04,1.0513326494161443,1.0232789736293872
2018-06-05,1.0491940683543124,1.0211697448310608
2018-06-06,1.0523753781628233,1.0244000800159063
2018-06-07,1.0538397029274023,1.0259088515359065
2018-06-08,1.0503438309159723,1.022447759005751
2018-06-11,1.0521372252555548,1.024102997172987
2018-06-12,1.0512739181853255,1.0232238369170104
2018-06-13,1.0491136097688187,1.0208341171314241
2018-06-14,1.0529991764299553,1.0246585529858354
2018-06-15,1.0520208562324092,1.0238547667363345
2018-06-19,1.046461647153402,1.0181754689945453
2018-06-20,1.0454544071565979,1.0164917676615703
2018-06-21,1.0445868811194319,1.01582593132866
2018-06-22,1.0455439850535253,1.0166215190983672
2018-06-25,1.0468115945274583,1.0178430211205145
2018-06-26,1.0491785572538892,1.0202705475554277
2018-06-27,1.058545562426824,1.028963707481881
2018-06-28,1.0594420448371697,1.029958819179707
2018-06-29,1.0628845088455594,1.0332049828052383
2018-07-02,1.0652021164928056,1.0355167983112468
2018-07-03,1.064510938517459,1.0348375524061801
2018-07-04,1.0606823037871969,1.0310791468658478
2018-07-05,1.0599140186256355,1.0303970986965032
2018-07-06,1.058218259381653,1.0288904064354096
2018-07-09,1.0602520889937914,1.0308240818785424
2018-07-10,1.0599653944050353,1.030545482858462
2018-07-11,1.059063570899254,1.0297978999629636
2018-07-12,1.0569804835457215,1.0274898805332628
2018-07-13,1.0555682112458837,1.0261393960252063
2018-07-16,1.0570567511573767,1.0276348385395897
2018-07-17,1.055701166431067,1.0263273716335577
2018-07-18,1.0533008363440977,1.0239285377230378
2018-07-19,1.0591834348036473,1.0296083462403796
2018-07-20,1.0579933772721286,1.0282283174416287
2018-07-23,1.0604588937212065,1.030807993906971
2018-07-24,1.062420295355714,1.0333816786887913
2018-07-25,1.0659372775416502,1.0366818755208829
2018-07-26,1.0677284735235786,1.038450173263731
2018-07-27,1.0685967759525923,1.0393733196940624
2018-07-30,1.0719638768116637,1.043369936745694
2018-07-31,1.0753111245666005,1.0463599797668426
2018-08-01,1.0743648896045999,1.0455052694210405
2018-08-02,1.0771730198483505,1.0482413112235744
2018-08-03,1.0827566010338399,1.0536881106905487
2018-08-06,1.0882362035980795,1.058839067863951
2018-08-07,1.0879972567874625,1.058496993681163
2018-08-08,1.0910561092611475,1.0605411933540403
2018-08-09,1.090169094225934,1.0602364556493686
2018-08-10,1.0901777248225228,1.0595453328735844
2018-08-13,1.0910359774387945,1.0599039477013807
2018-08-14,1.0934123677741368,1.0614276092419332
2018-08-15,1.090881421043318,1.0584505261618387
2018-08-16,1.087950541187833,1.0544049397640534
2018-08-17,1.0846304893876355,1.0511272838222863
2018-08-20,1.0909207000201775,1.0574770301539131
2018-08-21,1.0951861089464658,1.062040636756428
2018-08-22,1.0985111211433787,1.0650073084628293
2018-08-23,1.0946487213827152,1.0611038120100114
2018-08-24,1.0940039503157037,1.0609420789724384
2018-08-27,1.09438770494007,1.0612587140083258
2018-08-28,1.1050542601154532,1.0709697032403163
2018-08-29,1.1031702539242882,1.069069874257121
2018-08-30,1.1079413664815019,1.0736515520287846
2018-08-31,1.1075160245702709,1.0731610239917262
2018-09-03,1.1066123605608396,1.0723260001695902
2018-09-04,1.1013621018272235,1.0671790131028507
2018-09-05,1.0981070007775697,1.0639971705256004
2018-09-06,1.0995808358613381,1.0653728019994657
2018-09-07,1.0983238573176766,1.0642751649918345
2018-09-10,1.1002610307410974,1.066161276304661
2018-09-11,1.0965895634323128,1.0632528664573895
2018-09-12,1.0977458728124634,1.0642800242621757
2018-09-13,1.0967079390534007,1.0632746199619527
2018-09-14,1.0949630313138723,1.0621510491710588
2018-09-17,1.0937796947066538,1.0608574337787866
2018-09-18,1.0928242109247133,1.0605997610001843
2018-09-19,1.0943161456792465,1.0625183756507692
2018-09-20,1.0943332740473377,1.0625330865882623
2018-09-21,1.0983152480713552,1.0663714629098278
2018-09-25,1.1012023090057594,1.0700131273615716
2018-09-26,1.1039044734727865,1.0726654945022556
2018-09-27,1.1043394207398822,1.0728272436460375
2018-09-28,1.1054851255570013,1.0736855525728235
2018-10-08,1.1142120137212126,1.082188097095902
2018-10-09,1.122577966727398,1.0902964991201114
2018-10-10,1.124155069305045,1.0917841841597322
2018-10-11,1.1184562921395307,1.0864420362349057
2018-10-12,1.1211853611572378,1.0890904453976447
2018-10-15,1.1207478919702627,1.0889892480103724
2018-10-16,1.1179561249333716,1.087012317139933
2018-10-17,1.1187593062123122,1.0873848097719052
2018-10-18,1.114241704565688,1.084234526499875
2018-10-19,1.1140917767618026,1.0843229025467107
2018-10-22,1.1127127838788105,1.0825514144060038
2018-10-23,1.113194294689841,1.0834576358477368
2018-10-24,1.1129792189033585,1.0841675273173321
2018-10-25,1.1108946552603796,1.0828528772164943
2018-10-26,1.1107423287696365,1.0826335136048082
2018-10-29,1.112016450771639,1.0836485387005612
2018-10-30,1.1104342992144207,1.081917106502579
2018-10-31,1.1059228098252214,1.0778272040984573
2018-11-01,1.1024960819588039,1.0745388624807697
2018-11-02,1.0964287319073596,1.0689132857516164
2018-11-05,1.0976739847710217,1.069698433023992
2018-11-06,1.098790939018527,1.070569709935972
2018-11-07,1.0983310586359865,1.0696912591303331
2018-11-08,1.097755553338021,1.0692053244901862
2018-11-09,1.094200359658883,1.065683128244763
2018-11-12,1.0929138551483464,1.064009444754901
2018-11-13,1.0904728579327405,1.0616514950396483
2018-11-14,1.0875403148753775,1.0587948418386077
2018-11-15,1.0904280350714923,1.0621448553381956
2018-11-16,1.096862436697603,1.067508121885624
2018-11-19,1.0967857738309157,1.067894563941182
2018-11-20,1.0941764647161372,1.0654575253508
2018-11-21,1.09239804330761,1.063771223186646
2018-11-22,1.0906966844319501,1.062643032772254
2018-11-23,1.0873468709224408,1.059874926805266
2018-11-26,1.0823880695847379,1.0559829483642025
2018-11-27,1.0809987324827701,1.0543840704921965
2018-11-28,1.0836405294934623,1.0559980832556635
2018-11-29,1.0851826347251163,1.0579345053275135
2018-11-30,1.085018705928665,1.057511251086758
2018-12-03,1.0899818494230222,1.0624171550934765
2018-12-04,1.0897618474486845,1.0622039513937573
2018-12-05,1.0902312572522992,1.0626765229226074
2018-12-06,1.0895581058284491,1.0621117506592395
2018-12-07,1.0911408218881578,1.0635854898253412
2018-12-10,1.0934129285257395,1.0659604261098226
2018-12-11,1.0919928895635207,1.064588548733467
2018-12-12,1.0916339131524369,1.0642133877811224
2018-12-13,1.0890137950275405,1.061470392438305
2018-12-14,1.0868670151080453,1.0592120709770545
2018-12-17,1.0859759208199782,1.0584258516165754
2018-12-18,1.0879177419666353,1.0602980482284843
2018-12-19,1.0858900165765446,1.0580093752011055
2018-12-20,1.0872434091791583,1.0590060146808686
2018-12-21,1.088057463141183,1.059969248351474
2018-12-24,1.0860070455480484,1.057931877168808
2018-12-25,1.085716910696166,1.0575644822572354
2018-12-26,1.08780217262441,1.0595027568927438
2018-12-27,1.0880782560009559,1.0592946592175059
2018-12-28,1.0902090919278031,1.061239827318599
2019-01-02,1.0899951463584738,1.0606069889854055
2019-01-03,1.0915469644198073,1.0639474244065406
2019-01-04,1.0943096208333274,1.0664320282280495
2019-01-07,1.094052075435682,1.0660732648993811
2019-01-08,1.0940686318484287,1.066162565088402
2019-01-09,1.093930299111771,1.0672556390711898
2019-01-10,1.0924559679053067,1.066075174623882
2019-01-11,1.089864185788476,1.0632834174468793
2019-01-14,1.0853205735319729,1.0584668788574227
2019-01-15,1.086668839863988,1.0592475997112079
2019-01-16,1.0895447573124788,1.0625635598721621
2019-01-17,1.0897480238766915,1.0631781980483526
2019-01-18,1.091568814404641,1.0661051891532232
2019-01-21,1.090902459320269,1.0669738889539515
2019-01-22,1.0883776514180372,1.065178469186429
2019-01-23,1.0886447867149944,1.0651519338048152
2019-01-24,1.0894341163781542,1.0650439453449714
2019-01-25,1.088040958397322,1.0650642531028964
2019-01-28,1.0907304453006794,1.0647838849921427
2019-01-29,1.0914784648712943,1.0645730923261632
2019-01-30,1.0928059581884115,1.0638081292595718
2019-01-31,1.0954924544433438,1.0675309129809063
2019-02-01,1.0993413752244063,1.076280271631177
2019-02-11,1.1024745303093304,1.0834081333930674
2019-02-12,1.1037614486018954,1.0862145175200897
2019-02-13,1.1056016649951845,1.0918427277332385
2019-02-14,1.1046767979069643,1.0926790149570902
2019-02-15,1.1031137557138142,1.0880493075280044
2019-02-18,1.1104456662637625,1.1030969325354194
2019-02-19,1.1114724404084309,1.1028814856009226
2019-02-20,1.1138133760869544,1.1044721574734389
2019-02-21,1.1124593818952289,1.1038920884153403
2019-02-22,1.1151336798657614,1.1133239563154325
2019-02-25,1.1245277498359354,1.1383620173865234
2019-02-26,1.1193529322401061,1.1283758860918394
2019-02-27,1.1180914482488788,1.1253111722817748
2019-02-28,1.1159159541166837,1.124076145852409
2019-03-01,1.1182305239053452,1.131902073200586
2019-03-04,1.1166957552490069,1.1333068358967082
2019-03-05,1.1178068425492873,1.1394663389610584
2019-03-06,1.1216092148955419,1.1464590847710439
2019-03-07,1.1220351365017924,1.1465710450312006
2019-03-08,1.1179347778427544,1.1333736238234025
2019-03-11,1.1220098183616263,1.1416685442545484
2019-03-12,1.124683727886455,1.1472270359070218
2019-03-13,1.1252377119538732,1.1427363825838148
2019-03-14,1.1222211469744237,1.1374167126731691
2019-03-15,1.1257336462745218,1.142671450066769
2019-03-18,1.1305062578664216,1.1534852239842361
2019-03-19,1.130568378735642,1.1522773988138733
2019-03-20,1.130686242620457,1.1523083241048506
2019-03-21,1.1344252576093772,1.1568084508732546
2019-03-22,1.1345689526993026,1.1590127681465208
2019-03-25,1.131749821506958,1.150504784948545
2019-03-26,1.1289709306735212,1.1437402440477455
2019-03-27,1.130383181951318,1.1462405091556542
2019-03-28,1.1276429337877452,1.142188886830587
2019-03-29,1.1299468314242744,1.156463596802733
2019-04-01,1.135567824630711,1.1711022598854235
2019-04-02,1.13457132693154,1.169227286348908
2019-04-03,1.1353791996299116,1.1742386976530552
2019-04-04,1.1363842692678925,1.1795572655391173
2019-04-08,1.1366518390671878,1.1773080459171874
2019-04-09,1.1373010779457216,1.1801002446866298
2019-04-10,1.1392152881384758,1.1810515204805123
2019-04-11,1.136876299315864,1.1747477281283802
2019-04-12,1.1330513724859042,1.1708527218725793
2019-04-15,1.131038156438233,1.165928059484001
2019-04-16,1.133987241706829,1.1762889302325177
2019-04-17,1.1352683570306108,1.177123082916698
2019-04-18,1.1343305191058588,1.1728748738411607
2019-04-19,1.135875639375467,1.1755721223102764
2019-04-22,1.1324617564578419,1.1682271743061396
2019-04-23,1.1304654460176,1.1641898961891375
2019-04-24,1.1281771477302955,1.1645399893856083
2019-04-25,1.1258897495241924,1.1549548603888424
2019-04-26,1.1249495418315194,1.1497594350152656
2019-04-29,1.1239486253542343,1.1459740854252032
2019-04-30,1.1270949887126342,1.148514065535437
2019-05-06,1.114897198621986,1.1164758640550865
2019-05-07,1.1180975268361906,1.1239527140612162
2019-05-08,1.1177574130626067,1.1209145795965807
2019-05-09,1.1185765654903994,1.1187599997144295
2019-05-10,1.1247792832507617,1.1322464459621269
2019-05-13,1.125975628815213,1.1287080095459028
2019-05-14,1.1265121266790783,1.127272085422685
2019-05-15,1.1319515569222511,1.1369859767341073
2019-05-16,1.1351725077887724,1.1419957194432284
2019-05-17,1.1302663014539605,1.1307097143170692
2019-05-20,1.128449130512632,1.1291173642816852
2019-05-21,1.1305426533937115,1.1337929848580135
2019-05-22,1.1262512419634243,1.1300814199531728
2019-05-23,1.1236957600296353,1.1214192210376464
2019-05-24,1.1279429375697603,1.12221285951664
2019-05-27,1.131997797889916,1.1307598785353123
2019-05-28,1.133060069123635,1.1328344885181107
2019-05-29,1.1360428539719054,1.1350435096101308
2019-05-30,1.1323500320260589,1.131951820198906
2019-05-31,1.1338996539358992,1.1285760206992916
2019-06-03,1.138696734939552,1.130093232886463
2019-06-04,1.1409525216509857,1.1287330492290222
2019-06-05,1.142903580029087,1.1288485120813547
2019-06-06,1.1362757904869172,1.119092698474174
2019-06-10,1.1367365481795555,1.1249387740431094
2019-06-11,1.139948102775119,1.1384563744839746
2019-06-12,1.1399147670919572,1.1341541001024185
2019-06-13,1.1432044968435167,1.1371445261721524
2019-06-14,1.1459225164174736,1.136006730671301
2019-06-17,1.1454318834330806,1.1367964289225505
2019-06-18,1.1452084270032665,1.1366404045342726
2019-06-19,1.1440892281926762,1.1422544081977128
2019-06-20,1.1515752911384676,1.1553180826438565
2019-06-21,1.1530865549358844,1.1580965526781737
2019-06-24,1.1555960131587186,1.1610683719025436
2019-06-25,1.1602338822886897,1.1601740018740152
2019-06-26,1.155209149280039,1.158636814319315
2019-06-27,1.1548180916318873,1.1615983653448647
2019-06-28,1.1569059096966459,1.161654583021727
2019-07-01,1.1558639382842666,1.1713844356157181
2019-07-02,1.1570493407679494,1.172124329402234
2019-07-03,1.1603420264105442,1.1699225869002785
2019-07-04,1.1590563446280995,1.1664688558126775
2019-07-05,1.1590555790210877,1.1672800200920759
2019-07-08,1.1530716917884685,1.1544727379789639
2019-07-09,1.151547606842799,1.1532310814936557
2019-07-10,1.151637999772441,1.154158805721707
2019-07-11,1.1558487228319574,1.1573567776856633
2019-07-12,1.1573105985598962,1.1599641074111526
2019-07-15,1.1602235101374947,1.1640285023002426
2019-07-16,1.1591679266172814,1.1629682339667742
2019-07-17,1.158832877330093,1.1615982666695304
2019-07-18,1.160124699121043,1.15970684532824
2019-07-19,1.1669739255213465,1.1654827003203998
2019-07-22,1.1620522001715716,1.1573071724354091
2019-07-23,1.16099866425439,1.158252328420072
2019-07-24,1.1606943644516083,1.1602872746174997
2019-07-25,1.163396956872471,1.1641515267110973
2019-07-26,1.1627082219668685,1.1649594949904627
2019-07-29,1.161156013308879,1.1622637191054017
2019-07-30,1.164973498530453,1.1673316565635334
2019-07-31,1.1650687766714227,1.166500090130217
2019-08-01,1.1607939495125252,1.160568265276543
2019-08-02,1.1632678840596375,1.1563849380654572
2019-08-05,1.1676505759761715,1.154615190517178
2019-08-06,1.1658029428059753,1.1483158964026523
2019-08-07,1.1670626371049166,1.1461830428856428
2019-08-08,1.170963749579635,1.150964006186805
2019-08-09,1.1726618442465069,1.1500423596736913
2019-08-12,1.1764162168462888,1.1582585787520308
2019-08-13,1.1805181131540288,1.1595331185729334
2019-08-14,1.1762292202595483,1.1599711782066746
2019-08-15,1.177284295870241,1.1611782303181954
2019-08-16,1.1771056416519499,1.1617505501989847
2019-08-19,1.1840647969292633,1.1773504086289652
2019-08-20,1.1824223836200831,1.175391395030502
2019-08-21,1.1814093810079345,1.1745910391750465
2019-08-22,1.183095482228936,1.1752131034256375
2019-08-23,1.1842005009935939,1.1775700026479414
2019-08-26,1.1866302621225273,1.175385583682179
2019-08-27,1.1892876552505411,1.1808394096345505
2019-08-28,1.1903138157553763,1.1821237539238905
2019-08-29,1.1934022808181772,1.1835546512529533
2019-08-30,1.1885588442166017,1.180649031035884
2019-09-02,1.1917954721254604,1.1875316407573577
2019-09-03,1.191583913664036,1.1882166450863612
2019-09-04,1.1955967378918626,1.1958595498101108
2019-09-05,1.198701780574139,1.2011151753843647
2019-09-06,1.197946721606524,1.2027722036459552
2019-09-09,1.1988268278166285,1.2074225584075693
2019-09-10,1.19580558104753,1.2046379046735776
2019-09-11,1.1945241114427503,1.2019966370787774
2019-09-12,1.195274927306588,1.2037752992516784
2019-09-16,1.1943295313288746,1.2060701431102452
2019-09-17,1.189370878853342,1.1989584606478334
2019-09-18,1.1888647008938915,1.196907993882615
2019-09-19,1.1894402296866968,1.1977860926106847
2019-09-20,1.1918583580532036,1.2007546068987274
2019-09-23,1.1905594637882357,1.1986365677994293
2019-09-24,1.1902447942112062,1.1976955998062497
2019-09-25,1.189578487146728,1.1933104751310364
2019-09-26,1.1846554289776325,1.1861121364096066
2019-09-27,1.1817763475667051,1.1846570082369745
2019-09-30,1.1827193378714265,1.1808489364782981
2019-10-08,1.18453724663083,1.183743800165652
2019-10-09,1.1873211050098644,1.1885049666190544
2019-10-10,1.1881657690609628,1.1919874006776268
2019-10-11,1.1888118196969042,1.196019422110225
2019-10-14,1.1894191023570728,1.1996737262846355
2019-10-15,1.1887833234304563,1.1957603826547827
2019-10-16,1.1876400409497954,1.1932213783846277
2019-10-17,1.188906401401978,1.1937179764661208
2019-10-18,1.1855139105249093,1.188283208307552
2019-10-21,1.188324182304417,1.1905442371769654
2019-10-22,1.18911825506815,1.1927915756358283
2019-10-23,1.188128491933671,1.1907081423112502
2019-10-24,1.1898294240920897,1.1931646452919387
2019-10-25,1.191176383928581,1.1967700966400594
2019-10-28,1.189881752763422,1.1982283069805881
2019-10-29,1.1870031572251865,1.1935243754135623
2019-10-30,1.1851925149589808,1.1894604772175426
2019-10-31,1.1846822726721353,1.187770018298015
2019-11-01,1.1888938384194505,1.194533488042167
2019-11-04,1.1904268067705845,1.1970046388447404
2019-11-05,1.1940032584209457,1.2023137318428843
2019-11-06,1.189945585304764,1.1971425198133698
2019-11-07,1.1916446239998042,1.1989641399933242
2019-11-08,1.1891537381353512,1.1954805770527717
2019-11-11,1.182810288465514,1.1856829812001441
2019-11-12,1.180404227108198,1.184453297589053
2019-11-13,1.1808700561827985,1.1842327257701681
2019-11-14,1.1799678905929147,1.1849841935572742
2019-11-15,1.1784770381672034,1.1822614560692781
2019-11-18,1.1846006688246542,1.1895934145037332
2019-11-19,1.1876569584218675,1.1954389069068492
2019-11-20,1.186679523232325,1.1910285831453495
2019-11-21,1.1875162139623363,1.1927144640542755
2019-11-22,1.183862454778501,1.1873580908883812
2019-11-25,1.1853299622445224,1.1907363786217502
2019-11-26,1.185213125143675,1.1895508966890567
2019-11-27,1.1856690805507422,1.1909874351693044
2019-11-28,1.1859435844545225,1.1903553233655888
2019-11-29,1.1867253382213447,1.1901763694325247
2019-12-02,1.1857885751339217,1.189270089120149
2019-12-03,1.1867482560799263,1.1913013209699161
2019-12-04,1.1878499978085562,1.1913927357695284
2019-12-05,1.1897847101403403,1.1963521614998667
2019-12-06,1.1890241613323504,1.1983343633907608
2019-12-09,1.194568118578658,1.2037288555441144
2019-12-10,1.1970361520682216,1.205920022766361
2019-12-11,1.199170558163192,1.2072376352114282
2019-12-12,1.1987661006083759,1.2068845463814988
2019-12-13,1.1997456783647642,1.2125377431331594
2019-12-16,1.20292562269125,1.2182520093876659
2019-12-17,1.2061761240210442,1.2249691212431773
2019-12-18,1.2060766344165712,1.2247895214112041
2019-12-19,1.207236158444746,1.2256003719682558
2019-12-20,1.207952521748573,1.2248571922185743
2019-12-23,1.2059927310281795,1.217207929380492
2019-12-24,1.2107189926019768,1.2244323258989018
2019-12-25,1.2115900717831343,1.2261048545603317
2019-12-26,1.212005741976105,1.228483887446084
2019-12-27,1.2122936337418002,1.2285689441318206
2019-12-30,1.2165486435672421,1.2363522280183827
2019-12-31,1.2167256828344406,1.2366035286234782
2020-01-02,1.2193439375258417,1.2425951632624552
2020-01-03,1.2180472252596974,1.2438915156704047
2020-01-06,1.2203228509502162,1.2488252751803355
2020-01-07,1.221038682752667,1.2500463772315389
2020-01-08,1.2202264726621925,1.2469000428436174
2020-01-09,1.2190419175147982,1.2459700531026785
2020-01-10,1.2202861768959534,1.2457927432021312
2020-01-13,1.2203415646011855,1.2499396474091866
2020-01-14,1.2196560662329807,1.2478135226939677
2020-01-15,1.220743864151548,1.2465281199285723
2020-01-16,1.2232058253835836,1.2483664959246568
2020-01-17,1.2232495904607534,1.2477094021852255
2020-01-20,1.2250812964446056,1.252951979101324
2020-01-21,1.2205564118841072,1.2439720907687988
2020-01-22,1.2206311460033379,1.2458928623269923
2020-01-23,1.2121616939850473,1.2285557966369496
2020-02-03,1.1956477891740713,1.211691294384305
2020-02-04,1.201463302142547,1.2103787114335234
2020-02-05,1.203568637262825,1.2108150944502085
2020-02-06,1.2082792238851787,1.2126346326250879
2020-02-07,1.2102907939189906,1.215017596744416
2020-02-10,1.2109608419391182,1.2151214883090653
2020-02-11,1.2103205514963746,1.2127536798438774
2020-02-12,1.2109030014846753,1.2122203226053117
2020-02-13,1.2130240604770122,1.2157260080243126
2020-02-14,1.2108305652675377,1.2123097286671076
2020-02-17,1.2155244593236816,1.2139513397229003
2020-02-18,1.216967979480756,1.2156600270111906
2020-02-19,1.2180747723250305,1.2181396475881123
2020-02-20,1.219268362235258,1.218208276823967
2020-02-21,1.2224853607034352,1.2221292544237428
2020-02-24,1.223602905111004,1.2230894008838893
2020-02-25,1.2217567408575414,1.2199606823377442
2020-02-26,1.220051078876597,1.2183637894631376
2020-02-27,1.220964161751992,1.2180829462226817
2020-02-28,1.2109988655597523,1.2128313087723082
2020-03-02,1.2146102752029744,1.2161044965326386
2020-03-03,1.2141860402456137,1.2166324531567174
2020-03-04,1.2201924358001857,1.221881822469603
2020-03-05,1.2214593864067915,1.2218889230847456
2020-03-06,1.2238566755304172,1.2227536684439002
2020-03-09,1.2197557483003985,1.216790874651111
2020-03-10,1.2164884340651314,1.2088840821526967
2020-03-11,1.2172963715787115,1.2069621942142974
2020-03-12,1.2117036659294387,1.1992117177901105
2020-03-13,1.206108728078773,1.1950826605787457
2020-03-16,1.1982440811626904,1.1857744855200096
2020-03-17,1.1896774918167958,1.1775388181803856
2020-03-18,1.1883671310662456,1.1695520241133381
2020-03-19,1.1783228163235935,1.1554087101700552
2020-03-20,1.1867906379284443,1.169521886048739
2020-03-23,1.1857021511287786,1.1676847193563864
2020-03-24,1.195620293008112,1.1775870365747896
2020-03-25,1.20499748650448,1.1883819770563628
2020-03-26,1.2026626418321509,1.1829871249296144
2020-03-27,1.2044291970299303,1.1848599831182458
2020-03-30,1.2024421659714823,1.180888452715387
2020-03-31,1.2052690086958344,1.1857947663611679
2020-04-01,1.2003452786066517,1.1792955015234197
2020-04-02,1.2024398633293605,1.1840346337815209
2020-04-03,1.1981088888482048,1.180802758509821
2020-04-07,1.2111462718370656,1.1941118421672758
2020-04-08,1.2136077118429343,1.1956789904748195
2020-04-09,1.212816442793097,1.1965900773538758
2020-04-10,1.2132858061784402,1.196910547715865
2020-04-13,1.2114147457961144,1.1940080194208527
2020-04-14,1.2150786509672946,1.1960007628551481
2020-04-15,1.216494650676118,1.1968553806583548
2020-04-16,1.217302463589188,1.1946443260557191
2020-04-17,1.2177116995010824,1.1937908415801122
2020-04-20,1.2149098248918047,1.188721730227903
2020-04-21,1.2124779088126911,1.1835683696245125
2020-04-22,1.2166480276886351,1.1816955877094366
2020-04-23,1.224338243109251,1.1946275287949422
2020-04-24,1.224954008469827,1.1962401326799956
2020-04-27,1.2259028656843556,1.19534442441356
2020-04-28,1.2240239782570972,1.1940988199285976
2020-04-29,1.2277013651566056,1.1998916456049846
2020-04-30,1.2283768641313346,1.2000524352060793
2020-05-06,1.228942753785844,1.202424233593056
2020-05-07,1.223986121013476,1.1974857567105
2020-05-08,1.228052599502922,1.2006449366741616
2020-05-11,1.224629626602153,1.1971155475377362
2020-05-12,1.2245809216090773,1.1951499545304063
2020-05-13,1.2239573693578876,1.1938648955486968
2020-05-14,1.2221811066552941,1.1920506925932968
2020-05-15,1.2251478005063767,1.1988203234630324
2020-05-18,1.2282242449744396,1.202924050695535
2020-05-19,1.2290176731732199,1.2062488952942227
2020-05-20,1.2319015188144775,1.2079588118834659
2020-05-21,1.2297819074678322,1.204140459862689
2020-05-22,1.2302446194024774,1.1962949044321884
2020-05-25,1.2293189866931022,1.1971728187131248
2020-05-26,1.2297385998664054,1.2020880661751336
2020-05-27,1.2303068131205432,1.2002985685568806
2020-05-28,1.2329341650338748,1.202210185526303
2020-05-29,1.2332505493957402,1.2035434984909306
2020-06-01,1.2394152360262556,1.2186963601916407
2020-06-02,1.2357047464422573,1.2165557149815405
2020-06-03,1.2367815995847535,1.2184486947461113
2020-06-04,1.2360780573432568,1.2167117681033606
2020-06-05,1.2366375958913023,1.2194103673962402
2020-06-08,1.2388640191280746,1.2226271782981135
2020-06-09,1.2414685283198197,1.225612828000367
2020-06-10,1.2452439478150745,1.228103221513306
2020-06-11,1.2447195310181849,1.2249043303762588
2020-06-12,1.2488319538251278,1.227794014907346
2020-06-15,1.2447444817483457,1.2215709783615474
2020-06-16,1.2499093108685488,1.2328906282200554
2020-06-17,1.248545936570849,1.2332718255258013
2020-06-18,1.2502135723005736,1.2364204844011077
2020-06-19,1.2540572132447123,1.2427758051196753
2020-06-22,1.254530016468417,1.242966037272779
2020-06-23,1.2543039389324133,1.2441574077634243
2020-06-24,1.2579564282160196,1.2482041081728807
2020-06-29,1.2586311958126102,1.2449914964145734
2020-06-30,1.2639356090018876,1.2534208838626715
2020-07-01,1.275378909962314,1.266021721538625
2020-07-02,1.2809426108664017,1.2768850887625056
2020-07-03,1.2842720501277882,1.283867158028707
2020-07-06,1.2971357475266405,1.3099806463497525
2020-07-07,1.2974220186140668,1.310356872050115
2020-07-08,1.299428900684419,1.316361242206651
2020-07-09,1.307889398925222,1.3291748652014677
2020-07-10,1.3041809197186593,1.3216167019164369
2020-07-13,1.3158874106126333,1.3388440470308347
2020-07-14,1.3105790894352605,1.3307857499469655
2020-07-15,1.3091643766733332,1.3253812488176717
2020-07-16,1.2939594156103655,1.299263827826239
2020-07-17,1.2960317479190657,1.3012723367909451
2020-07-20,1.3072512191578671,1.3149232755228353
2020-07-21,1.310230272708327,1.3193782338330873
2020-07-22,1.3199811316298666,1.3288350889571159
2020-07-23,1.320329790738934,1.330096630784228
2020-07-24,1.3122654751392457,1.310919861252527
2020-07-27,1.3162470066885619,1.314876277910388
2020-07-28,1.3128692048612074,1.3136854496941022
2020-07-29,1.3223750300230674,1.3302454737434284
2020-07-30,1.321115606312903,1.3273090931939822
2020-07-31,1.3237120707592238,1.3312047838177914
2020-08-03,1.3279853050474764,1.339487839542797
2020-08-04,1.3293132515422152,1.340772449185943
2020-08-05,1.3310918098671551,1.3430262517964615
2020-08-06,1.3300996434119985,1.3426521849901518
2020-08-07,1.329904327366109,1.3398409114793217
2020-08-10,1.3284326296981213,1.3405410724485376
2020-08-11,1.3198018299066943,1.3296576337253287
2020-08-12,1.3085439421810858,1.3198243657248987
2020-08-13,1.3129266300312206,1.3227976706427937
2020-08-14,1.319564536728741,1.3346473893829167
2020-08-17,1.328516611829223,1.3457558869768935
2020-08-18,1.3333640639979374,1.3473046961057207
2020-08-19,1.3299819459455249,1.3411123146280317
2020-08-20,1.3213220484719759,1.3339642275991892
2020-08-21,1.3224769391875728,1.335903702189456
2020-08-24,1.321281206652401,1.3376501421786495
2020-08-25,1.3195723975749178,1.3371888078135714
2020-08-26,1.3178786856497107,1.3324422120730433
2020-08-27,1.3204177210172496,1.3360195865815416
2020-08-28,1.326893607775042,1.3483128579707229
2020-08-31,1.329695027550788,1.347935980109475
2020-09-01,1.330613986425973,1.351168859058811
2020-09-02,1.3244198625753525,1.3460220103421465
2020-09-03,1.3197414113991244,1.3394024881275672
2020-09-04,1.3200080654569508,1.3370951451476605
2020-09-07,1.3195702210953963,1.327850729097907
2020-09-08,1.3243121625601117,1.3338015611702017
2020-09-09,1.3175671039516992,1.3171024729886145
2020-09-10,1.3181519677255744,1.3147047363579756
2020-09-11,1.3201448038075163,1.3173725657379194
2020-09-14,1.3273690233159754,1.3252510641328672
2020-09-15,1.3312785651921015,1.3300856510193857
2020-09-16,1.3256730027499297,1.3264202069267212
2020-09-17,1.32419086466276,1.3243996987192999
2020-09-18,1.337306013427865,1.3389379514100004
2020-09-21,1.3363050718045069,1.3337995098837845
2020-09-22,1.3275728525575907,1.3222290077061387
2020-09-23,1.3224888139981443,1.318625708455083
2020-09-24,1.3121430957839821,1.3057827894199001
2020-09-25,1.3133064273648862,1.3075831214201918
2020-09-28,1.3173086496296538,1.3076290048952417
2020-09-29,1.317129361189772,1.309541756420265
2020-09-30,1.3146602134168408,1.3032923428121912
2020-10-09,1.3316379665040088,1.3246173965568504
2020-10-12,1.343702368748978,1.3435450024155642
2020-10-13,1.3404226472461005,1.3413133902922143
2020-10-14,1.338586513042899,1.3398709741791446
2020-10-15,1.336301750905567,1.3380957663601418
2020-10-16,1.3404821524107156,1.3397355914678037
2020-10-19,1.3398110079586192,1.3362605329975599
2020-10-20,1.342742419974849,1.3411034971321851
2020-10-21,1.343756555610114,1.3408599281921376
2020-10-22,1.3441281910985372,1.3386222083451
2020-10-23,1.33786833810158,1.329882098166553
2020-10-26,1.337526980996197,1.3264242684399854
2020-10-27,1.3388840747504531,1.3273451909586207
2020-10-28,1.3390971546833683,1.3285678249557997
2020-10-29,1.3360873664295105,1.3268184297702776
2020-10-30,1.3287795854843247,1.3119994812180573
2020-11-02,1.3354914391489552,1.3193605013080671
2020-11-03,1.3410930978063658,1.3284076493233683
2020-11-04,1.344515394615377,1.3321344574259466
2020-11-05,1.3472625199956563,1.3416744173671893
2020-11-06,1.3448812673136203,1.3387463437310152
2020-11-09,1.345714277098119,1.3467569203667127
2020-11-10,1.3461821163120276,1.3441600012868864
2020-11-11,1.3578689987596786,1.3484684274816103
2020-11-12,1.3568759036807314,1.3482591425194594
2020-11-13,1.3544505501460395,1.3443906716584626
2020-11-16,1.360597181815474,1.3532998422502875
2020-11-17,1.3590484464487647,1.3506846015108176
2020-11-18,1.362201889696644,1.3532057805952553
2020-11-19,1.3606709685236913,1.3559043257321906
2020-11-20,1.3680528325426624,1.3636506547083154
2020-11-23,1.3749639576558728,1.372588945660643
2020-11-24,1.3741644155780792,1.3708459605084207
2020-11-25,1.3754930600604127,1.3661301100692966
2020-11-26,1.3756407639863621,1.3661221535127137
2020-11-27,1.3788671339911687,1.3727978711109816
2020-11-30,1.385775544387459,1.3751779070183696
2020-12-01,1.382263045036436,1.38122585159207
2020-12-02,1.3822559209082506,1.3809476236479628
2020-12-03,1.3744924489598769,1.3761557819861365
2020-12-04,1.3843783746697595,1.3844743703849394
2020-12-07,1.3787289987661744,1.3774645557975553
2020-12-08,1.3776564872979506,1.3762836651875798
2020-12-09,1.3748532892463579,1.3688603936652375
2020-12-10,1.3794095763140086,1.3707644170979187
2020-12-11,1.376266436116544,1.3633018280447948
2020-12-14,1.3813931998993638,1.370320125649922
2020-12-15,1.3799435692373543,1.3701227286504178
2020-12-16,1.3840564207705373,1.3725579342176506
2020-12-17,1.3910974171760293,1.3832505494227054
2020-12-18,1.3971777756197676,1.3848152971505403
2020-12-21,1.3977648988388673,1.3917049629448892
2020-12-22,1.3863683342385202,1.3772238304457085
2020-12-23,1.38695600989392,1.3800158205304216
2020-12-24,1.391143887135239,1.3796312152318972
2020-12-25,1.3953835686670308,1.3869316713041486
2020-12-28,1.390761451502276,1.384265408857265
2020-12-29,1.3856116562958334,1.38066889174321
2020-12-30,1.393641679827537,1.3898377954136742
2020-12-31,1.3970732541764241,1.3999018385712232
2021-01-04,1.4034732269118437,1.4088161500633505
2021-01-05,1.403106149791349,1.414019091841616
2021-01-06,1.4122276350102436,1.4226369691438363
2021-01-07,1.4160456156369639,1.431306030391522
2021-01-08,1.4160017920156442,1.4311531200595053
2021-01-11,1.4046417334990566,1.4172513210799047
2021-01-12,1.410163021145771,1.4295560477493867
2021-01-13,1.4193847252620948,1.4345208661592161
2021-01-14,1.4161342879809466,1.4272120606110026
2021-01-15,1.4145045433710408,1.42256582251924
2021-01-18,1.4115997152400728,1.4261287129537572
2021-01-19,1.4111093411301332,1.4220745749530206
2021-01-20,1.4078893612539998,1.4226587125213905
2021-01-21,1.4125346509480248,1.4321408077750826
2021-01-22,1.4033813901609118,1.4263764002473878
2021-01-25,1.401370472973158,1.426847124721491
2021-01-26,1.3956051859644079,1.4167322315960829
2021-01-27,1.4021275396101078,1.4202465391765984
2021-01-28,1.393787651895312,1.4072257627522264
2021-01-29,1.3991623272855314,1.406960456079256
2021-02-01,1.407227887928099,1.4168322976799073
2021-02-02,1.4024465323880222,1.4176198920318746
2021-02-03,1.3970127849563727,1.4129010696411735
2021-02-04,1.4027964679496658,1.4153083132824604
2021-02-05,1.4066386931503057,1.4154972728378754
2021-02-08,1.4103907303462189,1.4236597735249863
2021-02-09,1.4179711709964247,1.438180184100787
2021-02-10,1.4164623730701136,1.4439162925989744
2021-02-18,1.4305281998487958,1.455390331352074
2021-02-19,1.432725087241624,1.4617747296736718
2021-02-22,1.4468958386191502,1.4644630078125087
2021-02-23,1.4568191283035214,1.4708113539287881
2021-02-24,1.4588024249256137,1.4640636387081467
2021-02-25,1.4746967725518325,1.4772324076769623
2021-02-26,1.4563189424585488,1.4527665340442402
2021-03-01,1.4557057932425315,1.45957665782564
2021-03-02,1.442098898687378,1.4447904463264905
2021-03-03,1.4549042389730165,1.4601560472392812
2021-03-04,1.4482699702034796,1.4468069264288077
2021-03-05,1.4539558920301658,1.4505433130091225
2021-03-08,1.460206828461687,1.440656244698882
2021-03-09,1.4478305164147067,1.4256867182511852
2021-03-10,1.442689922215699,1.4205440952781485
2021-03-11,1.451496145099733,1.4371830242128782
2021-03-12,1.450747800982833,1.437290357563233
2021-03-15,1.4561352445479296,1.4354140729794693
2021-03-16,1.4524470314386029,1.434601102343594
2021-03-17,1.4582822573970902,1.4398582826146538
2021-03-18,1.4553075006633003,1.4425893891774955
2021-03-19,1.4427454505964257,1.4284135158687514
2021-03-22,1.4500729913003438,1.4378601685949464
2021-03-23,1.4454781750714953,1.432467603986994
2021-03-24,1.443645603030941,1.4276897470502576
2021-03-25,1.443395278599819,1.428356033748308
2021-03-26,1.4511203263869537,1.4389661154709075
2021-03-29,1.452644998513407,1.4398049982808236
2021-03-30,1.4505752305046737,1.4402401231401583
2021-03-31,1.4479172464657355,1.4372158252445
2021-04-01,1.4534433637072266,1.4462929764559511
2021-04-02,1.4601586128571447,1.4532231844260837
2021-04-06,1.4570147945083871,1.4496090197620541
2021-04-07,1.4584611932113614,1.4496920702865392
2021-04-08,1.4552878437486816,1.4494294833785688
2021-04-09,1.4563023666481347,1.446653523702633
2021-04-12,1.4534106467541006,1.4385538671237936
2021-04-13,1.458639935305261,1.4415403563466307
2021-04-14,1.462958788409476,1.4474897565001454
2021-04-15,1.4712999066346486,1.4523876835149314
2021-04-16,1.4755413629605676,1.4577124529402112
2021-04-19,1.4798936277852621,1.4687256004213887
2021-04-20,1.478358143222089,1.4677696644729803
2021-04-21,1.477722173673836,1.4671010630650505
2021-04-22,1.4779520802267831,1.467161104866422
2021-04-23,1.479996337841328,1.4727458972456207
2021-04-26,1.4787831979504193,1.467645545588115
2021-04-27,1.4843539455237624,1.4720752172086866
2021-04-28,1.483247101815125,1.4750632905664496
2021-04-29,1.4888243378402413,1.4814149062758695
2021-04-30,1.4901776026800007,1.4806180251775265
2021-05-06,1.5020395168144631,1.4852985103868832
2021-05-07,1.508760634221823,1.486752899134046
2021-05-10,1.5175718295894387,1.4934719877039495
2021-05-11,1.5109727734677911,1.4901956612050002
2021-05-12,1.518957848926168,1.4988429596142017
2021-05-13,1.510339037593948,1.4887432902338675
2021-05-14,1.5038033274753273,1.4950891631984864
2021-05-17,1.5097817471618984,1.5025896405973067
2021-05-18,1.5151379062234114,1.50676225330008
2021-05-19,1.5086812143565618,1.5034661963174196
2021-05-20,1.5069669340374978,1.5031672163922671
2021-05-21,1.5017590954778066,1.4973883047667673
2021-05-24,1.5002650235359893,1.4992045891773003
2021-05-25,1.506433469828043,1.512883583826808
2021-05-26,1.5071750445866818,1.5145702428039607
2021-05-27,1.5054740785581662,1.5151834849565309
2021-05-28,1.5100284799973234,1.5166358057106761
2021-05-31,1.5151329928979052,1.5212698150188924
2021-06-01,1.5189460979497809,1.5240755188677444
2021-06-02,1.5135379061322085,1.5174577059717087
2021-06-03,1.5136409208392276,1.5140142388640017
2021-06-04,1.5045132320349592,1.5114300283688782
2021-06-07,1.5037083443699406,1.5105445943302584
2021-06-08,1.5047454512609124,1.5087208693688094
2021-06-09,1.5061588105198571,1.5108917338848833
2021-06-10,1.5058383084899558,1.5150617317510293
2021-06-11,1.5097838968584538,1.5158541369678107
2021-06-15,1.5016699087698997,1.5040101167074797
2021-06-16,1.500141482760125,1.4969479318420529
2021-06-17,1.496936389581532,1.4967695119141153
2021-06-18,1.4911776869877866,1.4936715215470573
2021-06-21,1.494304025693972,1.4973288243719762
2021-06-22,1.500273788300281,1.5035788193808926
2021-06-23,1.5047891998977192,1.5112851768213975
2021-06-24,1.5040240528450457,1.511101956435046
2021-06-25,1.5065862875378027,1.519027083069864
2021-06-28,1.5046224212885546,1.5173275327772557
2021-06-29,1.5027294270131173,1.5115505417981825
2021-06-30,1.5045547132529755,1.5150156881823915
2021-07-01,1.5083252478959686,1.5135127492360319
2021-07-02,1.5108453793068897,1.5088382326233005
2021-07-05,1.5152792126548063,1.5141788150168003
2021-07-06,1.516584189508831,1.5152308558123537
2021-07-07,1.5116974892675565,1.516567922175503
2021-07-08,1.5092343265971073,1.5125003108002728
2021-07-09,1.5122073571742811,1.5152619370178555
2021-07-12,1.5166452213181025,1.5239611898332681
2021-07-13,1.5218095421109328,1.5307850819529085
2021-07-14,1.5270224940521817,1.5305341788323499
2021-07-15,1.5207130539241105,1.5301769357840695
2021-07-16,1.5231601548999791,1.531705884551591
2021-07-19,1.5222745706990028,1.5308371920317732
2021-07-20,1.518563297411917,1.5283197558499266
2021-07-21,1.5201226670821262,1.5330806694235195
2021-07-22,1.5230538752479128,1.5361154460353696
2021-07-23,1.5263711653082068,1.5350303460815586
2021-07-26,1.5254356829785423,1.5221791773766018
2021-07-27,1.5197517088795576,1.5068251535751929
2021-07-28,1.522704935859899,1.5068302858654492
2021-07-29,1.5282320898148336,1.5179734329454877
2021-07-30,1.5357420451243178,1.5227573528898684
2021-08-02,1.5330644407811191,1.5292293669230843
2021-08-03,1.5252850459632548,1.5230312534865387
2021-08-04,1.5260484676501886,1.5268126883439066
2021-08-05,1.522779134767398,1.5230630494648785
2021-08-06,1.528076416245821,1.5276153935419237
2021-08-09,1.5178940368758802,1.5235942608834154
2021-08-10,1.5189367175952975,1.5293841231273042
2021-08-11,1.5226488074522886,1.5323788046078726
2021-08-12,1.5265081406037153,1.5355863110162833
2021-08-13,1.5273413554987136,1.537006697981449
2021-08-16,1.5275495797616978,1.5365697537296183
2021-08-17,1.5302552561074945,1.5286087990780854
2021-08-18,1.5306934675589092,1.5310178388042845
2021-08-19,1.5218193488485432,1.5219802957191166
2021-08-20,1.5220402746712065,1.5169344313677733
2021-08-23,1.5226109819805302,1.5239490931941173
2021-08-24,1.5294480839545772,1.5344848472053505
2021-08-25,1.5331228722486467,1.5385760178471581
2021-08-26,1.5294881691986095,1.5328084982991106
2021-08-27,1.5371650661871843,1.5412471523260107
2021-08-30,1.5446389367845872,1.5469113672976866
2021-08-31,1.5472231736301303,1.5507463609004426
2021-09-01,1.5459273710770367,1.5525767391816585
2021-09-02,1.5498184823412242,1.5583126126830091
2021-09-03,1.5496491696175634,1.5573355829645916
2021-09-06,1.5537271551076348,1.565291934706048
2021-09-07,1.5568234049235414,1.57680804695113
2021-09-08,1.5559359488996722,1.5759869345323267
2021-09-09,1.5643762685381928,1.58418214239737
2021-09-10,1.5671562829419758,1.5899933591613387
2021-09-13,1.5796166979634436,1.5971337142694233
2021-09-14,1.5684465441379403,1.5846776099852025
2021-09-15,1.5681446084170723,1.582864692304071
2021-09-16,1.5679622033292229,1.5761322527963815
2021-09-17,1.5643598048004717,1.572450872337472
2021-09-22,1.5743009574432236,1.5782032278262348
2021-09-23,1.577979901300567,1.5829093185370755
2021-09-24,1.5692408470032642,1.5780219882639204
2021-09-27,1.5654280304376391,1.572888757534688
2021-09-28,1.5682600159568147,1.5732082254988404
2021-09-29,1.5606505612333075,1.5626184124993279
2021-09-30,1.559809596380923,1.5630691627556925
2021-10-08,1.5657666125748873,1.5708015906005588
2021-10-11,1.5679881347939888,1.5729548719233932
2021-10-12,1.5662969730310143,1.5647450902977575
2021-10-13,1.5619379501717678,1.5657065057852444
2021-10-14,1.5691333161068428,1.5707711641697897
2021-10-15,1.5770060918760647,1.5786466763977527
2021-10-18,1.5781511269112691,1.5765706880035486
2021-10-19,1.576280962854866,1.5784979687120424
2021-10-20,1.561965179479915,1.566760230769385
2021-10-21,1.5673472024300803,1.571364993588124
2021-10-22,1.5609492035660837,1.567427124379181
2021-10-25,1.5632926525719124,1.5717950687972262
2021-10-26,1.5617094567619816,1.5702567516121666
2021-10-27,1.5483584021712729,1.5553146428998463
2021-10-28,1.5462461483666798,1.5515288818074022
2021-10-29,1.5425728073096396,1.553156405882439
2021-11-01,1.5413970797884797,1.5523706761967526
2021-11-02,1.5440579433286703,1.5501113087736094
2021-11-03,1.543316096778024,1.548951670358084
2021-11-04,1.5362769101777094,1.5420693632582487
2021-11-05,1.5321858847808745,1.5382220361627361
2021-11-08,1.5434217178774334,1.5485366848766684
2021-11-09,1.5439689466063156,1.5491857862322258
2021-11-10,1.5472908006956367,1.5519704811613149
2021-11-11,1.5481730240474874,1.552552161741193
2021-11-12,1.5464222455173202,1.550918535265111
2021-11-15,1.546529135967262,1.5513331645867368
2021-11-16,1.5483935410208405,1.552787453636684
2021-11-17,1.544788557226824,1.5493582598232862
2021-11-18,1.5399876112447375,1.5450816428807204
2021-11-19,1.5476919942855978,1.5517062671189417
2021-11-22,1.542701982094943,1.5475718595787242
2021-11-23,1.542094601455994,1.5468119071915178
2021-11-24,1.551238449168258,1.5553036319312903
2021-11-25,1.5515590733678712,1.5557534566997915
2021-11-26,1.5451582622897044,1.5501740938501258
2021-11-29,1.5376094275972954,1.54403582575062
2021-11-30,1.5264509293861366,1.5349827319653016
2021-12-01,1.5279343399948888,1.5365389151091966
2021-12-02,1.5225938208702012,1.5311498370558747
2021-12-03,1.5268072675394597,1.53564477198807
2021-12-06,1.530531121019532,1.5392468607656
2021-12-07,1.5298387470534804,1.5387203544298353
2021-12-08,1.5306783750243236,1.539641334443906
2021-12-09,1.5347961106437176,1.544001768419571
2021-12-10,1.534919153204271,1.543906663471591
2021-12-13,1.5383637365752039,1.5477435738604606
2021-12-14,1.5341050480987584,1.5428772397699149
2021-12-15,1.5324118744315414,1.5407509676699518
2021-12-16,1.5389630470219662,1.5477067493657868
2021-12-17,1.5450806872353373,1.5541638394405364
2021-12-20,1.5392217317816184,1.548017447511899
2021-12-21,1.542338551001867,1.5512898740703678
2021-12-22,1.5487598734690968,1.5577995455851636
2021-12-23,1.5579617754270407,1.5671414763731537
2021-12-24,1.557389738856544,1.566454195407539
2021-12-27,1.555141211801334,1.5641107025345038
2021-12-28,1.5614838356631717,1.5703397645169068
2021-12-29,1.559949268197104,1.5687703446192214
2021-12-30,1.5638474384489556,1.5726733673728919
2021-12-31,1.564390202121277,1.573481989357531
2022-01-04,1.5663308011874664,1.5754528835374473
2022-01-05,1.5706230026617776,1.5797104308977186
2022-01-06,1.565032302657862,1.57414500224873
2022-01-07,1.5706463221758495,1.5802848392916453
2022-01-10,1.5721403486283418,1.5817465062472669
2022-01-11,1.5759183139931392,1.585571861272919
2022-01-12,1.5799805735372217,1.589677169254978
2022-01-13,1.5818864924855025,1.5916937367944897
2022-01-14,1.5776302779541627,1.5873479671995951
2022-01-17,1.5755480088363267,1.5852129593532587
2022-01-18,1.5804425047988835,1.5903440496930785
2022-01-19,1.5855436038345574,1.5952780456900575
2022-01-20,1.5908414962379198,1.6001933630453367
2022-01-21,1.5901298486083333,1.5993585277828088
2022-01-24,1.589790408654785,1.5991221840181773
2022-01-25,1.5843528268904326,1.5940088265758858
2022-01-26,1.5885483136762146,1.5978300898051023
2022-01-27,1.5854247956658836,1.5946089872656406
2022-01-28,1.5889760487213016,1.5985327160907434
2022-02-07,1.608553537180528,1.618286070773938
2022-02-08,1.6150282300571313,1.624857631943141
2022-02-09,1.615011531529256,1.6248241652929138
2022-02-10,1.6239617274405538,1.6339994150858426
2022-02-11,1.6110823373641197,1.621077837706896
2022-02-14,1.6150013771871952,1.6260509099219846
2022-02-15,1.6139590448731755,1.6251715608453723
2022-02-16,1.610593434509815,1.6205692259159
2022-02-17,1.6131059830483598,1.623056706044153
2022-02-18,1.61803001953474,1.6292877945415976
2022-02-21,1.6135009727827891,1.6249090824835655
2022-02-22,1.6232977204467793,1.6360097355468164
2022-02-23,1.6225147376076872,1.6343840854067662
2022-02-24,1.6370106076154372,1.6499617020783293
2022-02-25,1.6273559385113425,1.6388088047798264
2022-02-28,1.6266045393482107,1.6388026452355002
2022-03-01,1.6280849720505015,1.6403704330128337
2022-03-02,1.6406689928740117,1.6532555316763462
2022-03-03,1.6544011250845632,1.6668877029432452
2022-03-04,1.6489603872142369,1.6616167948253882
2022-03-07,1.6766678201765715,1.6887489194901146
2022-03-08,1.6745394679585894,1.686438595547828
2022-03-09,1.6739162347034797,1.685831560256435
2022-03-10,1.6453386470640332,1.6580656169091634
2022-03-11,1.6524541903678172,1.6665391114445676
2022-03-14,1.6512012633830817,1.6664457628474356
2022-03-15,1.6229556840019783,1.6420663894639311
2022-03-16,1.6313233122964237,1.6509453428623406
2022-03-17,1.6334992643023418,1.6535650778743303
2022-03-18,1.6552055506003946,1.6722654975744453
2022-03-21,1.656571769268776,1.6729642976369914
2022-03-22,1.665830245320097,1.6797254576754155
2022-03-23,1.6653122995231422,1.6803645244688334
2022-03-24,1.6723720881113766,1.6861290119940453
2022-03-25,1.6744678091894973,1.6875023416201684
2022-03-28,1.667529339747451,1.680784188360848
2022-03-29,1.6612702652612619,1.676735773298373
2022-03-30,1.6654574591399343,1.6802095841199711
2022-03-31,1.6621418239501926,1.6765570103988587
2022-04-01,1.6551058654208823,1.6695479756361116
2022-04-06,1.6636805526274085,1.6779204547565754
2022-04-07,1.6545988715643147,1.669075761515819
2022-04-08,1.6580511471903514,1.6721570101613086
2022-04-11,1.6527255151148101,1.6669199366221379
2022-04-12,1.654548283148534,1.6688430572475275
2022-04-13,1.6592268468257863,1.673639432056724
2022-04-14,1.6641353739754876,1.6782666084160665
2022-04-15,1.6697662675262004,1.6836388145458745
2022-04-18,1.665851772151269,1.679640274530619
2022-04-19,1.669755344865926,1.6830277995146636
2022-04-20,1.6630305619233223,1.6758788901231005
2022-04-21,1.666064818951817,1.6790770835901963
2022-04-22,1.6666584902275758,1.6797743777231018
2022-04-25,1.6465078737236094,1.6603561374401652
2022-04-26,1.6474443332024016,1.6607205754848944
2022-04-27,1.6498794843293303,1.6625778375780453
2022-04-28,1.653192310588414,1.6646881368187858
2022-04-29,1.6631088365568183,1.6743601132741748
2022-05-05,1.6622613956908296,1.6736182503737713
2022-05-06,1.6560515643701292,1.667384523378117
2022-05-09,1.6542179565158945,1.6656732798744656
2022-05-10,1.6519495675998606,1.663290647416061
2022-05-11,1.6526480208661383,1.6639507309908756
2022-05-12,1.6564182125361688,1.6677918645023544
2022-05-13,1.6604980438682877,1.6717123594372736
2022-05-16,1.6638204169952786,1.674995980566465
2022-05-17,1.6659600313617953,1.6770698122169052
2022-05-18,1.6616719595497078,1.6730463238809608
2022-05-19,1.663361836537775,1.6746583231231074
2022-05-20,1.6674445902858692,1.6784486970183519
2022-05-23,1.6701729098991587,1.6812428432747364
2022-05-24,1.663541602543096,1.6748527527735637
2022-05-25,1.6688686638635954,1.6799704833711833
2022-05-26,1.673765825882418,1.6849922963815454
2022-05-27,1.6803409465925585,1.6910929004834565
2022-05-30,1.6778092792436616,1.6884863579554226
2022-05-31,1.6778187989550892,1.6882326509239625
2022-06-01,1.6691087958823,1.6794707647826395
2022-06-02,1.6708689004151456,1.6810927289483126
2022-06-06,1.6769535796999975,1.6872038255947077
2022-06-07,1.6786138250737455,1.6888259053069754
2022-06-08,1.683495224018054,1.6936178888104858
2022-06-09,1.6859892596163535,1.6961456313626757
2022-06-10,1.6852985740342983,1.695467720893406
2022-06-13,1.6779270898403669,1.688183031957633
2022-06-14,1.6756235646124218,1.6859006622032786
2022-06-15,1.6687910740632137,1.6793795472541713
2022-06-16,1.66840558704396,1.6788392972759982
2022-06-17,1.6680096172665018,1.6785195321908553
2022-06-20,1.6565573099163615,1.6674055126836487
2022-06-21,1.6573752204724086,1.6682879042845127
2022-06-22,1.650612695448469,1.6615321828131417
2022-06-23,1.64547983737054,1.657039006164614
2022-06-24,1.6296592716286273,1.6421219294959177
2022-06-27,1.6338798799024188,1.6464366604254952
2022-06-28,1.639887400179154,1.65155269347566
2022-06-29,1.6354853478276792,1.6486556300284982
2022-06-30,1.6382139449271356,1.6510295053796047
2022-07-01,1.6292759177393423,1.6420930735558523
2022-07-04,1.62950293834578,1.6422949639793636
2022-07-05,1.6279081371268596,1.6406717848961365
2022-07-06,1.6140932246420894,1.6268614051349914
2022-07-07,1.6118080845262734,1.6251180227001214
2022-07-08,1.6152381659544914,1.6283048904604684
2022-07-11,1.617904565522843,1.631367016429048
2022-07-12,1.6132031245391674,1.6269139670499653
2022-07-13,1.6053300153926653,1.6200317230823784
2022-07-14,1.6033587635754352,1.6185216590767433
2022-07-15,1.5950610097908267,1.6116928587361679
2022-07-18,1.6105079820427612,1.6248021663895627
2022-07-19,1.607795727546202,1.622644622042961
2022-07-20,1.6095944370174138,1.6242669037171484
2022-07-21,1.6065220465960788,1.6222741024557576
2022-07-22,1.608998003568898,1.623385535520734
2022-07-25,1.6087631851910869,1.62305542965883
2022-07-26,1.6220508873359951,1.6347542479691606
2022-07-27,1.6186111097729665,1.6318894406649938
2022-07-28,1.6277916775237566,1.6391223447359164
2022-07-29,1.6326907235426071,1.6439666618598836
2022-08-01,1.6348591514927564,1.6457325491824553
2022-08-02,1.631051116615637,1.6436293741678523
2022-08-03,1.629240092230052,1.642439778088348
2022-08-04,1.6262972790291956,1.6391992713377186
2022-08-05,1.632429976428916,1.6435848068997574
2022-08-08,1.6343173630530359,1.6451116241324377
2022-08-09,1.6363740724076468,1.6470216222430614
2022-08-10,1.6364501225911792,1.647031883265086
2022-08-11,1.6427030447646014,1.6523644095027326
2022-08-12,1.6446723310425566,1.6552027889484717
2022-08-15,1.6478704571971363,1.6579004369467216
2022-08-16,1.6486398813347936,1.65810415233859
2022-08-17,1.6493709013588798,1.6586126491358308
2022-08-18,1.6484025759960748,1.6572540033341703
2022-08-19,1.6487591970309183,1.6589180376993515
2022-08-22,1.6508148527986841,1.660483457346625
2022-08-23,1.655883890511255,1.6654734994110223
2022-08-24,1.6574992246829523,1.6702073821689523
2022-08-25,1.6557339749903812,1.6689134995630266
2022-08-26,1.6554282931877187,1.668898333215481
2022-08-29,1.6545797820470554,1.6673498243749327
2022-08-30,1.6538981128122274,1.6668765684323947
2022-08-31,1.6493189633314072,1.6644640372581962
2022-09-01,1.6477621684129784,1.6631982699712922
2022-09-02,1.6460966646198014,1.6609697269851493
2022-09-05,1.6561680334233333,1.671480803007791
2022-09-06,1.65977225413065,1.6740281376673558
2022-09-07,1.6545056226028028,1.668356100389144
2022-09-08,1.655536920011409,1.6697697346728881
2022-09-09,1.6591183157083513,1.6734912301239921
2022-09-13,1.6646680175784,1.6801920445929746
2022-09-14,1.6589953194821845,1.6744703712881532
2022-09-15,1.6582728134163534,1.6763064863040043
2022-09-16,1.652549109212686,1.6698851158342072
2022-09-19,1.6504806284833062,1.6682105243192416
2022-09-20,1.6535790815461378,1.6706166575130108
2022-09-21,1.658428998116635,1.6758241289437947
2022-09-22,1.6568700304736153,1.6739707013507927
2022-09-23,1.652105713149402,1.6699599148423017
2022-09-26,1.6378709331280166,1.654469702674495
2022-09-27,1.642972613303093,1.6590375513983293
2022-09-28,1.6373354637914266,1.6549917085125732
2022-09-29,1.6406219418445283,1.6612313876031837
2022-09-30,1.6406644285334924,1.662962307789783
2022-10-10,1.6534804595947736,1.6784235413289004
2022-10-11,1.6508404521117317,1.675373353817975
2022-10-12,1.6557896255439986,1.678351883151246
2022-10-13,1.6557993645605682,1.6774726982209605
2022-10-14,1.6680990994517577,1.687990763840569
2022-10-17,1.6588904014757022,1.6780474082191776
2022-10-18,1.658293203938247,1.6769613264411969
2022-10-19,1.6536054828440008,1.672655365926676
2022-10-20,1.6529584859179356,1.6718284356596018
2022-10-21,1.6517610361487316,1.6707120612870787
2022-10-24,1.6565201095235516,1.6756238958539336
2022-10-25,1.654557288974774,1.6737901036366112
2022-10-26,1.6592288190350395,1.6762604566982338
2022-10-27,1.660370549911408,1.6780187143651946
2022-10-28,1.6516415501064547,1.6723169314207131
2022-10-31,1.6485883129153367,1.6682522317596904
2022-11-01,1.657935938902962,1.6760556510672366
2022-11-02,1.659304370863663,1.676812283588075
2022-11-03,1.6596313528650066,1.676755987843732
2022-11-04,1.665524045509261,1.6808719254995346
2022-11-07,1.6701465795864918,1.686250595496432
2022-11-08,1.6726864594804407,1.6889891052434833
2022-11-09,1.6771151650034235,1.6941462370095655
2022-11-10,1.6758777297163583,1.6935460518108862
2022-11-11,1.6788256782697386,1.6964959314613923
2022-11-14,1.66575031792977,1.6830969129678264
2022-11-15,1.6691942409480487,1.6848403332743727
2022-11-16,1.6669663429016073,1.6835559797772914
2022-11-17,1.668629918657831,1.6832994222362545
2022-11-18,1.664067142282998,1.6795700158469278
2022-11-21,1.6600029627235628,1.6715638165885496
2022-11-22,1.6585467970949694,1.6713481163632986
2022-11-23,1.6635142078417493,1.6771074145734388
2022-11-24,1.666757173139877,1.6804225107055772
2022-11-25,1.666783563457597,1.6834245310805682
2022-11-28,1.6575737725455748,1.671269897866951
2022-11-29,1.6637033374013508,1.6806571309485525
2022-11-30,1.6639074313605555,1.6801329020119198
2022-12-01,1.6701886380247244,1.6857491410913696
2022-12-02,1.6731752662496373,1.6885360401799094
2022-12-05,1.6695946783831928,1.6843641830939662
2022-12-06,1.6602458224901528,1.6786101245161968
2022-12-07,1.6570493651105416,1.6749221822618086
2022-12-08,1.6667428072241055,1.6834686498528002
2022-12-09,1.6684709216723768,1.6871341888273381
2022-12-12,1.659738188812384,1.67644121659645
2022-12-13,1.6614231139098519,1.676268305999347
2022-12-14,1.6659378913775087,1.6792397145639695
2022-12-15,1.6637815870190358,1.6769163020037638
2022-12-16,1.6624291436065064,1.676315223837325
2022-12-19,1.6581347071928125,1.6649543545566619
2022-12-20,1.6562472580685506,1.6575095664967026
2022-12-21,1.6648261779254712,1.6625990652112963
2022-12-22,1.6637988031585156,1.6609299978626775
2022-12-23,1.660923840184652,1.6587168438329372
2022-12-26,1.6684143944271317,1.6661031364407928
2022-12-27,1.6747209607612532,1.6746488802230344
2022-12-28,1.6707095138916783,1.6705698931661341
2022-12-29,1.670710063384974,1.6693078285120149
2022-12-30,1.6770467499266377,1.6743486851561404
2023-01-03,1.6788033284550896,1.6788403303940942
2023-01-04,1.6713400004455181,1.673558665723914
2023-01-05,1.6664417423693245,1.6767103271901256
2023-01-06,1.6655092239583864,1.6769266944458456
2023-01-09,1.670698938946209,1.6822593849294216
2023-01-10,1.6685673079359018,1.6814989863277785
2023-01-11,1.6740256154399593,1.6848455158331137
2023-01-12,1.6801582716462486,1.6894916592748848
2023-01-13,1.6857584936796595,1.6997255815247345
2023-01-16,1.6857264014622986,1.7048981921941713
2023-01-17,1.6874863116618788,1.7061816553238338
2023-01-18,1.6992276973767726,1.7143176278020589
2023-01-19,1.698056787019173,1.7169931759144152
2023-01-20,1.706632166266609,1.7259367245810413
2023-01-30,1.7051240312229357,1.7260300930875134
2023-01-31,1.703074902093995,1.7227418641360372
2023-02-01,1.7095217129463742,1.7303088610102353
2023-02-02,1.707959098313919,1.7283138231749406
2023-02-03,1.7038636967839906,1.7213560133296513
2023-02-06,1.6976793228383604,1.7122887219530398
2023-02-07,1.6992748381439255,1.7145804121802117
2023-02-08,1.6988581453892089,1.7119983341388987
2023-02-09,1.7031193850916313,1.7200543356790834
2023-02-10,1.6974676783737201,1.7140464819069894
2023-02-13,1.701742801683369,1.7191393610211452
2023-02-14,1.7044187965512971,1.7227245592051708
2023-02-15,1.700430578569354,1.7173611649873235
2023-02-16,1.7007322264216915,1.714419843851608
2023-02-17,1.6966974593668385,1.706426457788199
2023-02-20,1.7034366255908586,1.7213549231874923
2023-02-21,1.7064408154652522,1.7250184078308168
2023-02-22,1.7093567092494517,1.724555092441669
2023-02-23,1.7050176548726987,1.7210872924569174
2023-02-24,1.7084672148507711,1.7207357473015292
2023-02-27,1.7010903256373433,1.7133592138629683
2023-02-28,1.7051722206217699,1.7190651861716362
2023-03-01,1.7118484683566355,1.728791401816173
2023-03-02,1.7106167089974453,1.7275294560086083
2023-03-03,1.71552353701424,1.7317675632734562
2023-03-06,1.7183693179944632,1.7314545819104128
2023-03-07,1.7197272242467536,1.7268594414088219
2023-03-08,1.7143100963685147,1.7221356446912122
2023-03-09,1.7151788033702593,1.7215107627532216
2023-03-10,1.7092645385112817,1.711074296063145
2023-03-13,1.7162059196269261,1.720037414004842
2023-03-14,1.71131672062478,1.7138905761862142
2023-03-15,1.7138789774029868,1.7162950079657624
2023-03-16,1.7066325241075533,1.706990742783884
2023-03-17,1.7132063880430854,1.7146003939370988
2023-03-20,1.7149044708782497,1.7149787045033795
2023-03-21,1.7171609424539536,1.7203738988987654
2023-03-22,1.7169394612830033,1.722016503976919
2023-03-23,1.7175348763176876,1.7261127951591753
2023-03-24,1.7214426931309368,1.7287263069222454
2023-03-27,1.719648423843345,1.7261833105514939
2023-03-28,1.7222623373324117,1.72730958984814
2023-03-29,1.723981675772599,1.7276830640937886
2023-03-30,1.7256646178382864,1.73304295014971
2023-03-31,1.7279713526730633,1.7366802323467838
2023-04-03,1.732595679807774,1.74396119276639
2023-04-04,1.739090331825789,1.7504712168688348
2023-04-06,1.7378464180926636,1.7480379891827864
2023-04-07,1.7411135205886992,1.753546064719939
2023-04-10,1.7373505623760197,1.7489961447677387
2023-04-11,1.7421655069242223,1.7518033118781067
2023-04-12,1.7453184382501294,1.7543114431864686
2023-04-13,1.7463179568808234,1.7528397213129463
2023-04-14,1.7485273600017524,1.7561570867884515
2023-04-17,1.7475733194658056,1.7607443332977837
2023-04-18,1.7483311719336139,1.7616394157562885
2023-04-19,1.7449819075341868,1.75618577924184
2023-04-20,1.7439073272297567,1.7538442739051772
2023-04-21,1.7366103022203423,1.7405722674140798
2023-04-24,1.7357349316194797,1.735959456177493
2023-04-25,1.7370160716808678,1.7317554069722085
2023-04-26,1.7385320759983924,1.7328603186948042
2023-04-27,1.736435051044526,1.73699257039513
2023-04-28,1.7413872714841203,1.7439503238494245
2023-05-04,1.745507078668989,1.747895274122492
2023-05-05,1.74963842199807,1.752311443141584
2023-05-08,1.7504869684747024,1.7528655063658447
2023-05-09,1.7484866252776048,1.7508717188018195
2023-05-10,1.7480337335790839,1.749920331014766
2023-05-11,1.7482399243674849,1.749493447722871
2023-05-12,1.741846922123689,1.7436096021830798
2023-05-15,1.7418027006765395,1.7433607051564
2023-05-16,1.740671112336168,1.7430321593840794
2023-05-17,1.7396052919569382,1.7415751157299468
2023-05-18,1.7436561213800934,1.7456020516836077
2023-05-19,1.743871141386676,1.7454242847039725
2023-05-22,1.7412190575463895,1.7425451249002641
2023-05-23,1.7426444876201983,1.7449056355371126
2023-05-24,1.7408403773571626,1.7430712946251432
2023-05-25,1.7385269851797018,1.7409320364368808
2023-05-26,1.739892191418745,1.7417266558885176
2023-05-29,1.7428650754575006,1.744733325109256
2023-05-30,1.7415784305271917,1.7428736257060118
2023-05-31,1.7423421348183346,1.743601101948736
2023-06-01,1.7483411641567335,1.749851502900587
2023-06-02,1.7451964351828433,1.7460879150927664
2023-06-05,1.747620383787269,1.7479053805059614
2023-06-06,1.7482583746239617,1.7502592789459894
2023-06-07,1.7505157056581806,1.7527636115302374
2023-06-08,1.7495468993403813,1.7523295441613342
2023-06-09,1.7561916446371553,1.7588343070398176
2023-06-12,1.7548556615415425,1.7563438249338386
2023-06-13,1.7614726597238806,1.7629855007142379
2023-06-14,1.7650981372471026,1.7665213733190563
2023-06-15,1.759836703568088,1.760818269152002
2023-06-16,1.7605534339874196,1.7629503861311044
2023-06-19,1.7569865643310538,1.7582952089132735
2023-06-20,1.7608380065998526,1.7626875713504973
2023-06-21,1.7616240193535775,1.7655557565322706
2023-06-26,1.758472203034534,1.7610644932848833
2023-06-27,1.7590909650549904,1.761669033857218
2023-06-28,1.7596409074208021,1.761144027465046
2023-06-29,1.760248837137595,1.7611204936297349
2023-06-30,1.7660389911242627,1.7664104195225176
2023-07-03,1.7735995864369607,1.7746936936487698
2023-07-04,1.7716456346687,1.7721311056096793
2023-07-05,1.7731058232316463,1.7742501202527083
2023-07-06,1.7724996817387615,1.7741197478968054
2023-07-07,1.7738529820374918,1.7759260310623148
2023-07-10,1.7773337317476987,1.7795643939168246
2023-07-11,1.7815195057399917,1.7832879976015044
2023-07-12,1.7825333110951096,1.7856870013510484
2023-07-13,1.7868012680077467,1.7895600264814993
2023-07-14,1.7878284044380253,1.7908251312536714
2023-07-17,1.787612139925241,1.7907543660928784
2023-07-18,1.7894119115528178,1.792644165101904
2023-07-19,1.7945280082243966,1.7984976942812798
2023-07-20,1.7946582347131275,1.799833481399655
2023-07-21,1.7961084168201151,1.8015487621214028
2023-07-24,1.7967398175179692,1.8024115654731303
2023-07-25,1.7958841084039843,1.7999777570168427
2023-07-26,1.800392285652709,1.8047629866854458
2023-07-27,1.8030383817087148,1.8086156766506447
2023-07-28,1.803692185904959,1.8091844977963303
2023-07-31,1.803629113828655,1.8086144396329975
2023-08-01,1.809673317404985,1.8156897045652793
2023-08-02,1.807619420120842,1.8134591026341083
2023-08-03,1.8020900922441967,1.807475579199919
2023-08-04,1.8073627336107747,1.811965248731365
2023-08-07,1.805533626198944,1.8103966485365968
2023-08-08,1.8040533993990022,1.8095193977086883
2023-08-09,1.8060506040136344,1.812035940488042
2023-08-10,1.8057517391338198,1.81176281799728
2023-08-11,1.8048063059516877,1.8127371310891183
2023-08-14,1.8059824789973336,1.8135568700960978
2023-08-15,1.814175398049723,1.8232168517893286
2023-08-16,1.8112935334166709,1.8219921870459472
2023-08-17,1.8129544643129916,1.8221045272018346
2023-08-18,1.814066917545836,1.8252610287371112
2023-08-21,1.8237407426099743,1.8361318121045318
2023-08-22,1.8218155181518079,1.834285542416162
2023-08-23,1.8208346516428324,1.8352412261759852
2023-08-24,1.8210688998222344,1.8353857976248837
2023-08-25,1.8211174018291316,1.836009010129744
2023-08-28,1.8238270965929793,1.838009397154584
2023-08-29,1.8271623496557121,1.8377770657461072
2023-08-30,1.8316372814396613,1.8417701840291618
2023-08-31,1.8327672400611537,1.843504290686609
2023-09-01,1.8324231334354988,1.843491567989993
2023-09-04,1.8285878208664044,1.8385130322570205
2023-09-05,1.8275069426304733,1.8374949248604917
2023-09-06,1.8291709926307003,1.8394540460370057
2023-09-07,1.8258412924872507,1.8374710442042441
2023-09-08,1.8238020800400427,1.8352764004940443
2023-09-11,1.8289117340615941,1.8393827180586777
2023-09-12,1.8319753736127127,1.842943345192112
2023-09-13,1.8311975741565956,1.843748307938363
2023-09-14,1.8400183554881586,1.8541848572295927
2023-09-15,1.8380336788287448,1.852388999755188
2023-09-18,1.8331102224798241,1.8467602435606252
2023-09-19,1.8315904921258075,1.846016647292951
2023-09-20,1.8323833099835318,1.8475835810144312
2023-09-21,1.830595819351184,1.8453261609174085
2023-09-22,1.8312290486014016,1.8452881665097534
2023-09-25,1.8278124541804448,1.8424048501490429
2023-09-26,1.8255684458223753,1.8393052539745351
2023-09-27,1.8275679611770306,1.8404017715035903
2023-09-28,1.829446328999701,1.841205246853563
2023-10-09,1.8153363148930897,1.8264023906702507
2023-10-10,1.8055908131789649,1.8165122172041157
2023-10-11,1.8051061223457712,1.8153997366512529
2023-10-12,1.8081849141277166,1.8181197691875222
2023-10-13,1.8096758123754804,1.8192498552967498
2023-10-16,1.816962088049259,1.8264917907581537
2023-10-17,1.813718106881577,1.822989223386002
2023-10-18,1.8164526148146298,1.8263109026696063
2023-10-19,1.8112032775787794,1.8206635827574995
2023-10-20,1.816124544908824,1.8261100884603634
2023-10-23,1.808332564417694,1.8214801370812022
2023-10-24,1.8098508942027485,1.8219608970271972
2023-10-25,1.8153468831800497,1.8270853845640593
2023-10-26,1.8176296705396078,1.8280911207971795
2023-10-27,1.8207221389685606,1.8289918523759041
2023-10-30,1.82483094320832,1.8327278424817917
2023-10-31,1.823780109382559,1.832944005528814
2023-11-01,1.8234799667510102,1.8328845010812895
2023-11-02,1.8265607387137859,1.8370219953530524
2023-11-03,1.8292235527114356,1.838509993378056
2023-11-06,1.8305684533243929,1.8379063282262114
2023-11-07,1.8265819540306705,1.8335890974559619
2023-11-08,1.8276455579700899,1.8347159804499502
2023-11-09,1.823103933961646,1.8306721491755018
2023-11-10,1.8234327818858904,1.830950041701506
2023-11-13,1.8234163586419332,1.8302896036828766
2023-11-14,1.826415483061087,1.832779049448902
2023-11-15,1.8304788349054164,1.836623571547002
2023-11-16,1.8306588927977197,1.8380282637595364
2023-11-17,1.828577994232896,1.834941896650112
2023-11-20,1.8290016747078242,1.834607277917838
2023-11-21,1.8263201091433863,1.832526618444063
2023-11-22,1.8212797616175045,1.8282682309387648
2023-11-23,1.8172581818795397,1.8228873739155236
2023-11-24,1.818065521868778,1.8252107192828912
2023-11-27,1.8159452259425548,1.8226941718052332
2023-11-28,1.8180504503949169,1.8241761121820212
2023-11-29,1.818646909424891,1.8248706199604112
2023-11-30,1.8222830886255472,1.8294118101244412
2023-12-01,1.8221923377614349,1.8285303706748366
2023-12-04,1.8224356712725123,1.8293496204184738
2023-12-05,1.8160242854159767,1.8240106615244693
2023-12-06,1.8168300654636698,1.8242350873950137
2023-12-07,1.8148688532483443,1.8219154581640105
2023-12-08,1.818526294787322,1.8258820640303308
2023-12-11,1.8222815075748366,1.828903710372305
2023-12-12,1.823007859813482,1.8297407796560883
2023-12-13,1.818876889444058,1.8266732979579687
2023-12-14,1.8222788836643506,1.8295051708350807
2023-12-15,1.827015268229557,1.835264255988577
2023-12-18,1.8272348007519343,1.8365065590005925
2023-12-19,1.828759507514716,1.837980187675946
2023-12-20,1.8303707359669594,1.8407330438802576
2023-12-21,1.8333793831175833,1.8436263781037634
2023-12-22,1.835803646629761,1.846709138540737
2023-12-25,1.8391372916821913,1.850778672645294
2023-12-26,1.8382648637155385,1.850831184968768
2023-12-27,1.8436141525007073,1.8555251467257359
2023-12-28,1.845578513208816,1.8553289345913107
2023-12-29,1.8430809526670644,1.8516603616475096
2024-01-02,1.8446105106789346,1.8541807065696794
2024-01-03,1.841341784592566,1.8510748058018784
2024-01-04,1.8423692546029868,1.8529224595958986
2024-01-05,1.8424836348845925,1.854465749059587
2024-01-08,1.8359224960223084,1.849925960717444
2024-01-09,1.838514707017397,1.8525992825871052
2024-01-10,1.835832478304396,1.8500083891490944
2024-01-11,1.8370937742651108,1.849785017876546
2024-01-12,1.8338694149149557,1.846926954653702
2024-01-15,1.8341089432166189,1.8475419195957763
2024-01-16,1.834887507870243,1.8487512380663205
2024-01-17,1.8314328794133978,1.8468574994344136
2024-01-18,1.8300028166485012,1.8454678574921353
2024-01-19,1.8314899461120877,1.848011030006543
2024-01-22,1.8275640463032223,1.8492482483672126
2024-01-23,1.8308894239490159,1.8505061771395257
2024-01-24,1.83867834481853,1.8568041211390443
2024-01-25,1.8440023469868394,1.8588983514649648
2024-01-26,1.8464737794908244,1.8621953150104325
2024-01-29,1.8457290072402455,1.8635520361700952
2024-01-30,1.8472436814967819,1.8676156505656334
2024-01-31,1.8500462430046358,1.8731850324660329
2024-02-01,1.8456794033417878,1.8688934682013332
2024-02-02,1.8426407897259147,1.8669757955261044
2024-02-05,1.841556130978733,1.8681114699996846
2024-02-06,1.8390066434176948,1.86262462139008
2024-02-07,1.8452777404219347,1.8674165990961786
2024-02-08,1.845043278721103,1.8669444337985843
2024-02-19,1.8527771527148087,1.8754192417888482
2024-02-20,1.8541163381265164,1.8761001570701048
2024-02-21,1.8567135630800455,1.8789250396419557
2024-02-22,1.8604035638061196,1.8819640827709971
2024-02-23,1.862352379024231,1.8830555454300661
2024-02-26,1.8619276300855907,1.8810390359149065
2024-02-27,1.8664725847061407,1.8850996463114869
2024-02-28,1.8661075778373981,1.8858547229092308
2024-02-29,1.8717207672561613,1.8900868141246574
2024-03-01,1.8672694986908538,1.8856159888141713
2024-03-04,1.8782358974675664,1.897534365836477
2024-03-05,1.878975223134383,1.8994047703645807
2024-03-06,1.8846876410481266,1.9047927815539518
2024-03-07,1.8878636221789895,1.9096128591558736
2024-03-08,1.891449871170091,1.9142620003854744
2024-03-11,1.887322526384744,1.9094530650484727
2024-03-12,1.8816570362217866,1.9042404548331366
2024-03-13,1.885492266625913,1.9073129172379104
2024-03-14,1.8894869977068596,1.9131820028101465
2024-03-15,1.8993968237207988,1.9244136481341894
2024-03-18,1.897754678074227,1.9203573192100418
2024-03-19,1.902346955171465,1.9246495886805215
2024-03-20,1.9011036475513698,1.924157477176091
2024-03-21,1.9092648053151666,1.934560615519706
2024-03-22,1.898084981206801,1.923062744455164
2024-03-25,1.897291915121042,1.92292822298252
2024-03-26,1.896869257790313,1.9232555444760968
2024-03-27,1.8990303414172214,1.9255859631519827
2024-03-28,1.902779594654525,1.9295895164640913
2024-03-29,1.9166000940421188,1.944923887108873
2024-04-01,1.9197543018294165,1.9474983804869455
2024-04-02,1.9228352221536895,1.9509724236183594
2024-04-03,1.9314739140956165,1.9605769154392994
2024-04-08,1.9449711147972626,1.9762927361492602
2024-04-09,1.948761185543825,1.9795037979187515
2024-04-10,1.9509712136990833,1.9828664420087758
2024-04-11,1.947512508417994,1.9790355381707347
2024-04-12,1.9610526837261157,1.9930747935526025
2024-04-15,1.9609865013691148,1.9939572279310585
2024-04-16,1.958266372707715,1.9923158108040402
2024-04-17,1.9624710793743612,1.994255999179477
2024-04-18,1.9664842386651398,1.9979577208653174
2024-04-19,1.9694513387828902,2.0015040173767793
2024-04-22,1.963598251115604,1.9953406673244212
2024-04-23,1.951683349493206,1.9862958103202433
2024-04-24,1.9563743337398556,1.9866727516260756
2024-04-25,1.9588616234516334,1.9878972502594427
2024-04-26,1.9624057780748465,1.988557342647309
2024-04-29,1.9555953696159596,1.980442138254492
2024-04-30,1.9614847345780888,1.9876082768289962
2024-05-06,1.9596179957902726,1.9848519059980105
2024-05-07,1.9646210444212777,1.9902738727299967
2024-05-08,1.9592584419217647,1.9860359601358306
2024-05-09,1.9597866283466074,1.985315479905015
2024-05-10,1.9661876302984196,1.992298782410364
2024-05-13,1.96634167150593,1.9932706587796878
2024-05-14,1.9675272975812372,1.9936700536076917
2024-05-15,1.9672900782647365,1.99412140411002
2024-05-16,1.9705528184143906,1.9974436891913285
2024-05-17,1.980067188064056,2.005594910011512
2024-05-20,1.9958958619410845,2.0208064196480766
2024-05-21,1.9914913119516031,2.017432826828211
2024-05-22,1.9933253574463634,2.0200154041553744
2024-05-23,1.976659223555255,2.0054497874227963
2024-05-24,1.9760297421896453,2.0043511844865463
2024-05-27,1.98066126431448,2.009454803827012
2024-05-28,1.984644150617863,2.0124735639800733
2024-05-29,1.9912571299594244,2.017341610683135
2024-05-30,1.9831341069097959,2.011808552389153
2024-05-31,1.980034345827423,2.008317695751831
2024-06-03,1.9703683563989445,1.9991389098491115
2024-06-04,1.9711027256795202,1.9992825463219872
2024-06-05,1.9668600757236094,1.9956665819202222
2024-06-06,1.9713759728137585,2.001501060779164
2024-06-07,1.9744406982903764,2.0043211233019607
2024-06-11,1.9700287550391336,1.9993124452177344
2024-06-12,1.9722378584741196,2.000989661206669
2024-06-13,1.96757197157004,1.997320946652821
2024-06-14,1.9695466718158008,1.9989041458853825
2024-06-17,1.9608689380725155,1.99150732269438
2024-06-18,1.9646830808244664,1.9949445702242992
2024-06-19,1.9701541530451119,2.0008386688286826
2024-06-20,1.9728227646366927,2.0046349132842374
2024-06-21,1.9678460582583757,2.000005563042089
2024-06-24,1.9648709359599867,1.9997713345114605
2024-06-25,1.9692110044938442,2.004269639780962
2024-06-26,1.9697360608084544,2.0029559251456033
2024-06-27,1.968154318097338,2.0036115723799246
2024-06-28,1.9757535145381078,2.010134546593643
2024-07-01,1.9708155019547813,2.004756384524417
2024-07-02,1.9770688368655125,2.0118350351213015
2024-07-03,1.9815117064886671,2.017133906480553
2024-07-04,1.9744381520734446,2.010475705046214
2024-07-05,1.972528549836966,2.007948093680344
2024-07-08,1.9654146015470702,2.0018090045386816
2024-07-09,1.9688302806097626,2.003947635435836
2024-07-10,1.9628077086448783,1.9960344601119642
2024-07-11,1.9666826476382178,1.9990853954861898
2024-07-12,1.9667205923216502,1.99898848694286
2024-07-15,1.9650181456153375,1.9977032459623716
2024-07-16,1.9635797324046897,1.996270150177592
2024-07-17,1.9634984257433388,1.9965024840453924
2024-07-18,1.9641417905700693,1.9972167969375354
2024-07-19,1.9612590754561856,1.9918187457545147
2024-07-22,1.961078757755484,1.9907543294883436
2024-07-23,1.9578790698742816,1.9886510013503609
2024-07-24,1.9584038736916083,1.9902210687773714
2024-07-25,1.9524036418707063,1.9831110556968603
2024-07-26,1.9587966602010243,1.9886842066688148
2024-07-29,1.9580292588844104,1.98838958161663
2024-07-30,1.9539604065539897,1.983923304727422
2024-07-31,1.9636200430967314,1.9907301453066912
2024-08-01,1.9687941697632718,1.9967050514928828
2024-08-02,1.9673742341979035,1.9961951220714327
2024-08-05,1.9589201040295257,1.9890936819192526
2024-08-06,1.9494044704976845,1.9784526219626208
2024-08-07,1.953118756444953,1.9823372066604614
2024-08-08,1.9484944269537516,1.977341214474687
2024-08-09,1.9470748612746704,1.9769152754700765
2024-08-12,1.9399476302838727,1.970204849505607
2024-08-13,1.94386602651847,1.972088516156345
2024-08-14,1.9442314961502758,1.9719726873342205
2024-08-15,1.94411425342373,1.9729895134503699
2024-08-16,1.9480067888035224,1.978171120455012
2024-08-19,1.9494388292412934,1.9795548967337742
2024-08-20,1.9481648252246364,1.9790930341414732
2024-08-21,1.9453207620238178,1.9769764401109133
2024-08-22,1.946999047684617,1.9782493955009548
2024-08-23,1.947879847193669,1.9783349362156781
2024-08-26,1.956020191842065,1.9884290356211285
2024-08-27,1.953052854552874,1.9871258922929016
2024-08-28,1.9530842332179974,1.9861317471398479
2024-08-29,1.9485558893254518,1.9783385264634692
2024-08-30,1.9506440181473097,1.9798346416560848
2024-09-02,1.942297878405558,1.973113613064612
2024-09-03,1.9443058493276173,1.974400886290899
2024-09-04,1.9360407314281136,1.966244872673709
2024-09-05,1.9363766931553898,1.9663293631276952
2024-09-06,1.9410724147529332,1.9726848998356674
2024-09-09,1.933806649741081,1.9664899421274533
2024-09-10,1.933776152221308,1.967320834677967
2024-09-11,1.9355134691715428,1.968634021844385
2024-09-12,1.9396760847888495,1.9725254215100905
2024-09-13,1.945475505272487,1.979809043505751
2024-09-18,1.9527214243528592,1.9882646323973023
2024-09-19,1.9550722069150162,1.988075548119524
2024-09-20,1.9587309925837437,1.993113550058037
2024-09-23,1.95783098572647,1.9923914987709064
2024-09-24,1.9698982312871736,1.998745775701364
2024-09-25,1.9768600066393633,2.0088082303101635
2024-09-26,1.9816930031523623,2.041569279598864
2024-09-27,1.9796913113626249,2.081176695947353
2024-09-30,2.0005603164198127,2.147793931057884
2024-10-08,2.0127554508083314,2.1694281096676105
2024-10-09,1.986569555773473,2.114601474885687
2024-10-10,1.9945037041286477,2.121793373819084
2024-10-11,1.9911561905531314,2.103720981807504
2024-10-14,2.002621095013475,2.119342959649848
2024-10-15,1.9897126449998346,2.095292075871989
2024-10-16,1.9949022623819659,2.096160219813926
2024-10-17,1.9893025858932842,2.086245926005772
2024-10-18,2.001933117755472,2.1154565961846363
2024-10-21,2.007604324259582,2.1238743951116166
2024-10-22,2.0060285108619844,2.1199043904177475
2024-10-23,2.007372253428883,2.120822538006144
2024-10-24,2.0048081856980544,2.119024671930154
2024-10-25,2.0010727749252575,2.1116141355205955
2024-10-28,2.0046821953111715,2.113535642767419
2024-10-29,1.9999267470918354,2.1121162414280215
2024-10-30,2.0035381907084577,2.11613051865612
2024-10-31,2.0036594794805054,2.114354901798257
2024-11-01,2.004634863645018,2.117845513227287
2024-11-04,2.008066096312786,2.119870506385602
2024-11-05,2.015395729322323,2.1252120160709507
2024-11-06,2.011460292272732,2.1206732561736055
2024-11-07,2.0207299130644243,2.129597739889562
2024-11-08,2.022753028525278,2.131575010263314
2024-11-11,2.0228305364956083,2.1300609201286056
2024-11-12,2.013823981468394,2.1215962430729327
2024-11-13,2.0107526477202824,2.118853511398659
2024-11-14,1.9980736827616663,2.108062280689134
2024-11-15,1.9936304849180804,2.1040190407146655
2024-11-18,1.9903373343923774,2.1019861938241444
2024-11-19,2.0028210185626554,2.113072234062081
2024-11-20,2.0054064723983283,2.1141593607165583
2024-11-21,2.0096556079210868,2.1184179515871424
2024-11-22,2.003672193443839,2.1143539029773257
2024-11-25,2.0075964810477536,2.118394901440619
2024-11-26,2.0012738497267115,2.113186709681894
2024-11-27,2.0061431009256623,2.115742383645475
2024-11-28,2.002275327973728,2.1133927202179588
2024-11-29,2.0082744901987524,2.1173871050026007
2024-12-02,2.014448354262086,2.121627740697015
2024-12-03,2.013811397794297,2.1210189020002077
2024-12-04,2.016755973387506,2.127205397857385
2024-12-05,2.0147278892939253,2.120539718945816
2024-12-06,2.0156328109168036,2.1186867426236087
2024-12-09,2.0167931393160066,2.120450429656911
2024-12-10,2.029883266930016,2.132844719918195
2024-12-11,2.0319684135992238,2.1359298073195454
2024-12-12,2.037151019209363,2.141062660637046
2024-12-13,2.0320777496498046,2.139757956228398
2024-12-16,2.032580149017675,2.14601884510444
2024-12-17,2.0263141178694544,2.140705974531911
2024-12-18,2.022253989024,2.133724223502107
2024-12-19,2.019842075364876,2.1299945897523154
2024-12-20,2.029541835466686,2.138220585731596
2024-12-23,2.0268662170060048,2.1391930747468995
2024-12-24,2.0269979069826745,2.136742131104834
2024-12-25,2.026670416941439,2.138377103036091
2024-12-26,2.026299536565327,2.1354422417224384
2024-12-27,2.03421816717293,2.142045295662085
2024-12-30,2.0317622210857755,2.1411448164688593
2024-12-31,2.0310855098610894,2.1474268081245036
2025-01-02,2.031826465924261,2.1547485199840337
2025-01-03,2.029223025606915,2.156816332108249
2025-01-06,2.0298203957250123,2.1586777592144384
2025-01-07,2.030375725196781,2.156424933679368
2025-01-08,2.031504489269751,2.159932674874373
2025-01-09,2.0284037107483766,2.158824982313698
2025-01-10,2.0297270917561154,2.1636333804212757
2025-01-13,2.0332483440706826,2.1757552649541654
2025-01-14,2.040849636879674,2.1767794127049775
2025-01-15,2.0436968884364815,2.1845005453308817
2025-01-16,2.047426153684269,2.191528735799383
2025-01-17,2.0474808001392817,2.189296811039416
2025-01-20,2.0472977698601356,2.1845723548320173
2025-01-21,2.052560680137131,2.1892835001977367
2025-01-22,2.0496616462552315,2.1861468065797607
2025-01-23,2.0475778666034,2.1815866540069946
2025-01-24,2.0559415757024295,2.1863931849248366
2025-01-27,2.0559447074128965,2.188055282002387
2025-02-05,2.0687507965381746,2.201518023865483
2025-02-06,2.0758304444309075,2.203921147116781
2025-02-07,2.080859129906342,2.2093049180240767
2025-02-10,2.0814602259293,2.211058129138222
2025-02-11,2.086053154690004,2.2133341457658418
2025-02-12,2.0827089416743223,2.2167985002841597
2025-02-13,2.084178313209667,2.2116030260075656
2025-02-14,2.086505514334127,2.219010333000546
2025-02-17,2.0754408035107073,2.2093541197614806
2025-02-18,2.0739395298287584,2.2031967671672725
2025-02-19,2.081677694511649,2.2143817978147973
2025-02-20,2.080212148130868,2.212684074926196
2025-02-21,2.075728289440877,2.21681425163232
2025-02-24,2.067926364170187,2.205783749128691
2025-02-25,2.0682666354054136,2.200372784920042
2025-02-26,2.069675725874136,2.202967391822279
2025-02-27,2.0700457315160024,2.2048056231267643
2025-02-28,2.066433279052425,2.190966791390551
2025-03-03,2.0731983304950585,2.196060786055612
2025-03-04,2.073262738609807,2.1935138462988517
2025-03-05,2.074779470642402,2.1956402210645405
2025-03-06,2.0795434922994556,2.2057304235986464
2025-03-07,2.069792495760802,2.1975233914490078
2025-03-10,2.071716558109736,2.1961428936980956
2025-03-11,2.062365078913536,2.1910823966449278
2025-03-12,2.0718051189662727,2.196960903892878
2025-03-13,2.0719518662468435,2.1965698781214993
2025-03-14,2.083796102669713,2.2199942861833457
2025-03-17,2.075692157141376,2.2141120279545277
2025-03-18,2.077401539089916,2.2170636210721426
2025-03-19,2.081760512003213,2.2196370374335204
2025-03-20,2.086135803104631,2.2209895831728694
2025-03-21,2.0760641725903026,2.2070068050316354
2025-03-24,2.082183738648236,2.2133770463639344
2025-03-25,2.0840902615706094,2.2158212865417943
2025-03-26,2.0867162317157892,2.220171859327002
2025-03-27,2.0867615019130015,2.2199704325188057
2025-03-28,2.0820558348404314,2.216008554103642
2025-03-31,2.0830943364600314,2.216588545912622
2025-04-01,2.0859340387100485,2.2243741319055284
2025-04-02,2.0897494713335196,2.2269342701834853
2025-04-03,2.0961243632029936,2.2314496275170663
2025-04-07,2.0397646482418894,2.1863837124700964
2025-04-08,2.0472453923822727,2.180797194692686
2025-04-09,2.0495989127197074,2.172321385368469
2025-04-10,2.070447767369277,2.186784733378022
2025-04-11,2.0751423425586615,2.1871852390109225
2025-04-14,2.085329052573872,2.1945950492675066
2025-04-15,2.083465922292082,2.19106277984226
2025-04-16,2.0873954424912373,2.19211257702771
2025-04-17,2.0914304443710523,2.195867502171785
2025-04-18,2.0942412192341013,2.2001381065256154
2025-04-21,2.1054716299579495,2.204128291311416
2025-04-22,2.116900797045878,2.2146825656288955
2025-04-23,2.1009864967587277,2.2029470969961373
2025-04-24,2.1039091133002765,2.2029529944475557
2025-04-25,2.1038902574545935,2.2040435613164906
2025-04-28,2.099679854912242,2.20394914496079
2025-04-29,2.1041104363548397,2.205716251672295
2025-04-30,2.0962279372911383,2.1960257173250346
2025-05-06,2.1021249241499675,2.196529090079395
2025-05-07,2.0983818508195613,2.195325213855838
2025-05-08,2.101198707492445,2.1967781524466954
2025-05-09,2.0995349437730635,2.1989099467379933
2025-05-12,2.0941095653822024,2.194505636435692
2025-05-13,2.096422571650925,2.198115339937065
2025-05-14,2.0999304731354003,2.2048725885866904
2025-05-15,2.0939117380922156,2.195600177576914
2025-05-16,2.0915739511648384,2.1893502849412423
2025-05-19,2.0943034224325925,2.192428195843712
2025-05-20,2.095396746545183,2.1956928839316796
2025-05-21,2.103470732900316,2.2052453513279766
2025-05-22,2.102894628718669,2.2005081043857215
2025-05-23,2.101062370123681,2.1943662630005227
2025-05-26,2.102177063413682,2.196211113523214
2025-05-27,2.099099587718432,2.191708094334351
2025-05-28,2.099229181709095,2.189952264224487
2025-05-29,2.0975109160898397,2.1984682805026443
2025-05-30,2.101276323493436,2.1952922571347644
2025-06-03,2.10060418096662,2.1960893809799127
2025-06-04,2.1062863727173684,2.2049002853775237
2025-06-05,2.106445535903709,2.206031643069133
2025-06-06,2.114797447271757,2.212938248791986
2025-06-09,2.117304013501026,2.217185889928881
2025-06-10,2.1161578775069927,2.2130942114484187
2025-06-11,2.123438538562327,2.2232479248968713
2025-06-12,2.125416966981606,2.227512819797126
2025-06-13,2.1232710711494356,2.226949009241983
2025-06-16,2.1256660911448533,2.2316521565546927
2025-06-17,2.128779863800252,2.2328307148940993
2025-06-18,2.130782866215526,2.23829808838755
2025-06-19,2.1278899422743955,2.233525414069567
2025-06-20,2.1265396470513815,2.231587601749686
2025-06-23,2.127817209798738,2.236681408159037
2025-06-24,2.1284844570522834,2.2377836624337886
2025-06-25,2.130231666229108,2.248006395184472
2025-06-26,2.1269196259607264,2.2435647361099202
2025-06-27,2.1280303655299906,2.2426592063650657
2025-06-30,2.1280090063133814,2.2449786369488485
2025-07-01,2.1338738016483854,2.250757251514577
2025-07-02,2.1351948996564243,2.251956298562368
2025-07-03,2.137834661731791,2.256568024197579
2025-07-04,2.1369992135434313,2.256717374632703
2025-07-07,2.1332589003137215,2.251620941312106
2025-07-08,2.136802708758586,2.2613368609808124
2025-07-09,2.135440835663049,2.259312034269005
2025-07-10,2.136867916137407,2.2638065470752053
2025-07-11,2.1389329962116554,2.2676695365508417
2025-07-14,2.1376725836832873,2.2670962748413226
2025-07-15,2.1377916146495166,2.2660345261913566
2025-07-16,2.1362177179995574,2.2638533801844205
2025-07-17,2.1417981299305118,2.273084236751161
2025-07-18,2.1446449888661694,2.279084760559426
2025-07-21,2.1504321035725,2.287770527372426
2025-07-22,2.152401300972912,2.2951829351681248
2025-07-23,2.151397750087321,2.2935569792566897
2025-07-24,2.142535236353856,2.293549615232034
2025-07-25,2.1385196860073417,2.2894593288887157
2025-07-28,2.1394884314436595,2.2884782455083967
2025-07-29,2.134434721248771,2.288545859902606
2025-07-30,2.138649810141425,2.291101079028598
2025-07-31,2.134507119102823,2.2776459949619787
2025-08-01,2.133668400928784,2.2736520359718257
2025-08-04,2.1371748517313907,2.2806280565865324
2025-08-05,2.1409919733723997,2.287293621827853
2025-08-06,2.1440006866627783,2.2933695139895613
2025-08-07,2.145653114559621,2.292547488039713
2025-08-08,2.145020591647965,2.2914587093161587
2025-08-11,2.1426125357188837,2.293824860141222
2025-08-12,2.143473251305903,2.298796144118185
2025-08-13,2.1493755738187916,2.3109758753552962
2025-08-14,2.1433051109156263,2.3026313607974487
2025-08-15,2.14489624609518,2.3137291981351096
2025-08-18,2.141382688222406,2.3161421367181347
2025-08-19,2.141826159588887,2.313998378547986
2025-08-20,2.141685285535104,2.322317885938862
2025-08-21,2.1444471469171793,2.3246644805031345
2025-08-22,2.1440845466715537,2.339525404149242
2025-08-25,2.1561931986875513,2.3604221203362714
2025-08-26,2.155085032620562,2.3573852519125147
2025-08-27,2.147602742209577,2.3432185758651984
2025-08-28,2.1436552567952063,2.351860243552392
2025-08-29,2.1458024178713098,2.3588746894756683
2025-09-01,2.1500574048274097,2.3634760069958793
2025-09-02,2.1499513894921627,2.3569363115889694
2025-09-03,2.1525462730618816,2.350868925813078
2025-09-04,2.1457957822824043,2.333356654272748
2025-09-05,2.148136484275017,2.3541261694355082
2025-09-08,2.1500091939481742,2.35644850275895
2025-09-09,2.149493427246174,2.3525651068512676
2025-09-10,2.1457327498830208,2.3499326183091482
2025-09-11,2.153478726750319,2.3769558494202134
2025-09-12,2.1567043848112424,2.377296468241234
2025-09-15,2.1546843520693404,2.374722404098148
2025-09-16,2.1597346273532456,2.3792712418071322
2025-09-17,2.1606663565637976,2.3858580214932155
2025-09-18,2.1472195084253074,2.366387310731626
2025-09-19,2.1449827274270463,2.366654565435515
2025-09-22,2.1499760304838245,2.37346793714099
2025-09-23,2.139779921930459,2.3629633901144573
2025-09-24,2.1454358510724316,2.379165188951522
2025-09-25,2.1530383985106973,2.38928478049215
2025-09-26,2.1499426003159767,2.3802792128430434
2025-09-29,2.1526807999408573,2.394228136971941
2025-09-30,2.154369192356188,2.3979902208724155
2025-10-09,2.1795351130451164,2.4300264045640403
2025-10-10,2.168829931353174,2.408494351554536
2025-10-13,2.172280532948623,2.4074587825374505
2025-10-14,2.1716835458956196,2.3953965913768807
2025-10-15,2.1814743902345977,2.412200178108066
2025-10-16,2.1834271400136043,2.4128956237556984
2025-10-17,2.183793397288237,2.4003759821160813
2025-10-20,2.178966409279601,2.40102762538108
2025-10-21,2.188466505443435,2.418484369515104
2025-10-22,2.1840826584435007,2.4146088670910437
2025-10-23,2.188365519861341,2.421756491568453
2025-10-24,2.1927052540675906,2.4340651506529327
2025-10-27,2.200372741769707,2.449465521774777
2025-10-28,2.1916046724995106,2.4426976516161734
2025-10-29,2.200761894652455,2.4591760744506175
2025-10-30,2.1981287766079047,2.4508022889583865
2025-10-31,2.2013010328025318,2.4453709120876144
2025-11-03,2.208970470826304,2.4521467706411086
2025-11-04,2.2042214316580684,2.438412543566614
2025-11-05,2.2051500667580175,2.4403154147445636
2025-11-06,2.2099401787434347,2.4525026257603355
2025-11-07,2.2075784132175147,2.449048313390496
2025-11-10,2.215066319088128,2.4568350027006365
2025-11-11,2.21443457541896,2.451807474689122
2025-11-12,2.2205846332336354,2.457171697044693
2025-11-13,2.2231272889775764,2.4648803348642336
2025-11-14,2.2190678262923025,2.453590021455349
2025-11-17,2.21277519491307,2.4466515715680583
2025-11-18,2.205960186931957,2.437630230727162
2025-11-19,2.208421316506483,2.4396968099798433
2025-11-20,2.206972334532431,2.4360030228142024
2025-11-21,2.1943722320720354,2.416898283589218
2025-11-24,2.1974807322800554,2.4209971171150135
2025-11-25,2.2005648081318667,2.425623356850713
2025-11-26,2.1946474741224566,2.420805869590606
2025-11-27,2.1976645626583746,2.423288865239921
2025-11-28,2.2034488931867124,2.4308629874378407
2025-12-01,2.212751618030994,2.4434827885357002
2025-12-02,2.209570140225934,2.4388715657711804
2025-12-03,2.2073979004553252,2.4356624007447865
2025-12-04,2.2041685004716434,2.433950104169409
2025-12-05,2.210939339809026,2.444028550624607
2025-12-08,2.2095778640517745,2.4450345209018134
2025-12-09,2.197882842454956,2.4297299227147704
2025-12-10,2.200001949327926,2.431335049779395
2025-12-11,2.201627212179246,2.4310466305065894
2025-12-12,2.2049623193506473,2.437228473411923
2025-12-15,2.1976418279069025,2.428964049763811
2025-12-16,2.1921506557270973,2.4201002716445186
2025-12-17,2.1980764720723953,2.4308199805743116
2025-12-18,2.2012129672820793,2.4321717075497546
2025-12-19,2.209468198446624,2.4417390736570472
2025-12-22,2.21645785735962,2.4518028156088474
2025-12-23,2.2229015339677547,2.4590577393003574
2025-12-24,2.2296222611164787,2.4677847358638116
2025-12-25,2.231673527079044,2.4725668809890173
2025-12-26,2.2445724320777183,2.4867500260201507
2025-12-29,2.2336887844299316,2.473944736855393
2025-12-30,2.2311261656221633,2.472726809480688
2025-12-31,2.2289831809027447,2.469365040068746
