日期,一天期国债逆回购
2013-01-04,5.2560000000
2013-01-07,3.5530000000
2013-01-08,2.8430000000
2013-01-09,2.4790000000
2013-01-10,3.7520000000
2013-01-11,2.8360000000
2013-01-14,2.9900000000
2013-01-15,2.6880000000
2013-01-16,2.4410000000
2013-01-17,3.8290000000
2013-01-18,3.0230000000
2013-01-21,2.8810000000
2013-01-22,2.7780000000
2013-01-23,2.7680000000
2013-01-24,4.6860000000
2013-01-25,3.1890000000
2013-01-28,3.4310000000
2013-01-29,3.6520000000
2013-01-30,4.0540000000
2013-01-31,8.8500000000
2013-02-01,4.0030000000
2013-02-04,4.5040000000
2013-02-05,4.1370000000
2013-02-06,4.7260000000
2013-02-07,21.5770000000
2013-02-08,4.4460000000
2013-02-18,3.1280000000
2013-02-19,2.7660000000
2013-02-20,2.3940000000
2013-02-21,3.3920000000
2013-02-22,2.8610000000
2013-02-25,3.0040000000
2013-02-26,4.9520000000
2013-02-27,6.5270000000
2013-02-28,13.7120000000
2013-03-01,4.8660000000
2013-03-04,3.9430000000
2013-03-05,3.5950000000
2013-03-06,2.6470000000
2013-03-07,3.6590000000
2013-03-08,2.5920000000
2013-03-11,2.2840000000
2013-03-12,1.9200000000
2013-03-13,1.7440000000
2013-03-14,5.8330000000
2013-03-15,3.5770000000
2013-03-18,3.2770000000
2013-03-19,3.1600000000
2013-03-20,2.3420000000
2013-03-21,3.4800000000
2013-03-22,2.3280000000
2013-03-25,2.5350000000
2013-03-26,2.6870000000
2013-03-27,3.7530000000
2013-03-28,11.9490000000
2013-03-29,6.6180000000
2013-04-01,3.3550000000
2013-04-02,9.2610000000
2013-04-03,3.2880000000
2013-04-08,2.9780000000
2013-04-09,2.6980000000
2013-04-10,2.5250000000
2013-04-11,3.8390000000
2013-04-12,2.6920000000
2013-04-15,2.6310000000
2013-04-16,2.6030000000
2013-04-17,2.7050000000
2013-04-18,4.8750000000
2013-04-19,5.6260000000
2013-04-22,5.3060000000
2013-04-23,5.0160000000
2013-04-24,4.5780000000
2013-04-25,20.1280000000
2013-04-26,7.2970000000
2013-05-02,6.9630000000
2013-05-03,3.3420000000
2013-05-06,3.2710000000
2013-05-07,2.7810000000
2013-05-08,2.6850000000
2013-05-09,5.1740000000
2013-05-10,3.1340000000
2013-05-13,2.8780000000
2013-05-14,2.7200000000
2013-05-15,2.7970000000
2013-05-16,7.1760000000
2013-05-17,6.7670000000
2013-05-20,6.8000000000
2013-05-21,5.8510000000
2013-05-22,4.4130000000
2013-05-23,8.0010000000
2013-05-24,4.2390000000
2013-05-27,4.1780000000
2013-05-28,3.7180000000
2013-05-29,3.7190000000
2013-05-30,9.1310000000
2013-05-31,5.6680000000
2013-06-03,4.3980000000
2013-06-04,4.1460000000
2013-06-05,4.5950000000
2013-06-06,23.7590000000
2013-06-07,11.2680000000
2013-06-13,16.7490000000
2013-06-14,14.1900000000
2013-06-17,5.8410000000
2013-06-18,4.6740000000
2013-06-19,6.1510000000
2013-06-20,19.1310000000
2013-06-21,9.2610000000
2013-06-24,9.1310000000
2013-06-25,8.4130000000
2013-06-26,7.2410000000
2013-06-27,19.1260000000
2013-06-28,15.8250000000
2013-07-01,4.3590000000
2013-07-02,2.9180000000
2013-07-03,2.4770000000
2013-07-04,4.3530000000
2013-07-05,3.0800000000
2013-07-08,3.0770000000
2013-07-09,3.0710000000
2013-07-10,3.1400000000
2013-07-11,6.4360000000
2013-07-12,3.7130000000
2013-07-15,3.4160000000
2013-07-16,3.1530000000
2013-07-17,2.9910000000
2013-07-18,6.6360000000
2013-07-19,3.4890000000
2013-07-22,3.6330000000
2013-07-23,3.8260000000
2013-07-24,3.9860000000
2013-07-25,10.0900000000
2013-07-26,7.2680000000
2013-07-29,6.5830000000
2013-07-30,5.1430000000
2013-07-31,4.3140000000
2013-08-01,5.6240000000
2013-08-02,3.7040000000
2013-08-05,3.5270000000
2013-08-06,3.8440000000
2013-08-07,3.5710000000
2013-08-08,5.9260000000
2013-08-09,3.8390000000
2013-08-12,3.9840000000
2013-08-13,3.9080000000
2013-08-14,3.6420000000
2013-08-15,5.8680000000
2013-08-16,4.0620000000
2013-08-19,3.8910000000
2013-08-20,3.7790000000
2013-08-21,3.7810000000
2013-08-22,6.4930000000
2013-08-23,4.7150000000
2013-08-26,4.4920000000
2013-08-27,4.2430000000
2013-08-28,3.9160000000
2013-08-29,6.1590000000
2013-08-30,4.2750000000
2013-09-02,3.9190000000
2013-09-03,3.6190000000
2013-09-04,3.3080000000
2013-09-05,4.9930000000
2013-09-06,4.0550000000
2013-09-09,3.9440000000
2013-09-10,4.0000000000
2013-09-11,4.0600000000
2013-09-12,7.7690000000
2013-09-13,5.9370000000
2013-09-16,5.1650000000
2013-09-17,12.7670000000
2013-09-18,5.4580000000
2013-09-23,5.5630000000
2013-09-24,6.3530000000
2013-09-25,5.8230000000
2013-09-26,12.4000000000
2013-09-27,33.6050000000
2013-09-30,25.4310000000
2013-10-08,8.0560000000
2013-10-09,9.1070000000
2013-10-10,7.0700000000
2013-10-11,3.8700000000
2013-10-14,3.7960000000
2013-10-15,3.4670000000
2013-10-16,3.0910000000
2013-10-17,4.4430000000
2013-10-18,3.4070000000
2013-10-21,3.2970000000
2013-10-22,3.1940000000
2013-10-23,3.3500000000
2013-10-24,7.7780000000
2013-10-25,5.7850000000
2013-10-28,5.0050000000
2013-10-29,5.5040000000
2013-10-30,7.8000000000
2013-10-31,10.2250000000
2013-11-01,4.5530000000
2013-11-04,4.4670000000
2013-11-05,4.0770000000
2013-11-06,3.6790000000
2013-11-07,5.4810000000
2013-11-08,3.7430000000
2013-11-11,3.9640000000
2013-11-12,3.8220000000
2013-11-13,3.8640000000
2013-11-14,8.3130000000
2013-11-15,7.5660000000
2013-11-18,8.2600000000
2013-11-19,6.8330000000
2013-11-20,5.2530000000
2013-11-21,9.1370000000
2013-11-22,7.7450000000
2013-11-25,6.0480000000
2013-11-26,5.9230000000
2013-11-27,5.6130000000
2013-11-28,9.3200000000
2013-11-29,6.9830000000
2013-12-02,5.7410000000
2013-12-03,4.5540000000
2013-12-04,4.0760000000
2013-12-05,5.9280000000
2013-12-06,3.8520000000
2013-12-09,3.7960000000
2013-12-10,3.7600000000
2013-12-11,3.5640000000
2013-12-12,6.0580000000
2013-12-13,4.3510000000
2013-12-16,4.9330000000
2013-12-17,5.7780000000
2013-12-18,5.9680000000
2013-12-19,13.9770000000
2013-12-20,7.6220000000
2013-12-23,6.8380000000
2013-12-24,6.0940000000
2013-12-25,6.3070000000
2013-12-26,13.0230000000
2013-12-27,10.6760000000
2013-12-30,26.2610000000
2013-12-31,16.2250000000
2014-01-02,7.1070000000
2014-01-03,3.9220000000
2014-01-06,3.4550000000
2014-01-07,2.9860000000
2014-01-08,3.3140000000
2014-01-09,6.2710000000
2014-01-10,5.5740000000
2014-01-13,5.6970000000
2014-01-14,4.3420000000
2014-01-15,3.8750000000
2014-01-16,5.8510000000
2014-01-17,10.1750000000
2014-01-20,13.0560000000
2014-01-21,7.1550000000
2014-01-22,6.9340000000
2014-01-23,8.1780000000
2014-01-24,6.7420000000
2014-01-27,7.6930000000
2014-01-28,7.0800000000
2014-01-29,12.8310000000
2014-01-30,7.0690000000
2014-02-07,5.7790000000
2014-02-10,4.5740000000
2014-02-11,4.3800000000
2014-02-12,4.3740000000
2014-02-13,5.8790000000
2014-02-14,3.8250000000
2014-02-17,3.5690000000
2014-02-18,3.2660000000
2014-02-19,3.0370000000
2014-02-20,4.0720000000
2014-02-21,2.9960000000
2014-02-24,3.0770000000
2014-02-25,2.9780000000
2014-02-26,2.9920000000
2014-02-27,5.0040000000
2014-02-28,4.8340000000
2014-03-03,3.0390000000
2014-03-04,2.7620000000
2014-03-05,2.6010000000
2014-03-06,3.7010000000
2014-03-07,2.8990000000
2014-03-10,2.8580000000
2014-03-11,2.7310000000
2014-03-12,2.5820000000
2014-03-13,3.2850000000
2014-03-14,2.7560000000
2014-03-17,2.7780000000
2014-03-18,2.7480000000
2014-03-19,3.2910000000
2014-03-20,5.4040000000
2014-03-21,4.7000000000
2014-03-24,4.3390000000
2014-03-25,3.8010000000
2014-03-26,3.9400000000
2014-03-27,8.6220000000
2014-03-28,12.0400000000
2014-03-31,10.4420000000
2014-04-01,3.5290000000
2014-04-02,3.0930000000
2014-04-03,4.9310000000
2014-04-04,3.5760000000
2014-04-08,3.2380000000
2014-04-09,3.1690000000
2014-04-10,4.6850000000
2014-04-11,3.5360000000
2014-04-14,3.2020000000
2014-04-15,3.2490000000
2014-04-16,3.1740000000
2014-04-17,5.4820000000
2014-04-18,4.3020000000
2014-04-21,3.3890000000
2014-04-22,3.4730000000
2014-04-23,3.5090000000
2014-04-24,6.2950000000
2014-04-25,4.9730000000
2014-04-28,5.9070000000
2014-04-29,14.3170000000
2014-04-30,5.6150000000
2014-05-05,3.5560000000
2014-05-06,3.2580000000
2014-05-07,2.8520000000
2014-05-08,3.9680000000
2014-05-09,2.9820000000
2014-05-12,2.9550000000
2014-05-13,2.9800000000
2014-05-14,3.2590000000
2014-05-15,4.8670000000
2014-05-16,3.4210000000
2014-05-19,3.5000000000
2014-05-20,3.7120000000
2014-05-21,3.3640000000
2014-05-22,4.4060000000
2014-05-23,3.7510000000
2014-05-26,3.6580000000
2014-05-27,3.5200000000
2014-05-28,3.7710000000
2014-05-29,9.5860000000
2014-05-30,5.2160000000
2014-06-03,3.7820000000
2014-06-04,3.6380000000
2014-06-05,5.4280000000
2014-06-06,3.4260000000
2014-06-09,3.1870000000
2014-06-10,3.1010000000
2014-06-11,3.0870000000
2014-06-12,4.7350000000
2014-06-13,3.7840000000
2014-06-16,3.7870000000
2014-06-17,4.7890000000
2014-06-18,7.0340000000
2014-06-19,14.3730000000
2014-06-20,5.6610000000
2014-06-23,4.8960000000
2014-06-24,4.1310000000
2014-06-25,3.7820000000
2014-06-26,6.3330000000
2014-06-27,10.1080000000
2014-06-30,10.8900000000
2014-07-01,3.7900000000
2014-07-02,3.2960000000
2014-07-03,3.8240000000
2014-07-04,3.1590000000
2014-07-07,3.1390000000
2014-07-08,3.0090000000
2014-07-09,4.2930000000
2014-07-10,9.2230000000
2014-07-11,4.4940000000
2014-07-14,5.3840000000
2014-07-15,3.6100000000
2014-07-16,2.8270000000
2014-07-17,6.2690000000
2014-07-18,3.7760000000
2014-07-21,3.7250000000
2014-07-22,4.2200000000
2014-07-23,7.7520000000
2014-07-24,17.2850000000
2014-07-25,6.2450000000
2014-07-28,3.6600000000
2014-07-29,3.0230000000
2014-07-30,3.4460000000
2014-07-31,5.3880000000
2014-08-01,3.5440000000
2014-08-04,3.1440000000
2014-08-05,2.9370000000
2014-08-06,2.9340000000
2014-08-07,4.0750000000
2014-08-08,3.1660000000
2014-08-11,3.1270000000
2014-08-12,3.1480000000
2014-08-13,4.1280000000
2014-08-14,9.7890000000
2014-08-15,5.2140000000
2014-08-18,4.2080000000
2014-08-19,3.7200000000
2014-08-20,3.2840000000
2014-08-21,4.5420000000
2014-08-22,3.4890000000
2014-08-25,3.6630000000
2014-08-26,3.1030000000
2014-08-27,4.5960000000
2014-08-28,26.3580000000
2014-08-29,19.0450000000
2014-09-01,4.6660000000
2014-09-02,2.7090000000
2014-09-03,2.2420000000
2014-09-04,4.6010000000
2014-09-05,4.2010000000
2014-09-09,4.2330000000
2014-09-10,4.8730000000
2014-09-11,5.1990000000
2014-09-12,3.5680000000
2014-09-15,3.4050000000
2014-09-16,3.0670000000
2014-09-17,3.0190000000
2014-09-18,6.6560000000
2014-09-19,3.3250000000
2014-09-22,3.6780000000
2014-09-23,4.1280000000
2014-09-24,14.1620000000
2014-09-25,19.2310000000
2014-09-26,9.0900000000
2014-09-29,13.8490000000
2014-09-30,4.2180000000
2014-10-08,3.8320000000
2014-10-09,5.5780000000
2014-10-10,5.6640000000
2014-10-13,4.7840000000
2014-10-14,3.3000000000
2014-10-15,3.1070000000
2014-10-16,3.4540000000
2014-10-17,2.7860000000
2014-10-20,2.4500000000
2014-10-21,2.0610000000
2014-10-22,2.1410000000
2014-10-23,7.8830000000
2014-10-24,11.8920000000
2014-10-27,9.6430000000
2014-10-28,3.4810000000
2014-10-29,2.6850000000
2014-10-30,3.3950000000
2014-10-31,3.1110000000
2014-11-03,3.1600000000
2014-11-04,3.1580000000
2014-11-05,3.1980000000
2014-11-06,4.9100000000
2014-11-07,3.9540000000
2014-11-10,3.6180000000
2014-11-11,3.5210000000
2014-11-12,3.4420000000
2014-11-13,4.4630000000
2014-11-14,3.2740000000
2014-11-17,3.5880000000
2014-11-18,3.5560000000
2014-11-19,3.5220000000
2014-11-20,4.6520000000
2014-11-21,7.2880000000
2014-11-24,26.6790000000
2014-11-25,27.3560000000
2014-11-26,15.8220000000
2014-11-27,10.2730000000
2014-11-28,4.4210000000
2014-12-01,5.0530000000
2014-12-02,4.6000000000
2014-12-03,3.6330000000
2014-12-04,4.6910000000
2014-12-05,3.7600000000
2014-12-08,3.7550000000
2014-12-09,3.8160000000
2014-12-10,3.6780000000
2014-12-11,4.2780000000
2014-12-12,3.7290000000
2014-12-15,3.2430000000
2014-12-16,2.6890000000
2014-12-17,2.6410000000
2014-12-18,12.2490000000
2014-12-19,15.6980000000
2014-12-22,12.1380000000
2014-12-23,6.2110000000
2014-12-24,3.2780000000
2014-12-25,3.8670000000
2014-12-26,3.6510000000
2014-12-29,5.1740000000
2014-12-30,14.4100000000
2014-12-31,5.6360000000
2015-01-05,3.6580000000
2015-01-06,3.2740000000
2015-01-07,2.3870000000
2015-01-08,2.1670000000
2015-01-09,1.7280000000
2015-01-12,2.6190000000
2015-01-13,2.7700000000
2015-01-14,5.4660000000
2015-01-15,8.9140000000
2015-01-16,5.6250000000
2015-01-19,3.1610000000
2015-01-20,2.5980000000
2015-01-21,2.4440000000
2015-01-22,2.9300000000
2015-01-23,2.7550000000
2015-01-26,2.7740000000
2015-01-27,2.7240000000
2015-01-28,2.7620000000
2015-01-29,3.6270000000
2015-01-30,6.7130000000
2015-02-02,6.3070000000
2015-02-03,3.7670000000
2015-02-04,2.9710000000
2015-02-05,2.5200000000
2015-02-06,2.0630000000
2015-02-09,3.8060000000
2015-02-10,19.7930000000
2015-02-11,26.6500000000
2015-02-12,13.8660000000
2015-02-13,3.4550000000
2015-02-16,8.6220000000
2015-02-17,4.2980000000
2015-02-25,3.6070000000
2015-02-26,3.9090000000
2015-02-27,3.7620000000
2015-03-02,3.3730000000
2015-03-03,3.1140000000
2015-03-04,2.5880000000
2015-03-05,1.2950000000
2015-03-06,2.0360000000
2015-03-09,1.7430000000
2015-03-10,3.2120000000
2015-03-11,9.2890000000
2015-03-12,18.6720000000
2015-03-13,5.2880000000
2015-03-16,2.8160000000
2015-03-17,2.2410000000
2015-03-18,2.3530000000
2015-03-19,2.7840000000
2015-03-20,2.8160000000
2015-03-23,2.8450000000
2015-03-24,2.8510000000
2015-03-25,2.7010000000
2015-03-26,2.7370000000
2015-03-27,2.6050000000
2015-03-30,3.1670000000
2015-03-31,3.6320000000
2015-04-01,2.6990000000
2015-04-02,2.5840000000
2015-04-03,2.1990000000
2015-04-07,1.8020000000
2015-04-08,1.5500000000
2015-04-09,1.6320000000
2015-04-10,1.4510000000
2015-04-13,1.9450000000
2015-04-14,5.2750000000
2015-04-15,5.4460000000
2015-04-16,6.5900000000
2015-04-17,2.1260000000
2015-04-20,1.5600000000
2015-04-21,1.3810000000
2015-04-22,1.4900000000
2015-04-23,1.7400000000
2015-04-24,1.5450000000
2015-04-27,1.6480000000
2015-04-28,1.6270000000
2015-04-29,1.9560000000
2015-04-30,1.7630000000
2015-05-04,1.7930000000
2015-05-05,3.3710000000
2015-05-06,4.5390000000
2015-05-07,6.8510000000
2015-05-08,2.1050000000
2015-05-11,1.4970000000
2015-05-12,1.1480000000
2015-05-13,1.0970000000
2015-05-14,1.2990000000
2015-05-15,1.1600000000
2015-05-18,1.2930000000
2015-05-19,3.8780000000
2015-05-20,5.9620000000
2015-05-21,4.9080000000
2015-05-22,1.3190000000
2015-05-25,1.1460000000
2015-05-26,1.1060000000
2015-05-27,1.1270000000
2015-05-28,1.6370000000
2015-05-29,1.4740000000
2015-06-01,1.8910000000
2015-06-02,4.7340000000
2015-06-03,4.8460000000
2015-06-04,3.5920000000
2015-06-05,1.2120000000
2015-06-08,1.0020000000
2015-06-09,0.9980000000
2015-06-10,0.9920000000
2015-06-11,1.6020000000
2015-06-12,1.3620000000
2015-06-15,1.2650000000
2015-06-16,1.2300000000
2015-06-17,2.3230000000
2015-06-18,11.0340000000
2015-06-19,6.9520000000
2015-06-23,2.7830000000
2015-06-24,1.1740000000
2015-06-25,1.1510000000
2015-06-26,1.0790000000
2015-06-29,1.5580000000
2015-06-30,1.6740000000
2015-07-01,1.2340000000
2015-07-02,1.8680000000
2015-07-03,3.5900000000
2015-07-06,1.0250000000
2015-07-07,0.9090000000
2015-07-08,0.9060000000
2015-07-09,1.2250000000
2015-07-10,0.9930000000
2015-07-13,0.8750000000
2015-07-14,0.8180000000
2015-07-15,0.7670000000
2015-07-16,0.9840000000
2015-07-17,0.8540000000
2015-07-20,0.8530000000
2015-07-21,0.8380000000
2015-07-22,0.8730000000
2015-07-23,1.2680000000
2015-07-24,1.0930000000
2015-07-27,1.1170000000
2015-07-28,1.1330000000
2015-07-29,0.9980000000
2015-07-30,1.0950000000
2015-07-31,1.0050000000
2015-08-03,0.9380000000
2015-08-04,0.9630000000
2015-08-05,0.9280000000
2015-08-06,1.0760000000
2015-08-07,1.0860000000
2015-08-10,1.2680000000
2015-08-11,1.3350000000
2015-08-12,1.2360000000
2015-08-13,1.5550000000
2015-08-14,1.3660000000
2015-08-17,1.2220000000
2015-08-18,1.1730000000
2015-08-19,1.2310000000
2015-08-20,1.4350000000
2015-08-21,1.3870000000
2015-08-24,1.2710000000
2015-08-25,1.4390000000
2015-08-26,1.5110000000
2015-08-27,2.1510000000
2015-08-28,1.7610000000
2015-08-31,1.6110000000
2015-09-01,2.0180000000
2015-09-02,1.6650000000
2015-09-07,1.2730000000
2015-09-08,1.3440000000
2015-09-09,1.5410000000
2015-09-10,1.7590000000
2015-09-11,1.4560000000
2015-09-14,1.3260000000
2015-09-15,1.4320000000
2015-09-16,1.5610000000
2015-09-17,2.0530000000
2015-09-18,1.8570000000
2015-09-21,1.9190000000
2015-09-22,2.1730000000
2015-09-23,2.0680000000
2015-09-24,2.8640000000
2015-09-25,2.5780000000
2015-09-28,2.8740000000
2015-09-29,7.7110000000
2015-09-30,3.4450000000
2015-10-08,4.7980000000
2015-10-09,4.1860000000
2015-10-12,2.6270000000
2015-10-13,2.2290000000
2015-10-14,1.9370000000
2015-10-15,3.3600000000
2015-10-16,2.5610000000
2015-10-19,2.3920000000
2015-10-20,2.1160000000
2015-10-21,2.2700000000
2015-10-22,4.6710000000
2015-10-23,3.9160000000
2015-10-26,2.7130000000
2015-10-27,2.3240000000
2015-10-28,2.1520000000
2015-10-29,2.8890000000
2015-10-30,2.0280000000
2015-11-02,2.0900000000
2015-11-03,2.5950000000
2015-11-04,3.0040000000
2015-11-05,4.0230000000
2015-11-06,2.6470000000
2015-11-09,2.7700000000
2015-11-10,2.2670000000
2015-11-11,2.0220000000
2015-11-12,2.6550000000
2015-11-13,1.9930000000
2015-11-16,1.9170000000
2015-11-17,1.8070000000
2015-11-18,1.6890000000
2015-11-19,2.3300000000
2015-11-20,1.9000000000
2015-11-23,1.5690000000
2015-11-24,1.3610000000
2015-11-25,1.3200000000
2015-11-26,2.4310000000
2015-11-27,2.0180000000
2015-11-30,3.3970000000
2015-12-01,3.3250000000
2015-12-02,3.0780000000
2015-12-03,3.0890000000
2015-12-04,1.8890000000
2015-12-07,1.7910000000
2015-12-08,1.5590000000
2015-12-09,1.6140000000
2015-12-10,2.6480000000
2015-12-11,2.8360000000
2015-12-14,4.4080000000
2015-12-15,3.8140000000
2015-12-16,2.1930000000
2015-12-17,3.1780000000
2015-12-18,2.7130000000
2015-12-21,2.5590000000
2015-12-22,3.5760000000
2015-12-23,5.1090000000
2015-12-24,6.2200000000
2015-12-25,3.6840000000
2015-12-28,2.7880000000
2015-12-29,2.9260000000
2015-12-30,6.7510000000
2015-12-31,4.3480000000
2016-01-04,4.6640000000
2016-01-05,4.2720000000
2016-01-06,2.5510000000
2016-01-07,2.3640000000
2016-01-08,2.0580000000
2016-01-11,1.8110000000
2016-01-12,1.7270000000
2016-01-13,1.8490000000
2016-01-14,3.1680000000
2016-01-15,2.2490000000
2016-01-18,2.3300000000
2016-01-19,2.8790000000
2016-01-20,2.8190000000
2016-01-21,5.3990000000
2016-01-22,3.6740000000
2016-01-25,2.8630000000
2016-01-26,2.7090000000
2016-01-27,2.4670000000
2016-01-28,3.4030000000
2016-01-29,2.4010000000
2016-02-01,2.4950000000
2016-02-02,2.6670000000
2016-02-03,2.5090000000
2016-02-04,7.7190000000
2016-02-05,2.6790000000
2016-02-15,2.3540000000
2016-02-16,1.9750000000
2016-02-17,1.9640000000
2016-02-18,2.2840000000
2016-02-19,1.8720000000
2016-02-22,1.8760000000
2016-02-23,1.8500000000
2016-02-24,2.0220000000
2016-02-25,5.5730000000
2016-02-26,4.2350000000
2016-02-29,3.3630000000
2016-03-01,2.5770000000
2016-03-02,2.2820000000
2016-03-03,2.4280000000
2016-03-04,1.5510000000
2016-03-07,1.6010000000
2016-03-08,1.4490000000
2016-03-09,1.4540000000
2016-03-10,1.7790000000
2016-03-11,1.5800000000
2016-03-14,1.9970000000
2016-03-15,2.3390000000
2016-03-16,2.1810000000
2016-03-17,4.4300000000
2016-03-18,4.3260000000
2016-03-21,3.9370000000
2016-03-22,3.7160000000
2016-03-23,2.6720000000
2016-03-24,3.7570000000
2016-03-25,2.8160000000
2016-03-28,2.7970000000
2016-03-29,3.1250000000
2016-03-30,4.3370000000
2016-03-31,9.2640000000
2016-04-01,2.7630000000
2016-04-05,2.6210000000
2016-04-06,2.3240000000
2016-04-07,2.8340000000
2016-04-08,1.9440000000
2016-04-11,2.0610000000
2016-04-12,1.9920000000
2016-04-13,2.0830000000
2016-04-14,3.7930000000
2016-04-15,2.1430000000
2016-04-18,2.1470000000
2016-04-19,1.9360000000
2016-04-20,2.0000000000
2016-04-21,3.4350000000
2016-04-22,2.2490000000
2016-04-25,2.2390000000
2016-04-26,1.8520000000
2016-04-27,1.8540000000
2016-04-28,2.9200000000
2016-04-29,1.7500000000
2016-05-03,1.8770000000
2016-05-04,1.7080000000
2016-05-05,2.5080000000
2016-05-06,1.5870000000
2016-05-09,1.6310000000
2016-05-10,1.5790000000
2016-05-11,1.3650000000
2016-05-12,1.8740000000
2016-05-13,1.5460000000
2016-05-16,1.4420000000
2016-05-17,1.5200000000
2016-05-18,1.5200000000
2016-05-19,1.9290000000
2016-05-20,1.6570000000
2016-05-23,1.6020000000
2016-05-24,1.5690000000
2016-05-25,1.6060000000
2016-05-26,2.0980000000
2016-05-27,2.0110000000
2016-05-30,2.1270000000
2016-05-31,2.5230000000
2016-06-01,2.0820000000
2016-06-02,3.2490000000
2016-06-03,2.4610000000
2016-06-06,2.4230000000
2016-06-07,5.1900000000
2016-06-08,2.6520000000
2016-06-13,2.1280000000
2016-06-14,2.5270000000
2016-06-15,2.7650000000
2016-06-16,5.1540000000
2016-06-17,2.6470000000
2016-06-20,2.5590000000
2016-06-21,2.7490000000
2016-06-22,2.5820000000
2016-06-23,4.4800000000
2016-06-24,2.8910000000
2016-06-27,3.6800000000
2016-06-28,4.8580000000
2016-06-29,7.7340000000
2016-06-30,8.2700000000
2016-07-01,2.6950000000
2016-07-04,2.5450000000
2016-07-05,2.4310000000
2016-07-06,2.2430000000
2016-07-07,4.5880000000
2016-07-08,2.5100000000
2016-07-11,2.4600000000
2016-07-12,2.4220000000
2016-07-13,2.3870000000
2016-07-14,3.7490000000
2016-07-15,2.4790000000
2016-07-18,2.4260000000
2016-07-19,2.4470000000
2016-07-20,2.4770000000
2016-07-21,4.9770000000
2016-07-22,3.1300000000
2016-07-25,3.2400000000
2016-07-26,2.9080000000
2016-07-27,2.5660000000
2016-07-28,4.5820000000
2016-07-29,2.5340000000
2016-08-01,2.2100000000
2016-08-02,2.2180000000
2016-08-03,2.1000000000
2016-08-04,3.1740000000
2016-08-05,2.0830000000
2016-08-08,2.2590000000
2016-08-09,2.3480000000
2016-08-10,2.4590000000
2016-08-11,3.5130000000
2016-08-12,2.5450000000
2016-08-15,2.6670000000
2016-08-16,2.5350000000
2016-08-17,2.6500000000
2016-08-18,5.3600000000
2016-08-19,2.8510000000
2016-08-22,2.6470000000
2016-08-23,2.9580000000
2016-08-24,3.7730000000
2016-08-25,5.4560000000
2016-08-26,2.6310000000
2016-08-29,2.5710000000
2016-08-30,2.3810000000
2016-08-31,2.3700000000
2016-09-01,3.2280000000
2016-09-02,2.3640000000
2016-09-05,2.2260000000
2016-09-06,2.0960000000
2016-09-07,2.1900000000
2016-09-08,2.7610000000
2016-09-09,2.3710000000
2016-09-12,2.5370000000
2016-09-13,8.1700000000
2016-09-14,3.6050000000
2016-09-19,2.6870000000
2016-09-20,3.5650000000
2016-09-21,3.4690000000
2016-09-22,5.3360000000
2016-09-23,2.8870000000
2016-09-26,3.5160000000
2016-09-27,5.5040000000
2016-09-28,4.6780000000
2016-09-29,18.1130000000
2016-09-30,5.5010000000
2016-10-10,3.1030000000
2016-10-11,3.0410000000
2016-10-12,2.3940000000
2016-10-13,3.5420000000
2016-10-14,2.5020000000
2016-10-17,2.5330000000
2016-10-18,2.9590000000
2016-10-19,2.7810000000
2016-10-20,4.9860000000
2016-10-21,4.3880000000
2016-10-24,4.0170000000
2016-10-25,4.1040000000
2016-10-26,5.0900000000
2016-10-27,12.4460000000
2016-10-28,4.2660000000
2016-10-31,3.9350000000
2016-11-01,3.3530000000
2016-11-02,2.3980000000
2016-11-03,3.1090000000
2016-11-04,2.0670000000
2016-11-07,2.1050000000
2016-11-08,2.0180000000
2016-11-09,2.0890000000
2016-11-10,4.0260000000
2016-11-11,2.5150000000
2016-11-14,2.9480000000
2016-11-15,2.9730000000
2016-11-16,3.0830000000
2016-11-17,5.3400000000
2016-11-18,3.1010000000
2016-11-21,3.0160000000
2016-11-22,2.9350000000
2016-11-23,2.9570000000
2016-11-24,5.4530000000
2016-11-25,3.4770000000
2016-11-28,3.7600000000
2016-11-29,5.1040000000
2016-11-30,6.6800000000
2016-12-01,7.1160000000
2016-12-02,3.4890000000
2016-12-05,2.9040000000
2016-12-06,2.8990000000
2016-12-07,2.6060000000
2016-12-08,4.5800000000
2016-12-09,2.7410000000
2016-12-12,2.8760000000
2016-12-13,3.1020000000
2016-12-14,3.3630000000
2016-12-15,10.6430000000
2016-12-16,6.0740000000
2016-12-19,6.9470000000
2016-12-20,6.2130000000
2016-12-21,4.0670000000
2016-12-22,6.2360000000
2016-12-23,4.2760000000
2016-12-26,5.0490000000
2016-12-27,7.9090000000
2016-12-28,13.9050000000
2016-12-29,11.1960000000
2016-12-30,3.2260000000
2017-01-03,3.8300000000
2017-01-04,4.0430000000
2017-01-05,5.6080000000
2017-01-06,2.9260000000
2017-01-09,2.5590000000
2017-01-10,2.2660000000
2017-01-11,2.3060000000
2017-01-12,3.9290000000
2017-01-13,2.8620000000
2017-01-16,3.7220000000
2017-01-17,5.0810000000
2017-01-18,6.3830000000
2017-01-19,13.8040000000
2017-01-20,6.3480000000
2017-01-23,5.5210000000
2017-01-24,4.7680000000
2017-01-25,16.5970000000
2017-01-26,13.0200000000
2017-02-03,8.2930000000
2017-02-06,4.1580000000
2017-02-07,2.5500000000
2017-02-08,2.2770000000
2017-02-09,3.3520000000
2017-02-10,2.7050000000
2017-02-13,2.9410000000
2017-02-14,3.4090000000
2017-02-15,3.2770000000
2017-02-16,5.9530000000
2017-02-17,3.8340000000
2017-02-20,4.9990000000
2017-02-21,4.9310000000
2017-02-22,4.3240000000
2017-02-23,6.1520000000
2017-02-24,4.8850000000
2017-02-27,4.5070000000
2017-02-28,4.2940000000
2017-03-01,3.3730000000
2017-03-02,3.9290000000
2017-03-03,2.8480000000
2017-03-06,2.7940000000
2017-03-07,2.7870000000
2017-03-08,2.8090000000
2017-03-09,3.9420000000
2017-03-10,2.8940000000
2017-03-13,2.8470000000
2017-03-14,2.7870000000
2017-03-15,2.8320000000
2017-03-16,9.1150000000
2017-03-17,9.6150000000
2017-03-20,6.0340000000
2017-03-21,6.0620000000
2017-03-22,4.0200000000
2017-03-23,6.7610000000
2017-03-24,4.6950000000
2017-03-27,5.3200000000
2017-03-28,6.1740000000
2017-03-29,8.5240000000
2017-03-30,24.3480000000
2017-03-31,12.6480000000
2017-04-05,5.4420000000
2017-04-06,8.5290000000
2017-04-07,2.7980000000
2017-04-10,2.7550000000
2017-04-11,2.4450000000
2017-04-12,2.3740000000
2017-04-13,3.7070000000
2017-04-14,2.5520000000
2017-04-17,2.7960000000
2017-04-18,2.5200000000
2017-04-19,2.7340000000
2017-04-20,4.7290000000
2017-04-21,3.1590000000
2017-04-24,4.2400000000
2017-04-25,4.0100000000
2017-04-26,4.2520000000
2017-04-27,12.2200000000
2017-04-28,5.4870000000
2017-05-02,4.0920000000
2017-05-03,4.3830000000
2017-05-04,7.0880000000
2017-05-05,3.3000000000
2017-05-08,3.1350000000
2017-05-09,2.7940000000
2017-05-10,2.7210000000
2017-05-11,4.4980000000
2017-05-12,2.9480000000
2017-05-15,3.1060000000
2017-05-16,3.5210000000
2017-05-17,3.8220000000
2017-05-18,6.8370000000
2017-05-19,3.3850000000
2017-05-22,3.6060000000
2017-05-23,3.3980000000
2017-05-24,3.0460000000
2017-05-25,3.1010000000
2017-05-26,3.2720000000
2017-05-31,5.2230000000
2017-06-01,5.4350000000
2017-06-02,4.4820000000
2017-06-05,3.7750000000
2017-06-06,3.2940000000
2017-06-07,2.9520000000
2017-06-08,2.9210000000
2017-06-09,2.9100000000
2017-06-12,3.0830000000
2017-06-13,3.3580000000
2017-06-14,3.6850000000
2017-06-15,3.9520000000
2017-06-16,3.9110000000
2017-06-19,4.0010000000
2017-06-20,4.3010000000
2017-06-21,4.7500000000
2017-06-22,4.4220000000
2017-06-23,3.7790000000
2017-06-26,4.0030000000
2017-06-27,4.2910000000
2017-06-28,5.1800000000
2017-06-29,7.2660000000
2017-06-30,7.1690000000
2017-07-03,3.8030000000
2017-07-04,3.1520000000
2017-07-05,2.7530000000
2017-07-06,2.5770000000
2017-07-07,2.4580000000
2017-07-10,2.5170000000
2017-07-11,2.5910000000
2017-07-12,2.8910000000
2017-07-13,2.8250000000
2017-07-14,2.7880000000
2017-07-17,3.2460000000
2017-07-18,4.4230000000
2017-07-19,4.7350000000
2017-07-20,4.2990000000
2017-07-21,4.3650000000
2017-07-24,4.7100000000
2017-07-25,4.7510000000
2017-07-26,4.5170000000
2017-07-27,4.1850000000
2017-07-28,4.9760000000
2017-07-31,5.7980000000
2017-08-01,5.2900000000
2017-08-02,4.1400000000
2017-08-03,3.3390000000
2017-08-04,2.9660000000
2017-08-07,3.0520000000
2017-08-08,3.0420000000
2017-08-09,3.0620000000
2017-08-10,3.0460000000
2017-08-11,3.2450000000
2017-08-14,3.6810000000
2017-08-15,4.0370000000
2017-08-16,4.4770000000
2017-08-17,5.3000000000
2017-08-18,4.4550000000
2017-08-21,4.6410000000
2017-08-22,4.7910000000
2017-08-23,4.4980000000
2017-08-24,4.1130000000
2017-08-25,4.2850000000
2017-08-28,4.9710000000
2017-08-29,6.3960000000
2017-08-30,6.8730000000
2017-08-31,5.5990000000
2017-09-01,4.0960000000
2017-09-04,3.8360000000
2017-09-05,3.6320000000
2017-09-06,3.5300000000
2017-09-07,3.4750000000
2017-09-08,3.7040000000
2017-09-11,4.1560000000
2017-09-12,4.2930000000
2017-09-13,4.1310000000
2017-09-14,3.8940000000
2017-09-15,3.8930000000
2017-09-18,4.0890000000
2017-09-19,4.4670000000
2017-09-20,4.7960000000
2017-09-21,4.8740000000
2017-09-22,4.9340000000
2017-09-25,5.2940000000
2017-09-26,6.4210000000
2017-09-27,7.4090000000
2017-09-28,7.7350000000
2017-09-29,12.9720000000
2017-10-09,7.8300000000
2017-10-10,6.0760000000
2017-10-11,3.6450000000
2017-10-12,3.0920000000
2017-10-13,2.9450000000
2017-10-16,3.1820000000
2017-10-17,2.9050000000
2017-10-18,2.6970000000
2017-10-19,2.5000000000
2017-10-20,2.6650000000
2017-10-23,2.9150000000
2017-10-24,2.9760000000
2017-10-25,3.1190000000
2017-10-26,3.6260000000
2017-10-27,4.8790000000
2017-10-30,6.8440000000
2017-10-31,7.7310000000
2017-11-01,4.0420000000
2017-11-02,3.2070000000
2017-11-03,2.9880000000
2017-11-06,2.9310000000
2017-11-07,2.9060000000
2017-11-08,2.9260000000
2017-11-09,3.1640000000
2017-11-10,3.6500000000
2017-11-13,4.1780000000
2017-11-14,4.1470000000
2017-11-15,3.8920000000
2017-11-16,3.4250000000
2017-11-17,3.6140000000
2017-11-20,3.8650000000
2017-11-21,3.9550000000
2017-11-22,4.8070000000
2017-11-23,4.6410000000
2017-11-24,4.2330000000
2017-11-27,4.1340000000
2017-11-28,3.8720000000
2017-11-29,4.2920000000
2017-11-30,4.0680000000
2017-12-01,3.5510000000
2017-12-04,3.2760000000
2017-12-05,3.1220000000
2017-12-06,3.1230000000
2017-12-07,3.0860000000
2017-12-08,3.1950000000
2017-12-11,3.6710000000
2017-12-12,3.8490000000
2017-12-13,3.8140000000
2017-12-14,3.7500000000
2017-12-15,3.9520000000
2017-12-18,4.3220000000
2017-12-19,4.8060000000
2017-12-20,4.4250000000
2017-12-21,3.2420000000
2017-12-22,3.3550000000
2017-12-25,4.4770000000
2017-12-26,6.9610000000
2017-12-27,13.2150000000
2017-12-28,16.7900000000
2017-12-29,14.8700000000
2018-01-02,5.4450000000
2018-01-03,4.3340000000
2018-01-04,2.9720000000
2018-01-05,2.6430000000
2018-01-08,2.5540000000
2018-01-09,2.5420000000
2018-01-10,2.5540000000
2018-01-11,2.6750000000
2018-01-12,2.9470000000
2018-01-15,3.2920000000
2018-01-16,3.4460000000
2018-01-17,4.1020000000
2018-01-18,4.0760000000
2018-01-19,3.9600000000
2018-01-22,3.7400000000
2018-01-23,3.5380000000
2018-01-24,3.2720000000
2018-01-25,3.0530000000
2018-01-26,2.9100000000
2018-01-29,3.0480000000
2018-01-30,3.0750000000
2018-01-31,3.0510000000
2018-02-01,2.8460000000
2018-02-02,2.9230000000
2018-02-05,2.9420000000
2018-02-06,2.8890000000
2018-02-07,3.2670000000
2018-02-08,3.1630000000
2018-02-09,3.5710000000
2018-02-12,3.7880000000
2018-02-13,3.1830000000
2018-02-14,3.2690000000
2018-02-22,3.7520000000
2018-02-23,3.8760000000
2018-02-26,3.5270000000
2018-02-27,3.4780000000
2018-02-28,3.3600000000
2018-03-01,3.1560000000
2018-03-02,3.1840000000
2018-03-05,3.1850000000
2018-03-06,3.1100000000
2018-03-07,2.9640000000
2018-03-08,2.8900000000
2018-03-09,3.0200000000
2018-03-12,3.2120000000
2018-03-13,3.2310000000
2018-03-14,3.1920000000
2018-03-15,3.2400000000
2018-03-16,3.3640000000
2018-03-19,3.5880000000
2018-03-20,3.6760000000
2018-03-21,3.5660000000
2018-03-22,3.1190000000
2018-03-23,3.3820000000
2018-03-26,4.3400000000
2018-03-27,5.1240000000
2018-03-28,5.2130000000
2018-03-29,10.2230000000
2018-03-30,11.8390000000
2018-04-02,4.1500000000
2018-04-03,3.2090000000
2018-04-04,2.8570000000
2018-04-09,2.7930000000
2018-04-10,2.7550000000
2018-04-11,2.7080000000
2018-04-12,2.5910000000
2018-04-13,2.6120000000
2018-04-16,2.8440000000
2018-04-17,3.2740000000
2018-04-18,3.7660000000
2018-04-19,5.3380000000
2018-04-20,6.3320000000
2018-04-23,8.5250000000
2018-04-24,9.2860000000
2018-04-25,8.3050000000
2018-04-26,7.8930000000
2018-04-27,7.8520000000
2018-05-02,4.4140000000
2018-05-03,3.4160000000
2018-05-04,3.0700000000
2018-05-07,2.8870000000
2018-05-08,2.6800000000
2018-05-09,2.5330000000
2018-05-10,2.4600000000
2018-05-11,2.5350000000
2018-05-14,2.9700000000
2018-05-15,3.2250000000
2018-05-16,3.1410000000
2018-05-17,2.7520000000
2018-05-18,2.9860000000
2018-05-21,3.1100000000
2018-05-22,3.0690000000
2018-05-23,2.9220000000
2018-05-24,2.8200000000
2018-05-25,3.1970000000
2018-05-28,3.6020000000
2018-05-29,4.5870000000
2018-05-30,6.7800000000
2018-05-31,5.5590000000
2018-06-01,4.3030000000
2018-06-04,3.8110000000
2018-06-05,3.6090000000
2018-06-06,3.3520000000
2018-06-07,2.9750000000
2018-06-08,3.0200000000
2018-06-11,3.1050000000
2018-06-12,3.2830000000
2018-06-13,3.1450000000
2018-06-14,3.0010000000
2018-06-15,3.5310000000
2018-06-19,3.9360000000
2018-06-20,4.0720000000
2018-06-21,3.2820000000
2018-06-22,3.0720000000
2018-06-25,3.0380000000
2018-06-26,3.2680000000
2018-06-27,4.9940000000
2018-06-28,9.8020000000
2018-06-29,7.4650000000
2018-07-02,3.6560000000
2018-07-03,2.8930000000
2018-07-04,2.4810000000
2018-07-05,2.1820000000
2018-07-06,2.3240000000
2018-07-09,2.1960000000
2018-07-10,2.0740000000
2018-07-11,2.0780000000
2018-07-12,2.3190000000
2018-07-13,2.4390000000
2018-07-16,2.4320000000
2018-07-17,2.4830000000
2018-07-18,2.4800000000
2018-07-19,2.4970000000
2018-07-20,2.5890000000
2018-07-23,2.6600000000
2018-07-24,2.7500000000
2018-07-25,2.6290000000
2018-07-26,2.6300000000
2018-07-27,2.7410000000
2018-07-30,3.0230000000
2018-07-31,2.7580000000
2018-08-01,2.5380000000
2018-08-02,2.4830000000
2018-08-03,2.4830000000
2018-08-06,2.3920000000
2018-08-07,2.2410000000
2018-08-08,2.0450000000
2018-08-09,2.0230000000
2018-08-10,2.1790000000
2018-08-13,2.2260000000
2018-08-14,2.2370000000
2018-08-15,2.2980000000
2018-08-16,2.3350000000
2018-08-17,2.7040000000
2018-08-20,2.8340000000
2018-08-21,2.6000000000
2018-08-22,2.4140000000
2018-08-23,2.4360000000
2018-08-24,2.5030000000
2018-08-27,2.5270000000
2018-08-28,2.5410000000
2018-08-29,2.5100000000
2018-08-30,2.5290000000
2018-08-31,2.7370000000
2018-09-03,2.5750000000
2018-09-04,2.4630000000
2018-09-05,2.4770000000
2018-09-06,2.4450000000
2018-09-07,2.7200000000
2018-09-10,2.6990000000
2018-09-11,2.7510000000
2018-09-12,2.5070000000
2018-09-13,2.3590000000
2018-09-14,2.4640000000
2018-09-17,2.4220000000
2018-09-18,2.9760000000
2018-09-19,3.2020000000
2018-09-20,2.7640000000
2018-09-21,3.0660000000
2018-09-25,3.2600000000
2018-09-26,3.7860000000
2018-09-27,4.0150000000
2018-09-28,4.4210000000
2018-10-08,3.4580000000
2018-10-09,2.9230000000
2018-10-10,2.4980000000
2018-10-11,2.4220000000
2018-10-12,2.4930000000
2018-10-15,2.5110000000
2018-10-16,2.5520000000
2018-10-17,2.5010000000
2018-10-18,2.3870000000
2018-10-19,2.6250000000
2018-10-22,2.7120000000
2018-10-23,2.5610000000
2018-10-24,2.5110000000
2018-10-25,2.4440000000
2018-10-26,2.4940000000
2018-10-29,2.5110000000
2018-10-30,2.6760000000
2018-10-31,3.3150000000
2018-11-01,2.5830000000
2018-11-02,2.7830000000
2018-11-05,2.5890000000
2018-11-06,2.5040000000
2018-11-07,2.4730000000
2018-11-08,2.4330000000
2018-11-09,2.4490000000
2018-11-12,2.5860000000
2018-11-13,2.6910000000
2018-11-14,2.6740000000
2018-11-15,2.6360000000
2018-11-16,2.7500000000
2018-11-19,2.8150000000
2018-11-20,3.0410000000
2018-11-21,2.8850000000
2018-11-22,2.6960000000
2018-11-23,2.7350000000
2018-11-26,2.8800000000
2018-11-27,2.8620000000
2018-11-28,2.9830000000
2018-11-29,3.4090000000
2018-11-30,3.9000000000
2018-12-03,2.9990000000
2018-12-04,2.6580000000
2018-12-05,2.4760000000
2018-12-06,2.4240000000
2018-12-07,2.6310000000
2018-12-10,2.6250000000
2018-12-11,2.6900000000
2018-12-12,2.7280000000
2018-12-13,2.8620000000
2018-12-14,3.3890000000
2018-12-17,3.5830000000
2018-12-18,3.7940000000
2018-12-19,3.7150000000
2018-12-20,3.4700000000
2018-12-21,3.7840000000
2018-12-24,3.9200000000
2018-12-25,3.9150000000
2018-12-26,5.0230000000
2018-12-27,8.7020000000
2018-12-28,5.3370000000
2019-01-02,6.0500000000
2019-01-03,3.1750000000
2019-01-04,2.8610000000
2019-01-07,2.4290000000
2019-01-08,2.1800000000
2019-01-09,2.3810000000
2019-01-10,2.3130000000
2019-01-11,2.4330000000
2019-01-14,2.4450000000
2019-01-15,2.5080000000
2019-01-16,2.4880000000
2019-01-17,2.4860000000
2019-01-18,2.6340000000
2019-01-21,2.7320000000
2019-01-22,2.7380000000
2019-01-23,2.7840000000
2019-01-24,2.7720000000
2019-01-25,2.8350000000
2019-01-28,2.8340000000
2019-01-29,2.8410000000
2019-01-30,2.9590000000
2019-01-31,3.2090000000
2019-02-01,3.1740000000
2019-02-11,2.9210000000
2019-02-12,2.7410000000
2019-02-13,2.6150000000
2019-02-14,2.4150000000
2019-02-15,2.4270000000
2019-02-18,2.4950000000
2019-02-19,2.3510000000
2019-02-20,2.2920000000
2019-02-21,2.3010000000
2019-02-22,2.6660000000
2019-02-25,3.1410000000
2019-02-26,4.7900000000
2019-02-27,3.8580000000
2019-02-28,2.5550000000
2019-03-01,2.4180000000
2019-03-04,2.3640000000
2019-03-05,2.2990000000
2019-03-06,2.2060000000
2019-03-07,2.0800000000
2019-03-08,2.1730000000
2019-03-11,2.2460000000
2019-03-12,2.3650000000
2019-03-13,2.3320000000
2019-03-14,2.3930000000
2019-03-15,3.0010000000
2019-03-18,2.9950000000
2019-03-19,2.9630000000
2019-03-20,2.9780000000
2019-03-21,2.9060000000
2019-03-22,2.9750000000
2019-03-25,2.9930000000
2019-03-26,2.9300000000
2019-03-27,2.9930000000
2019-03-28,4.2940000000
2019-03-29,4.5790000000
2019-04-01,3.3320000000
2019-04-02,2.4530000000
2019-04-03,2.0190000000
2019-04-04,1.8900000000
2019-04-08,1.9710000000
2019-04-09,2.0710000000
2019-04-10,2.2740000000
2019-04-11,2.2260000000
2019-04-12,2.2680000000
2019-04-15,2.7590000000
2019-04-16,3.0080000000
2019-04-17,3.1360000000
2019-04-18,2.8530000000
2019-04-19,2.8110000000
2019-04-22,2.7640000000
2019-04-23,2.8440000000
2019-04-24,2.9450000000
2019-04-25,2.9750000000
2019-04-26,3.1720000000
2019-04-29,3.0140000000
2019-04-30,2.8510000000
2019-05-06,2.4200000000
2019-05-07,2.2750000000
2019-05-08,1.9820000000
2019-05-09,1.7950000000
2019-05-10,1.9950000000
2019-05-13,2.1350000000
2019-05-14,2.3810000000
2019-05-15,2.3960000000
2019-05-16,2.3420000000
2019-05-17,2.4510000000
2019-05-20,2.8050000000
2019-05-21,2.8110000000
2019-05-22,2.6950000000
2019-05-23,2.5320000000
2019-05-24,2.5860000000
2019-05-27,2.3160000000
2019-05-28,1.8740000000
2019-05-29,1.8960000000
2019-05-30,2.4280000000
2019-05-31,2.4430000000
2019-06-03,2.4630000000
2019-06-04,2.4810000000
2019-06-05,2.4790000000
2019-06-06,2.4410000000
2019-06-10,2.4220000000
2019-06-11,2.3500000000
2019-06-12,2.2450000000
2019-06-13,2.2240000000
2019-06-14,2.0690000000
2019-06-17,1.8180000000
2019-06-18,1.7190000000
2019-06-19,1.8190000000
2019-06-20,1.7630000000
2019-06-21,2.0140000000
2019-06-24,2.0980000000
2019-06-25,2.1190000000
2019-06-26,2.3480000000
2019-06-27,3.0870000000
2019-06-28,3.3590000000
2019-07-01,2.7750000000
2019-07-02,2.5040000000
2019-07-03,2.1310000000
2019-07-04,1.8610000000
2019-07-05,1.8630000000
2019-07-08,2.0580000000
2019-07-09,2.1500000000
2019-07-10,2.2400000000
2019-07-11,2.4190000000
2019-07-12,2.7180000000
2019-07-15,2.9120000000
2019-07-16,2.9640000000
2019-07-17,3.1620000000
2019-07-18,3.1900000000
2019-07-19,3.2100000000
2019-07-22,3.1360000000
2019-07-23,2.9800000000
2019-07-24,2.8580000000
2019-07-25,2.9570000000
2019-07-26,3.0500000000
2019-07-29,3.0340000000
2019-07-30,3.0320000000
2019-07-31,2.9280000000
2019-08-01,2.7280000000
2019-08-02,2.8320000000
2019-08-05,2.7810000000
2019-08-06,2.6660000000
2019-08-07,2.4890000000
2019-08-08,2.4490000000
2019-08-09,2.6260000000
2019-08-12,2.8260000000
2019-08-13,3.0070000000
2019-08-14,3.0400000000
2019-08-15,2.9900000000
2019-08-16,3.1280000000
2019-08-19,3.1090000000
2019-08-20,3.1210000000
2019-08-21,2.9740000000
2019-08-22,2.6820000000
2019-08-23,2.7470000000
2019-08-26,2.8470000000
2019-08-27,2.9310000000
2019-08-28,3.0140000000
2019-08-29,3.0720000000
2019-08-30,3.1200000000
2019-09-02,2.9680000000
2019-09-03,2.8970000000
2019-09-04,2.7880000000
2019-09-05,2.7440000000
2019-09-06,2.7940000000
2019-09-09,2.8090000000
2019-09-10,2.8000000000
2019-09-11,2.7160000000
2019-09-12,2.7060000000
2019-09-16,2.7610000000
2019-09-17,2.7650000000
2019-09-18,2.8600000000
2019-09-19,2.9070000000
2019-09-20,2.9310000000
2019-09-23,2.8910000000
2019-09-24,2.6470000000
2019-09-25,2.5570000000
2019-09-26,2.5440000000
2019-09-27,2.4420000000
2019-09-30,2.6050000000
2019-10-08,3.2370000000
2019-10-09,3.1880000000
2019-10-10,3.0310000000
2019-10-11,2.9420000000
2019-10-14,2.8470000000
2019-10-15,2.7930000000
2019-10-16,2.7520000000
2019-10-17,2.6570000000
2019-10-18,2.7540000000
2019-10-21,2.8730000000
2019-10-22,2.9470000000
2019-10-23,2.9080000000
2019-10-24,2.7980000000
2019-10-25,2.8160000000
2019-10-28,2.8870000000
2019-10-29,2.9590000000
2019-10-30,2.9390000000
2019-10-31,2.7170000000
2019-11-01,2.7750000000
2019-11-04,2.6820000000
2019-11-05,2.3890000000
2019-11-06,2.1890000000
2019-11-07,2.1890000000
2019-11-08,2.2910000000
2019-11-11,2.4310000000
2019-11-12,2.7100000000
2019-11-13,2.8100000000
2019-11-14,2.8260000000
2019-11-15,2.9870000000
2019-11-18,2.9860000000
2019-11-19,2.9170000000
2019-11-20,2.8680000000
2019-11-21,2.7620000000
2019-11-22,2.7900000000
2019-11-25,2.8350000000
2019-11-26,2.8100000000
2019-11-27,2.7470000000
2019-11-28,2.8460000000
2019-11-29,2.8950000000
2019-12-02,2.7990000000
2019-12-03,2.6960000000
2019-12-04,2.4950000000
2019-12-05,2.2830000000
2019-12-06,2.3170000000
2019-12-09,2.5720000000
2019-12-10,2.6890000000
2019-12-11,2.7340000000
2019-12-12,2.6520000000
2019-12-13,2.8430000000
2019-12-16,2.9500000000
2019-12-17,2.8860000000
2019-12-18,2.5200000000
2019-12-19,2.2120000000
2019-12-20,2.4810000000
2019-12-23,2.6390000000
2019-12-24,2.6550000000
2019-12-25,2.5990000000
2019-12-26,2.6310000000
2019-12-27,2.9690000000
2019-12-30,3.0740000000
2019-12-31,3.1160000000
2020-01-02,3.0720000000
2020-01-03,3.0840000000
2020-01-06,3.0040000000
2020-01-07,3.0040000000
2020-01-08,2.8160000000
2020-01-09,2.4780000000
2020-01-10,2.6620000000
2020-01-13,2.9270000000
2020-01-14,3.0570000000
2020-01-15,3.0890000000
2020-01-16,3.0740000000
2020-01-17,3.0850000000
2020-01-20,3.0860000000
2020-01-21,3.0730000000
2020-01-22,2.8880000000
2020-01-23,2.9310000000
2020-02-03,2.8370000000
2020-02-04,2.3010000000
2020-02-05,2.4330000000
2020-02-06,2.3470000000
2020-02-07,2.2290000000
2020-02-10,2.5240000000
2020-02-11,2.5300000000
2020-02-12,2.4710000000
2020-02-13,2.3570000000
2020-02-14,2.3450000000
2020-02-17,2.4300000000
2020-02-18,2.4110000000
2020-02-19,2.3460000000
2020-02-20,2.2070000000
2020-02-21,2.2080000000
2020-02-24,2.3810000000
2020-02-25,2.4400000000
2020-02-26,2.4150000000
2020-02-27,2.4840000000
2020-02-28,2.5580000000
2020-03-02,2.2730000000
2020-03-03,2.2160000000
2020-03-04,2.0890000000
2020-03-05,1.9330000000
2020-03-06,1.8730000000
2020-03-09,2.0210000000
2020-03-10,2.3010000000
2020-03-11,2.1880000000
2020-03-12,1.9480000000
2020-03-13,1.9900000000
2020-03-16,1.9420000000
2020-03-17,1.3890000000
2020-03-18,1.3000000000
2020-03-19,0.9080000000
2020-03-20,0.9090000000
2020-03-23,0.9010000000
2020-03-24,1.6420000000
2020-03-25,2.1370000000
2020-03-26,1.9350000000
2020-03-27,2.1720000000
2020-03-30,3.2790000000
2020-03-31,3.3930000000
2020-04-01,2.1610000000
2020-04-02,1.7970000000
2020-04-03,1.6860000000
2020-04-07,1.6800000000
2020-04-08,1.6580000000
2020-04-09,1.6180000000
2020-04-10,1.5830000000
2020-04-13,1.5510000000
2020-04-14,1.5650000000
2020-04-15,1.5600000000
2020-04-16,1.5170000000
2020-04-17,1.5170000000
2020-04-20,1.5200000000
2020-04-21,1.3690000000
2020-04-22,1.2880000000
2020-04-23,1.3660000000
2020-04-24,1.5390000000
2020-04-27,1.6270000000
2020-04-28,1.6230000000
2020-04-29,1.7000000000
2020-04-30,1.8730000000
2020-05-06,1.7420000000
2020-05-07,1.6990000000
2020-05-08,1.6090000000
2020-05-11,1.5100000000
2020-05-12,1.3890000000
2020-05-13,1.3330000000
2020-05-14,1.3290000000
2020-05-15,1.4020000000
2020-05-18,1.5130000000
2020-05-19,1.6130000000
2020-05-20,1.5550000000
2020-05-21,1.4670000000
2020-05-22,1.5050000000
2020-05-25,1.6470000000
2020-05-26,1.8480000000
2020-05-27,2.0540000000
2020-05-28,2.4210000000
2020-05-29,2.3460000000
2020-06-01,1.7600000000
2020-06-02,1.7130000000
2020-06-03,1.8840000000
2020-06-04,1.7960000000
2020-06-05,1.7960000000
2020-06-08,1.9300000000
2020-06-09,1.9210000000
2020-06-10,1.9680000000
2020-06-11,1.9900000000
2020-06-12,2.0180000000
2020-06-15,1.9940000000
2020-06-16,1.9700000000
2020-06-17,2.0540000000
2020-06-18,2.2060000000
2020-06-19,2.7130000000
2020-06-22,3.1180000000
2020-06-23,2.9460000000
2020-06-24,3.1940000000
2020-06-29,5.5060000000
2020-06-30,5.6020000000
2020-07-01,2.9120000000
2020-07-02,2.2260000000
2020-07-03,1.8780000000
2020-07-06,1.9410000000
2020-07-07,2.1140000000
2020-07-08,2.0820000000
2020-07-09,2.0730000000
2020-07-10,2.1670000000
2020-07-13,2.1200000000
2020-07-14,2.0120000000
2020-07-15,2.0110000000
2020-07-16,2.1000000000
2020-07-17,2.0030000000
2020-07-20,1.8410000000
2020-07-21,1.7250000000
2020-07-22,1.7420000000
2020-07-23,1.8700000000
2020-07-24,1.9320000000
2020-07-27,2.1070000000
2020-07-28,2.0910000000
2020-07-29,2.2660000000
2020-07-30,2.7730000000
2020-07-31,2.5560000000
2020-08-03,2.1890000000
2020-08-04,2.1000000000
2020-08-05,1.9430000000
2020-08-06,1.8220000000
2020-08-07,1.9730000000
2020-08-10,2.1340000000
2020-08-11,2.2260000000
2020-08-12,2.3110000000
2020-08-13,2.2900000000
2020-08-14,2.3800000000
2020-08-17,2.4600000000
2020-08-18,2.4410000000
2020-08-19,2.5380000000
2020-08-20,2.7920000000
2020-08-21,2.8890000000
2020-08-24,2.7660000000
2020-08-25,2.5160000000
2020-08-26,2.2720000000
2020-08-27,2.1110000000
2020-08-28,2.7840000000
2020-08-31,2.9150000000
2020-09-01,2.4770000000
2020-09-02,2.2780000000
2020-09-03,1.9930000000
2020-09-04,2.0950000000
2020-09-07,2.1510000000
2020-09-08,2.1670000000
2020-09-09,2.0570000000
2020-09-10,1.9570000000
2020-09-11,2.0760000000
2020-09-14,2.2230000000
2020-09-15,2.2510000000
2020-09-16,2.3020000000
2020-09-17,2.6660000000
2020-09-18,3.2860000000
2020-09-21,3.4450000000
2020-09-22,3.3300000000
2020-09-23,2.9660000000
2020-09-24,2.8190000000
2020-09-25,3.1970000000
2020-09-28,2.9850000000
2020-09-29,3.0850000000
2020-09-30,3.2800000000
2020-10-09,4.1130000000
2020-10-12,3.2900000000
2020-10-13,2.6400000000
2020-10-14,2.0260000000
2020-10-15,1.8570000000
2020-10-16,1.9740000000
2020-10-19,2.2710000000
2020-10-20,2.5210000000
2020-10-21,2.2660000000
2020-10-22,2.0020000000
2020-10-23,2.4280000000
2020-10-26,2.8870000000
2020-10-27,3.8070000000
2020-10-28,4.1850000000
2020-10-29,4.3300000000
2020-10-30,4.1520000000
2020-11-02,2.9000000000
2020-11-03,2.2820000000
2020-11-04,2.0620000000
2020-11-05,2.0530000000
2020-11-06,2.2610000000
2020-11-09,2.5150000000
2020-11-10,2.9680000000
2020-11-11,2.9710000000
2020-11-12,3.1500000000
2020-11-13,3.2670000000
2020-11-16,2.9160000000
2020-11-17,2.5680000000
2020-11-18,2.3680000000
2020-11-19,2.3070000000
2020-11-20,2.3040000000
2020-11-23,2.5770000000
2020-11-24,2.6940000000
2020-11-25,1.6740000000
2020-11-26,1.8790000000
2020-11-27,2.5860000000
2020-11-30,2.2820000000
2020-12-01,1.8990000000
2020-12-02,2.9890000000
2020-12-03,2.6740000000
2020-12-04,2.3200000000
2020-12-07,2.2600000000
2020-12-08,2.1360000000
2020-12-09,2.2130000000
2020-12-10,2.2830000000
2020-12-11,2.7930000000
2020-12-14,2.6900000000
2020-12-15,2.2100000000
2020-12-16,2.1300000000
2020-12-17,2.3390000000
2020-12-18,2.9160000000
2020-12-21,3.0130000000
2020-12-22,2.8830000000
2020-12-23,2.6830000000
2020-12-24,2.5270000000
2020-12-25,3.1650000000
2020-12-28,3.8090000000
2020-12-29,4.0600000000
2020-12-30,4.0330000000
2020-12-31,4.2640000000
2021-01-04,2.7670000000
2021-01-05,1.9970000000
2021-01-06,1.7860000000
2021-01-07,1.7350000000
2021-01-08,1.7050000000
2021-01-11,1.7860000000
2021-01-12,1.7780000000
2021-01-13,1.6970000000
2021-01-14,1.7290000000
2021-01-15,1.8970000000
2021-01-18,2.1910000000
2021-01-19,2.4570000000
2021-01-20,2.7640000000
2021-01-21,3.0050000000
2021-01-22,2.9900000000
2021-01-25,2.9760000000
2021-01-26,4.4630000000
2021-01-27,4.5060000000
2021-01-28,6.3980000000
2021-01-29,5.4310000000
2021-02-01,4.0110000000
2021-02-02,2.7410000000
2021-02-03,2.2790000000
2021-02-04,2.3340000000
2021-02-05,2.6350000000
2021-02-08,2.4060000000
2021-02-09,1.9950000000
2021-02-10,2.0660000000
2021-02-18,2.3850000000
2021-02-19,1.9760000000
2021-02-22,1.8630000000
2021-02-23,1.9650000000
2021-02-24,1.9520000000
2021-02-25,2.1290000000
2021-02-26,2.2320000000
2021-03-01,2.1220000000
2021-03-02,1.7900000000
2021-03-03,1.6850000000
2021-03-04,1.6990000000
2021-03-05,1.6930000000
2021-03-08,1.7910000000
2021-03-09,1.7880000000
2021-03-10,1.7820000000
2021-03-11,1.7250000000
2021-03-12,1.7580000000
2021-03-15,2.0270000000
2021-03-16,1.8600000000
2021-03-17,1.7670000000
2021-03-18,1.8380000000
2021-03-19,2.0140000000
2021-03-22,2.0480000000
2021-03-23,2.0560000000
2021-03-24,2.0540000000
2021-03-25,2.1060000000
2021-03-26,2.3190000000
2021-03-29,2.6320000000
2021-03-30,3.9820000000
2021-03-31,3.0780000000
2021-04-01,2.2250000000
2021-04-02,2.1060000000
2021-04-06,1.8790000000
2021-04-07,1.7430000000
2021-04-08,1.6760000000
2021-04-09,1.7490000000
2021-04-12,1.7330000000
2021-04-13,1.7630000000
2021-04-14,1.8740000000
2021-04-15,1.8320000000
2021-04-16,2.0200000000
2021-04-19,2.0330000000
2021-04-20,1.9120000000
2021-04-21,1.8940000000
2021-04-22,2.0410000000
2021-04-23,2.2000000000
2021-04-26,2.2470000000
2021-04-27,2.1030000000
2021-04-28,2.1320000000
2021-04-29,2.2720000000
2021-04-30,2.2930000000
2021-05-06,2.2010000000
2021-05-07,2.2170000000
2021-05-10,1.9110000000
2021-05-11,1.8380000000
2021-05-12,1.8320000000
2021-05-13,1.9480000000
2021-05-14,2.0700000000
2021-05-17,2.1780000000
2021-05-18,2.1300000000
2021-05-19,1.9920000000
2021-05-20,2.0360000000
2021-05-21,2.1540000000
2021-05-24,2.2650000000
2021-05-25,2.3400000000
2021-05-26,2.2990000000
2021-05-27,2.3420000000
2021-05-28,4.0620000000
2021-05-31,3.7960000000
2021-06-01,2.4730000000
2021-06-02,2.2970000000
2021-06-03,1.9430000000
2021-06-04,2.0950000000
2021-06-07,2.2050000000
2021-06-08,2.0220000000
2021-06-09,2.0100000000
2021-06-10,1.9550000000
2021-06-11,2.0590000000
2021-06-15,2.0920000000
2021-06-16,2.0680000000
2021-06-17,2.0630000000
2021-06-18,2.3580000000
2021-06-21,2.4590000000
2021-06-22,2.6030000000
2021-06-23,2.5360000000
2021-06-24,2.3720000000
2021-06-25,2.5690000000
2021-06-28,4.0580000000
2021-06-29,4.4220000000
2021-06-30,4.7460000000
2021-07-01,3.0410000000
2021-07-02,2.6160000000
2021-07-05,2.0960000000
2021-07-06,1.9710000000
2021-07-07,2.0040000000
2021-07-08,1.9860000000
2021-07-09,2.2510000000
2021-07-12,2.1800000000
2021-07-13,2.2000000000
2021-07-14,2.2240000000
2021-07-15,2.1560000000
2021-07-16,2.1410000000
2021-07-19,2.1220000000
2021-07-20,2.1430000000
2021-07-21,2.1980000000
2021-07-22,2.1820000000
2021-07-23,2.1980000000
2021-07-26,2.2540000000
2021-07-27,2.4220000000
2021-07-28,2.3740000000
2021-07-29,2.7970000000
2021-07-30,2.5260000000
2021-08-02,2.1040000000
2021-08-03,2.0480000000
2021-08-04,2.0140000000
2021-08-05,1.9110000000
2021-08-06,2.0040000000
2021-08-09,2.1000000000
2021-08-10,2.2290000000
2021-08-11,2.0580000000
2021-08-12,2.0190000000
2021-08-13,2.1480000000
2021-08-16,2.0720000000
2021-08-17,2.0070000000
2021-08-18,1.9970000000
2021-08-19,1.9970000000
2021-08-20,2.0440000000
2021-08-23,2.1150000000
2021-08-24,2.2860000000
2021-08-25,2.2990000000
2021-08-26,2.2580000000
2021-08-27,2.6090000000
2021-08-30,4.1500000000
2021-08-31,3.0750000000
2021-09-01,2.4670000000
2021-09-02,2.3010000000
2021-09-03,2.2030000000
2021-09-06,2.1780000000
2021-09-07,2.2190000000
2021-09-08,2.2350000000
2021-09-09,2.1420000000
2021-09-10,2.2000000000
2021-09-13,2.2620000000
2021-09-14,2.3570000000
2021-09-15,2.3470000000
2021-09-16,2.4990000000
2021-09-17,2.6770000000
2021-09-22,2.4660000000
2021-09-23,2.3740000000
2021-09-24,2.5210000000
2021-09-27,3.0980000000
2021-09-28,3.4610000000
2021-09-29,3.7020000000
2021-09-30,2.8260000000
2021-10-08,3.3540000000
2021-10-11,2.5090000000
2021-10-12,2.1480000000
2021-10-13,1.9810000000
2021-10-14,1.8960000000
2021-10-15,2.0550000000
2021-10-18,2.0950000000
2021-10-19,2.1510000000
2021-10-20,2.0390000000
2021-10-21,1.8930000000
2021-10-22,1.9950000000
2021-10-25,1.9880000000
2021-10-26,2.0180000000
2021-10-27,2.2100000000
2021-10-28,2.7570000000
2021-10-29,2.5020000000
2021-11-01,2.2130000000
2021-11-02,2.1630000000
2021-11-03,2.1080000000
2021-11-04,2.0240000000
2021-11-05,2.1090000000
2021-11-08,2.1740000000
2021-11-09,2.2630000000
2021-11-10,2.2260000000
2021-11-11,2.1750000000
2021-11-12,2.2240000000
2021-11-15,2.1990000000
2021-11-16,2.1810000000
2021-11-17,2.3750000000
2021-11-18,2.3150000000
2021-11-19,2.5260000000
2021-11-22,2.5460000000
2021-11-23,2.6120000000
2021-11-24,2.4720000000
2021-11-25,2.3770000000
2021-11-26,2.6110000000
2021-11-29,4.6460000000
2021-11-30,4.6050000000
2021-12-01,2.6010000000
2021-12-02,2.2630000000
2021-12-03,2.2750000000
2021-12-06,2.2520000000
2021-12-07,2.4310000000
2021-12-08,2.5980000000
2021-12-09,2.3990000000
2021-12-10,2.3920000000
2021-12-13,2.5240000000
2021-12-14,2.5430000000
2021-12-15,2.5450000000
2021-12-16,2.5680000000
2021-12-17,2.5360000000
2021-12-20,2.6330000000
2021-12-21,2.2990000000
2021-12-22,2.1710000000
2021-12-23,2.2580000000
2021-12-24,3.0240000000
2021-12-27,3.3900000000
2021-12-28,3.4820000000
2021-12-29,4.6530000000
2021-12-30,5.0460000000
2021-12-31,5.0480000000
2022-01-04,3.6850000000
2022-01-05,2.6820000000
2022-01-06,2.1040000000
2022-01-07,2.0070000000
2022-01-10,1.9530000000
2022-01-11,2.0530000000
2022-01-12,2.1160000000
2022-01-13,2.3870000000
2022-01-14,2.4560000000
2022-01-17,2.3280000000
2022-01-18,2.2800000000
2022-01-19,2.3160000000
2022-01-20,2.3780000000
2022-01-21,2.5610000000
2022-01-24,2.5260000000
2022-01-25,2.6680000000
2022-01-26,2.9180000000
2022-01-27,2.7300000000
2022-01-28,2.5600000000
2022-02-07,2.5950000000
2022-02-08,2.1860000000
2022-02-09,1.9390000000
2022-02-10,1.8370000000
2022-02-11,1.9340000000
2022-02-14,1.9830000000
2022-02-15,1.9590000000
2022-02-16,1.9890000000
2022-02-17,1.9790000000
2022-02-18,2.0700000000
2022-02-21,2.1650000000
2022-02-22,2.2120000000
2022-02-23,2.3140000000
2022-02-24,2.5630000000
2022-02-25,3.1970000000
2022-02-28,2.8580000000
2022-03-01,2.3700000000
2022-03-02,2.1970000000
2022-03-03,1.9790000000
2022-03-04,1.9390000000
2022-03-07,1.9990000000
2022-03-08,2.0000000000
2022-03-09,2.0890000000
2022-03-10,2.1060000000
2022-03-11,2.1690000000
2022-03-14,2.2870000000
2022-03-15,2.2220000000
2022-03-16,2.2130000000
2022-03-17,2.1260000000
2022-03-18,2.1360000000
2022-03-21,2.1900000000
2022-03-22,2.1690000000
2022-03-23,2.2200000000
2022-03-24,2.2580000000
2022-03-25,2.3480000000
2022-03-28,2.7400000000
2022-03-29,3.5290000000
2022-03-30,5.3020000000
2022-03-31,2.8810000000
2022-04-01,2.3690000000
2022-04-06,2.2810000000
2022-04-07,1.9930000000
2022-04-08,1.9400000000
2022-04-11,1.8910000000
2022-04-12,1.8360000000
2022-04-13,1.8210000000
2022-04-14,1.7820000000
2022-04-15,1.7460000000
2022-04-18,1.7750000000
2022-04-19,1.7020000000
2022-04-20,1.6410000000
2022-04-21,1.6030000000
2022-04-22,1.6770000000
2022-04-25,1.7190000000
2022-04-26,1.7420000000
2022-04-27,1.9030000000
2022-04-28,1.8770000000
2022-04-29,1.8530000000
2022-05-05,1.8420000000
2022-05-06,1.8600000000
2022-05-09,1.7160000000
2022-05-10,1.5980000000
2022-05-11,1.5830000000
2022-05-12,1.5340000000
2022-05-13,1.6090000000
2022-05-16,1.6900000000
2022-05-17,1.6640000000
2022-05-18,1.6600000000
2022-05-19,1.6370000000
2022-05-20,1.7260000000
2022-05-23,1.7310000000
2022-05-24,1.7070000000
2022-05-25,1.6840000000
2022-05-26,1.6290000000
2022-05-27,1.7200000000
2022-05-30,2.1110000000
2022-05-31,1.8520000000
2022-06-01,1.7200000000
2022-06-02,1.7300000000
2022-06-06,1.7710000000
2022-06-07,1.7680000000
2022-06-08,1.7360000000
2022-06-09,1.6120000000
2022-06-10,1.6440000000
2022-06-13,1.6540000000
2022-06-14,1.6560000000
2022-06-15,1.7300000000
2022-06-16,1.7150000000
2022-06-17,1.7750000000
2022-06-20,1.7830000000
2022-06-21,1.7920000000
2022-06-22,1.7910000000
2022-06-23,1.7810000000
2022-06-24,1.8860000000
2022-06-27,2.1490000000
2022-06-28,2.5880000000
2022-06-29,5.3400000000
2022-06-30,3.7510000000
2022-07-01,2.3530000000
2022-07-04,2.0760000000
2022-07-05,1.9080000000
2022-07-06,1.7310000000
2022-07-07,1.6240000000
2022-07-08,1.6250000000
2022-07-11,1.6100000000
2022-07-12,1.5910000000
2022-07-13,1.5800000000
2022-07-14,1.4920000000
2022-07-15,1.5250000000
2022-07-18,1.6060000000
2022-07-19,1.6370000000
2022-07-20,1.6500000000
2022-07-21,1.5970000000
2022-07-22,1.6350000000
2022-07-25,1.6260000000
2022-07-26,1.5490000000
2022-07-27,1.5700000000
2022-07-28,1.7950000000
2022-07-29,1.7770000000
2022-08-01,1.6590000000
2022-08-02,1.6530000000
2022-08-03,1.6080000000
2022-08-04,1.5180000000
2022-08-05,1.5530000000
2022-08-08,1.5270000000
2022-08-09,1.5260000000
2022-08-10,1.5550000000
2022-08-11,1.5140000000
2022-08-12,1.4850000000
2022-08-15,1.4750000000
2022-08-16,1.5400000000
2022-08-17,1.6670000000
2022-08-18,1.5920000000
2022-08-19,1.5990000000
2022-08-22,1.6160000000
2022-08-23,1.6250000000
2022-08-24,1.6320000000
2022-08-25,1.6000000000
2022-08-26,1.6690000000
2022-08-29,1.7120000000
2022-08-30,1.9200000000
2022-08-31,1.8150000000
2022-09-01,1.6940000000
2022-09-02,1.6860000000
2022-09-05,1.6110000000
2022-09-06,1.6040000000
2022-09-07,1.5920000000
2022-09-08,1.5600000000
2022-09-09,1.6090000000
2022-09-13,1.6240000000
2022-09-14,1.6280000000
2022-09-15,1.5980000000
2022-09-16,1.7170000000
2022-09-19,1.7550000000
2022-09-20,1.7540000000
2022-09-21,1.7320000000
2022-09-22,1.7330000000
2022-09-23,1.8350000000
2022-09-26,2.1380000000
2022-09-27,2.5990000000
2022-09-28,2.6140000000
2022-09-29,3.3330000000
2022-09-30,3.3390000000
2022-10-10,2.1390000000
2022-10-11,1.8830000000
2022-10-12,1.6900000000
2022-10-13,1.5570000000
2022-10-14,1.6120000000
2022-10-17,1.6270000000
2022-10-18,1.5980000000
2022-10-19,1.5750000000
2022-10-20,1.5420000000
2022-10-21,1.6380000000
2022-10-24,1.7770000000
2022-10-25,2.5860000000
2022-10-26,2.2160000000
2022-10-27,1.9660000000
2022-10-28,2.0910000000
2022-10-31,2.1660000000
2022-11-01,2.0820000000
2022-11-02,1.7860000000
2022-11-03,1.6140000000
2022-11-04,1.7080000000
2022-11-07,1.8040000000
2022-11-08,1.9600000000
2022-11-09,1.8460000000
2022-11-10,1.7960000000
2022-11-11,1.8630000000
2022-11-14,1.9970000000
2022-11-15,2.1620000000
2022-11-16,2.2070000000
2022-11-17,2.0280000000
2022-11-18,1.9630000000
2022-11-21,1.9480000000
2022-11-22,1.8590000000
2022-11-23,1.7830000000
2022-11-24,1.7660000000
2022-11-25,1.9150000000
2022-11-28,2.0420000000
2022-11-29,3.4390000000
2022-11-30,2.9620000000
2022-12-01,1.9640000000
2022-12-02,1.8580000000
2022-12-05,1.8060000000
2022-12-06,1.8220000000
2022-12-07,1.8250000000
2022-12-08,1.8030000000
2022-12-09,1.8630000000
2022-12-12,1.9870000000
2022-12-13,2.0490000000
2022-12-14,2.1320000000
2022-12-15,2.0300000000
2022-12-16,2.1370000000
2022-12-19,2.2630000000
2022-12-20,2.2510000000
2022-12-21,2.1890000000
2022-12-22,2.0750000000
2022-12-23,2.9490000000
2022-12-26,3.9170000000
2022-12-27,3.8310000000
2022-12-28,4.6370000000
2022-12-29,5.1160000000
2022-12-30,4.2030000000
2023-01-03,2.6860000000
2023-01-04,2.3220000000
2023-01-05,2.0490000000
2023-01-06,2.0870000000
2023-01-09,2.1110000000
2023-01-10,2.2810000000
2023-01-11,2.3700000000
2023-01-12,2.1740000000
2023-01-13,2.2590000000
2023-01-16,2.6440000000
2023-01-17,3.2330000000
2023-01-18,3.1400000000
2023-01-19,2.4800000000
2023-01-20,2.9130000000
2023-01-30,2.8280000000
2023-01-31,2.6920000000
2023-02-01,2.2730000000
2023-02-02,1.9730000000
2023-02-03,1.9150000000
2023-02-06,2.1660000000
2023-02-07,2.7180000000
2023-02-08,2.7500000000
2023-02-09,2.3360000000
2023-02-10,2.1060000000
2023-02-13,2.0990000000
2023-02-14,2.0740000000
2023-02-15,2.1460000000
2023-02-16,2.2930000000
2023-02-17,2.9850000000
2023-02-20,2.5670000000
2023-02-21,2.3830000000
2023-02-22,2.1980000000
2023-02-23,2.1510000000
2023-02-24,2.5040000000
2023-02-27,4.6010000000
2023-02-28,4.3960000000
2023-03-01,2.4010000000
2023-03-02,2.0180000000
2023-03-03,1.8990000000
2023-03-06,1.8500000000
2023-03-07,1.8490000000
2023-03-08,1.8960000000
2023-03-09,1.8540000000
2023-03-10,2.0790000000
2023-03-13,2.1610000000
2023-03-14,2.2610000000
2023-03-15,2.4340000000
2023-03-16,2.4620000000
2023-03-17,2.4540000000
2023-03-20,2.4150000000
2023-03-21,2.5190000000
2023-03-22,2.3490000000
2023-03-23,2.1320000000
2023-03-24,2.4720000000
2023-03-27,2.8820000000
2023-03-28,3.0430000000
2023-03-29,4.4460000000
2023-03-30,5.4740000000
2023-03-31,6.9100000000
2023-04-03,3.8600000000
2023-04-04,2.7230000000
2023-04-06,2.2110000000
2023-04-07,2.1960000000
2023-04-10,2.1250000000
2023-04-11,2.0340000000
2023-04-12,1.9280000000
2023-04-13,1.7960000000
2023-04-14,2.0990000000
2023-04-17,2.1190000000
2023-04-18,2.0190000000
2023-04-19,2.0690000000
2023-04-20,2.2620000000
2023-04-21,2.7240000000
2023-04-24,2.2390000000
2023-04-25,2.0270000000
2023-04-26,2.0330000000
2023-04-27,2.2400000000
2023-04-28,2.2600000000
2023-05-04,2.1120000000
2023-05-05,2.1090000000
2023-05-08,1.9790000000
2023-05-09,1.8650000000
2023-05-10,1.7360000000
2023-05-11,1.7060000000
2023-05-12,1.8760000000
2023-05-15,1.9700000000
2023-05-16,1.9760000000
2023-05-17,1.9190000000
2023-05-18,1.8510000000
2023-05-19,1.8970000000
2023-05-22,1.8630000000
2023-05-23,1.8520000000
2023-05-24,1.9130000000
2023-05-25,1.9750000000
2023-05-26,2.0870000000
2023-05-29,2.0460000000
2023-05-30,2.3640000000
2023-05-31,2.0910000000
2023-06-01,1.9670000000
2023-06-02,1.9980000000
2023-06-05,1.9310000000
2023-06-06,1.8950000000
2023-06-07,1.8580000000
2023-06-08,1.8800000000
2023-06-09,1.9740000000
2023-06-12,1.9770000000
2023-06-13,2.0110000000
2023-06-14,1.9180000000
2023-06-15,1.9110000000
2023-06-16,2.1720000000
2023-06-19,2.3440000000
2023-06-20,2.1860000000
2023-06-21,2.2300000000
2023-06-26,2.2710000000
2023-06-27,2.4510000000
2023-06-28,3.6910000000
2023-06-29,6.0910000000
2023-06-30,4.1600000000
2023-07-03,2.7470000000
2023-07-04,2.2340000000
2023-07-05,1.9190000000
2023-07-06,1.7690000000
2023-07-07,1.7870000000
2023-07-10,1.8440000000
2023-07-11,1.8670000000
2023-07-12,1.8630000000
2023-07-13,1.8210000000
2023-07-14,1.8650000000
2023-07-17,1.8250000000
2023-07-18,1.8020000000
2023-07-19,1.8270000000
2023-07-20,1.8140000000
2023-07-21,1.8880000000
2023-07-24,1.9030000000
2023-07-25,2.0030000000
2023-07-26,1.9280000000
2023-07-27,1.8410000000
2023-07-28,2.2390000000
2023-07-31,2.0480000000
2023-08-01,1.8480000000
2023-08-02,1.7590000000
2023-08-03,1.6370000000
2023-08-04,1.6880000000
2023-08-07,1.7470000000
2023-08-08,1.7550000000
2023-08-09,1.7460000000
2023-08-10,1.6720000000
2023-08-11,1.7190000000
2023-08-14,1.8460000000
2023-08-15,1.9310000000
2023-08-16,1.9970000000
2023-08-17,1.9480000000
2023-08-18,1.9720000000
2023-08-21,1.9760000000
2023-08-22,1.9630000000
2023-08-23,1.9490000000
2023-08-24,1.8750000000
2023-08-25,2.0190000000
2023-08-28,2.2000000000
2023-08-29,2.4290000000
2023-08-30,3.9370000000
2023-08-31,2.2310000000
2023-09-01,1.9360000000
2023-09-04,1.8590000000
2023-09-05,1.7900000000
2023-09-06,1.8810000000
2023-09-07,1.9930000000
2023-09-08,2.0700000000
2023-09-11,2.0320000000
2023-09-12,1.9490000000
2023-09-13,1.8830000000
2023-09-14,1.9120000000
2023-09-15,1.9320000000
2023-09-18,2.0600000000
2023-09-19,2.1310000000
2023-09-20,2.1360000000
2023-09-21,2.1020000000
2023-09-22,2.1980000000
2023-09-25,2.5460000000
2023-09-26,3.8010000000
2023-09-27,4.9290000000
2023-09-28,3.9170000000
2023-10-09,2.7650000000
2023-10-10,2.2850000000
2023-10-11,2.0790000000
2023-10-12,1.9620000000
2023-10-13,1.9990000000
2023-10-16,2.0190000000
2023-10-17,1.9960000000
2023-10-18,2.0340000000
2023-10-19,2.8100000000
2023-10-20,2.9790000000
2023-10-23,2.6840000000
2023-10-24,3.0150000000
2023-10-25,2.3140000000
2023-10-26,1.9550000000
2023-10-27,2.1070000000
2023-10-30,3.3750000000
2023-10-31,3.0690000000
2023-11-01,2.5270000000
2023-11-02,1.8400000000
2023-11-03,1.8560000000
2023-11-06,1.9140000000
2023-11-07,1.8960000000
2023-11-08,1.9260000000
2023-11-09,1.9180000000
2023-11-10,1.9580000000
2023-11-13,2.0490000000
2023-11-14,2.1700000000
2023-11-15,2.2220000000
2023-11-16,2.4090000000
2023-11-17,2.3910000000
2023-11-20,2.3400000000
2023-11-21,2.3140000000
2023-11-22,2.4180000000
2023-11-23,2.4660000000
2023-11-24,2.4920000000
2023-11-27,2.5700000000
2023-11-28,2.6590000000
2023-11-29,6.2440000000
2023-11-30,3.0390000000
2023-12-01,2.7020000000
2023-12-04,2.4590000000
2023-12-05,2.2250000000
2023-12-06,2.1730000000
2023-12-07,2.2560000000
2023-12-08,2.4880000000
2023-12-11,2.5310000000
2023-12-12,2.3540000000
2023-12-13,2.2060000000
2023-12-14,2.1440000000
2023-12-15,2.1920000000
2023-12-18,2.3800000000
2023-12-19,2.4380000000
2023-12-20,2.3210000000
2023-12-21,2.2320000000
2023-12-22,2.4860000000
2023-12-25,2.5710000000
2023-12-26,2.7580000000
2023-12-27,3.3330000000
2023-12-28,4.1370000000
2023-12-29,2.7780000000
2024-01-02,2.5770000000
2024-01-03,2.5830000000
2024-01-04,2.4540000000
2024-01-05,2.2880000000
2024-01-08,2.3060000000
2024-01-09,2.2600000000
2024-01-10,2.2110000000
2024-01-11,2.1600000000
2024-01-12,2.2390000000
2024-01-15,2.2630000000
2024-01-16,2.5070000000
2024-01-17,2.5590000000
2024-01-18,2.2580000000
2024-01-19,2.1180000000
2024-01-22,2.1250000000
2024-01-23,2.1280000000
2024-01-24,2.4210000000
2024-01-25,2.6350000000
2024-01-26,2.5000000000
2024-01-29,2.3250000000
2024-01-30,2.7010000000
2024-01-31,2.3800000000
2024-02-01,2.2770000000
2024-02-02,2.3270000000
2024-02-05,2.2830000000
2024-02-06,2.2890000000
2024-02-07,2.0600000000
2024-02-08,2.2570000000
2024-02-19,2.0450000000
2024-02-20,1.9350000000
2024-02-21,1.9410000000
2024-02-22,1.9250000000
2024-02-23,2.0170000000
2024-02-26,2.0340000000
2024-02-27,2.0460000000
2024-02-28,2.3750000000
2024-02-29,2.0030000000
2024-03-01,1.9800000000
2024-03-04,1.9860000000
2024-03-05,2.0080000000
2024-03-06,1.9710000000
2024-03-07,1.9290000000
2024-03-08,1.9440000000
2024-03-11,1.9110000000
2024-03-12,1.9000000000
2024-03-13,2.0110000000
2024-03-14,1.9660000000
2024-03-15,1.9300000000
2024-03-18,1.9390000000
2024-03-19,1.9430000000
2024-03-20,2.0430000000
2024-03-21,2.0890000000
2024-03-22,2.0370000000
2024-03-25,2.1150000000
2024-03-26,2.1780000000
2024-03-27,2.7170000000
2024-03-28,4.5590000000
2024-03-29,2.9120000000
2024-04-01,2.2620000000
2024-04-02,1.9230000000
2024-04-03,1.9350000000
2024-04-08,1.9170000000
2024-04-09,1.8800000000
2024-04-10,1.8600000000
2024-04-11,1.7860000000
2024-04-12,1.8170000000
2024-04-15,1.8080000000
2024-04-16,1.8130000000
2024-04-17,1.7970000000
2024-04-18,1.7920000000
2024-04-19,1.8270000000
2024-04-22,1.8680000000
2024-04-23,1.8730000000
2024-04-24,1.8610000000
2024-04-25,1.8140000000
2024-04-26,1.9570000000
2024-04-29,1.9540000000
2024-04-30,1.9020000000
2024-05-06,1.9230000000
2024-05-07,1.8480000000
2024-05-08,1.8130000000
2024-05-09,1.7420000000
2024-05-10,1.7670000000
2024-05-13,1.7930000000
2024-05-14,1.7830000000
2024-05-15,1.7530000000
2024-05-16,1.7030000000
2024-05-17,1.7580000000
2024-05-20,1.7700000000
2024-05-21,1.8350000000
2024-05-22,1.8060000000
2024-05-23,1.7110000000
2024-05-24,1.7600000000
2024-05-27,1.8060000000
2024-05-28,1.8200000000
2024-05-29,1.8940000000
2024-05-30,1.8800000000
2024-05-31,1.8290000000
2024-06-03,1.8330000000
2024-06-04,1.8140000000
2024-06-05,1.8000000000
2024-06-06,1.7830000000
2024-06-07,1.8340000000
2024-06-11,1.8250000000
2024-06-12,1.8180000000
2024-06-13,1.8120000000
2024-06-14,1.8340000000
2024-06-17,1.8440000000
2024-06-18,1.8480000000
2024-06-19,1.8340000000
2024-06-20,1.8690000000
2024-06-21,1.9380000000
2024-06-24,1.9340000000
2024-06-25,1.9820000000
2024-06-26,2.1390000000
2024-06-27,2.6400000000
2024-06-28,2.4450000000
2024-07-01,1.9280000000
2024-07-02,1.8750000000
2024-07-03,1.8490000000
2024-07-04,1.8170000000
2024-07-05,1.8570000000
2024-07-08,1.8570000000
2024-07-09,1.8240000000
2024-07-10,1.7670000000
2024-07-11,1.7330000000
2024-07-12,1.7890000000
2024-07-15,1.8510000000
2024-07-16,1.9110000000
2024-07-17,1.8710000000
2024-07-18,1.8430000000
2024-07-19,1.8640000000
2024-07-22,1.8420000000
2024-07-23,1.8550000000
2024-07-24,1.8620000000
2024-07-25,1.8590000000
2024-07-26,1.8910000000
2024-07-29,1.9500000000
2024-07-30,2.0350000000
2024-07-31,1.9850000000
2024-08-01,1.8330000000
2024-08-02,1.8240000000
2024-08-05,1.8200000000
2024-08-06,1.8210000000
2024-08-07,1.8250000000
2024-08-08,1.8390000000
2024-08-09,1.8930000000
2024-08-12,1.9220000000
2024-08-13,1.8980000000
2024-08-14,1.9030000000
2024-08-15,1.8510000000
2024-08-16,1.8430000000
2024-08-19,1.8300000000
2024-08-20,1.8710000000
2024-08-21,1.8870000000
2024-08-22,1.8710000000
2024-08-23,1.9160000000
2024-08-26,1.9160000000
2024-08-27,1.8720000000
2024-08-28,1.8550000000
2024-08-29,1.9290000000
2024-08-30,1.8960000000
2024-09-02,1.8450000000
2024-09-03,1.8670000000
2024-09-04,1.8830000000
2024-09-05,1.8620000000
2024-09-06,1.9270000000
2024-09-09,1.9320000000
2024-09-10,1.9590000000
2024-09-11,1.9010000000
2024-09-12,1.8800000000
2024-09-13,1.9400000000
2024-09-18,1.9930000000
2024-09-19,2.0940000000
2024-09-20,1.9970000000
2024-09-23,1.9810000000
2024-09-24,1.9700000000
2024-09-25,2.0270000000
2024-09-26,2.2560000000
2024-09-27,2.6170000000
2024-09-30,2.9260000000
2024-10-08,2.7130000000
2024-10-09,2.1730000000
2024-10-10,1.7770000000
2024-10-11,1.7440000000
2024-10-14,1.7360000000
2024-10-15,1.7200000000
2024-10-16,1.7540000000
2024-10-17,1.7350000000
2024-10-18,1.8660000000
2024-10-21,1.8460000000
2024-10-22,1.8380000000
2024-10-23,1.8460000000
2024-10-24,1.7030000000
2024-10-25,1.7150000000
2024-10-28,1.7350000000
2024-10-29,1.8290000000
2024-10-30,1.9120000000
2024-10-31,1.6140000000
2024-11-01,1.6170000000
2024-11-04,1.6480000000
2024-11-05,1.6920000000
2024-11-06,1.7420000000
2024-11-07,1.7430000000
2024-11-08,1.9190000000
2024-11-11,1.8950000000
2024-11-12,1.7520000000
2024-11-13,1.6780000000
2024-11-14,1.6040000000
2024-11-15,1.7100000000
2024-11-18,1.8480000000
2024-11-19,1.8620000000
2024-11-20,1.7020000000
2024-11-21,1.5570000000
2024-11-22,1.6850000000
2024-11-25,1.7310000000
2024-11-26,1.8010000000
2024-11-27,1.8420000000
2024-11-28,1.6890000000
2024-11-29,1.7170000000
2024-12-02,1.7150000000
2024-12-03,1.7300000000
2024-12-04,1.7370000000
2024-12-05,1.7160000000
2024-12-06,1.8210000000
2024-12-09,1.8640000000
2024-12-10,2.1030000000
2024-12-11,1.9450000000
2024-12-12,1.7710000000
2024-12-13,1.7930000000
2024-12-16,1.8990000000
2024-12-17,2.0310000000
2024-12-18,1.9260000000
2024-12-19,1.6120000000
2024-12-20,1.6450000000
2024-12-23,1.6400000000
2024-12-24,1.8700000000
2024-12-25,1.9920000000
2024-12-26,1.8050000000
2024-12-27,1.9770000000
2024-12-30,2.5470000000
2024-12-31,2.0420000000
2025-01-02,1.8700000000
2025-01-03,1.7970000000
2025-01-06,1.5870000000
2025-01-07,1.5160000000
2025-01-08,1.4880000000
2025-01-09,1.4600000000
2025-01-10,1.7060000000
2025-01-13,2.0320000000
2025-01-14,2.6240000000
2025-01-15,2.3540000000
2025-01-16,2.9210000000
2025-01-17,3.4950000000
2025-01-20,3.4440000000
2025-01-21,2.3490000000
2025-01-22,2.0000000000
2025-01-23,2.6810000000
2025-01-24,2.7000000000
2025-01-27,2.7320000000
2025-02-05,2.1850000000
2025-02-06,1.7060000000
2025-02-07,1.7290000000
2025-02-10,1.7720000000
2025-02-11,1.7620000000
2025-02-12,1.7500000000
2025-02-13,1.7180000000
2025-02-14,1.9720000000
2025-02-17,2.1140000000
2025-02-18,2.1770000000
2025-02-19,2.0170000000
2025-02-20,2.0570000000
2025-02-21,2.3760000000
2025-02-24,2.3030000000
2025-02-25,2.1460000000
2025-02-26,2.2270000000
2025-02-27,2.0000000000
2025-02-28,2.3220000000
2025-03-03,1.8330000000
2025-03-04,1.6210000000
2025-03-05,1.4970000000
2025-03-06,1.4570000000
2025-03-07,1.7000000000
2025-03-10,1.6770000000
2025-03-11,1.6260000000
2025-03-12,1.6330000000
2025-03-13,1.6310000000
2025-03-14,1.8680000000
2025-03-17,1.8970000000
2025-03-18,2.1740000000
2025-03-19,2.2670000000
2025-03-20,1.6370000000
2025-03-21,1.8350000000
2025-03-24,1.8340000000
2025-03-25,1.8830000000
2025-03-26,1.8940000000
2025-03-27,1.9190000000
2025-03-28,3.2060000000
2025-03-31,2.9560000000
2025-04-01,1.8680000000
2025-04-02,1.5840000000
2025-04-03,1.6360000000
2025-04-07,1.8710000000
2025-04-08,1.8730000000
2025-04-09,1.7360000000
2025-04-10,1.5280000000
2025-04-11,1.5730000000
2025-04-14,1.5320000000
2025-04-15,1.5000000000
2025-04-16,1.5550000000
2025-04-17,1.5500000000
2025-04-18,1.6930000000
2025-04-21,1.6990000000
2025-04-22,1.6290000000
2025-04-23,1.6210000000
2025-04-24,1.5310000000
2025-04-25,1.6550000000
2025-04-28,1.8510000000
2025-04-29,1.7260000000
2025-04-30,1.7120000000
2025-05-06,1.7350000000
2025-05-07,1.6180000000
2025-05-08,1.4790000000
2025-05-09,1.4880000000
2025-05-12,1.4600000000
2025-05-13,1.4490000000
2025-05-14,1.4770000000
2025-05-15,1.4130000000
2025-05-16,1.5610000000
2025-05-19,1.5140000000
2025-05-20,1.5250000000
2025-05-21,1.5320000000
2025-05-22,1.5040000000
2025-05-23,1.6700000000
2025-05-26,1.6510000000
2025-05-27,1.7350000000
2025-05-28,1.7930000000
2025-05-29,1.5860000000
2025-05-30,1.6150000000
2025-06-03,1.5330000000
2025-06-04,1.5080000000
2025-06-05,1.4360000000
2025-06-06,1.4660000000
2025-06-09,1.4540000000
2025-06-10,1.5040000000
2025-06-11,1.5270000000
2025-06-12,1.5000000000
2025-06-13,1.5830000000
2025-06-16,1.5490000000
2025-06-17,1.6530000000
2025-06-18,1.6470000000
2025-06-19,1.4110000000
2025-06-20,1.4950000000
2025-06-23,1.5640000000
2025-06-24,1.6070000000
2025-06-25,1.7600000000
2025-06-26,1.8040000000
2025-06-27,3.5050000000
2025-06-30,2.4940000000
2025-07-01,1.5400000000
2025-07-02,1.4200000000
2025-07-03,1.2590000000
2025-07-04,1.4330000000
2025-07-07,1.4880000000
2025-07-08,1.4960000000
2025-07-09,1.4640000000
2025-07-10,1.2830000000
2025-07-11,1.4030000000
2025-07-14,1.4890000000
2025-07-15,1.5090000000
2025-07-16,1.5010000000
2025-07-17,1.2780000000
2025-07-18,1.3830000000
2025-07-21,1.3890000000
2025-07-22,1.5530000000
2025-07-23,1.5750000000
2025-07-24,1.3200000000
2025-07-25,1.4130000000
2025-07-28,1.3920000000
2025-07-29,1.6640000000
2025-07-30,1.8370000000
2025-07-31,1.2390000000
2025-08-01,1.3420000000
2025-08-04,1.3430000000
2025-08-05,1.5060000000
2025-08-06,1.5080000000
2025-08-07,1.1910000000
2025-08-08,1.2680000000
2025-08-11,1.4840000000
2025-08-12,1.4910000000
2025-08-13,1.4590000000
2025-08-14,1.3220000000
2025-08-15,1.2980000000
2025-08-18,1.3330000000
2025-08-19,1.6310000000
2025-08-20,1.6670000000
2025-08-21,1.1200000000
2025-08-22,1.2540000000
2025-08-25,1.2290000000
2025-08-26,1.4910000000
2025-08-27,1.5330000000
2025-08-28,1.1630000000
2025-08-29,1.2290000000
2025-09-01,1.1460000000
2025-09-02,1.1550000000
2025-09-03,1.1190000000
2025-09-04,1.0470000000
2025-09-05,1.3860000000
2025-09-08,1.3590000000
2025-09-09,1.5780000000
2025-09-10,1.5580000000
2025-09-11,1.1350000000
2025-09-12,1.3520000000
2025-09-15,1.3730000000
2025-09-16,1.6780000000
2025-09-17,1.6670000000
2025-09-18,1.2730000000
2025-09-19,1.4110000000
2025-09-22,1.6150000000
2025-09-23,1.6410000000
2025-09-24,1.6910000000
2025-09-25,1.5730000000
2025-09-26,1.4660000000
2025-09-29,1.5310000000
2025-09-30,1.5950000000
2025-10-09,1.5020000000
2025-10-10,1.4950000000
2025-10-13,1.4160000000
2025-10-14,1.3450000000
2025-10-15,1.5330000000
2025-10-16,1.3930000000
2025-10-17,1.3040000000
2025-10-20,1.2570000000
2025-10-21,1.2000000000
2025-10-22,1.4750000000
2025-10-23,1.4330000000
2025-10-24,1.4060000000
2025-10-27,1.4360000000
2025-10-28,1.6610000000
2025-10-29,1.6150000000
2025-10-30,1.3180000000
2025-10-31,1.3620000000
2025-11-03,1.5260000000
2025-11-04,1.5050000000
2025-11-05,1.4620000000
2025-11-06,1.3560000000
2025-11-07,1.2770000000
2025-11-10,1.2840000000
2025-11-11,1.6090000000
2025-11-12,1.5470000000
2025-11-13,1.1160000000
2025-11-14,1.2770000000
2025-11-17,1.3880000000
2025-11-18,1.6690000000
2025-11-19,1.6130000000
2025-11-20,1.1430000000
2025-11-21,1.4340000000
2025-11-24,1.4380000000
2025-11-25,1.4350000000
2025-11-26,1.4460000000
2025-11-27,1.3930000000
2025-11-28,1.5190000000
2025-12-01,1.4640000000
2025-12-02,1.4320000000
2025-12-03,1.4070000000
2025-12-04,1.2700000000
2025-12-05,1.4360000000
2025-12-08,1.4440000000
2025-12-09,1.4390000000
2025-12-10,1.4230000000
2025-12-11,1.2890000000
2025-12-12,1.5320000000
2025-12-15,1.5100000000
2025-12-16,1.6710000000
2025-12-17,1.6270000000
2025-12-18,1.2710000000
2025-12-19,1.4790000000
2025-12-22,1.5150000000
2025-12-23,1.8130000000
2025-12-24,1.8270000000
2025-12-25,1.4120000000
2025-12-26,1.6900000000
2025-12-29,1.8730000000
2025-12-30,2.1360000000
2025-12-31,1.9800000000
2026-01-05,1.5070000000
2026-01-06,1.7120000000
2026-01-07,1.6470000000
2026-01-08,1.2370000000
2026-01-09,1.3850000000
2026-01-12,1.6320000000
2026-01-13,1.5610000000
2026-01-14,1.5720000000
2026-01-15,1.4000000000
2026-01-16,1.3310000000
2026-01-19,1.5790000000
2026-01-20,1.5730000000
2026-01-21,1.5720000000
2026-01-22,1.5130000000
2026-01-23,1.3750000000
2026-01-26,1.4210000000
2026-01-27,1.4020000000
2026-01-28,1.4720000000
2026-01-29,1.5610000000
2026-01-30,1.6290000000
2026-02-02,1.7290000000
2026-02-03,1.6480000000
2026-02-04,1.5550000000
2026-02-05,1.4580000000
2026-02-06,1.3820000000
2026-02-09,1.6180000000
2026-02-10,1.6460000000
2026-02-11,1.5910000000
2026-02-12,1.4000000000
2026-02-13,1.5200000000
2026-02-24,1.6700000000
2026-02-25,1.5980000000
2026-02-26,1.5640000000
2026-02-27,1.5910000000
2026-03-02,1.2500000000
2026-03-03,1.2490000000
2026-03-04,1.2550000000
2026-03-05,1.2050000000
2026-03-06,1.3620000000
2026-03-09,1.5610000000
2026-03-10,1.5040000000
2026-03-11,1.5350000000
2026-03-12,1.4720000000
2026-03-13,1.2920000000
2026-03-16,1.5300000000
2026-03-17,1.4980000000
2026-03-18,1.4310000000
2026-03-19,1.3410000000
2026-03-20,1.2140000000
2026-03-23,1.5020000000
2026-03-24,1.4840000000
2026-03-25,1.4850000000
2026-03-26,1.4210000000
2026-03-27,1.2760000000
2026-03-30,1.5700000000
2026-03-31,1.3970000000
2026-04-01,1.3190000000
2026-04-02,1.1860000000
2026-04-03,1.0820000000
2026-04-07,1.3650000000
2026-04-08,1.3940000000
2026-04-09,1.3680000000
2026-04-10,1.4020000000
2026-04-13,1.3560000000
2026-04-14,1.3520000000
2026-04-15,1.3560000000
2026-04-16,1.3160000000
2026-04-17,1.1200000000
2026-04-20,1.3790000000
2026-04-21,1.3740000000
2026-04-22,1.3810000000
2026-04-23,1.2880000000
2026-04-24,1.0330000000
2026-04-27,1.3710000000
2026-04-28,1.3670000000
2026-04-29,0.9110000000
2026-04-30,1.1210000000
2026-05-06,1.4320000000
2026-05-07,1.3580000000
2026-05-08,1.0870000000
2026-05-11,1.0050000000
2026-05-12,0.9430000000
2026-05-13,1.3540000000
2026-05-14,1.3290000000
2026-05-15,1.0890000000
2026-05-18,1.4060000000
2026-05-19,1.3650000000
2026-05-20,1.3800000000
2026-05-21,1.3420000000
2026-05-22,1.0300000000
2026-05-25,1.3760000000
2026-05-26,1.3440000000
2026-05-27,1.3530000000
2026-05-28,1.3240000000
2026-05-29,1.0840000000
