日期,PrevClosePrice,ClosePrice
2019-01-18,1.0010000000,1.0030000000
2019-01-21,1.0030000000,1.0030000000
2019-01-22,1.0030000000,1.0000000000
2019-01-23,1.0000000000,1.0030000000
2019-01-24,1.0030000000,1.0060000000
2019-01-25,1.0060000000,1.0110000000
2019-01-28,1.0110000000,1.0120000000
2019-01-29,1.0120000000,1.0160000000
2019-01-30,1.0160000000,1.0150000000
2019-01-31,1.0150000000,1.0170000000
2019-02-01,1.0170000000,1.0260000000
2019-02-11,1.0260000000,1.0380000000
2019-02-12,1.0380000000,1.0410000000
2019-02-13,1.0410000000,1.0520000000
2019-02-14,1.0520000000,1.0510000000
2019-02-15,1.0510000000,1.0320000000
2019-02-18,1.0320000000,1.0530000000
2019-02-19,1.0530000000,1.0510000000
2019-02-20,1.0510000000,1.0540000000
2019-02-21,1.0540000000,1.0460000000
2019-02-22,1.0460000000,1.0550000000
2019-02-25,1.0550000000,1.0990000000
2019-02-26,1.0990000000,1.0890000000
2019-02-27,1.0890000000,1.0910000000
2019-02-28,1.0910000000,1.0870000000
2019-03-01,1.0870000000,1.1000000000
2019-03-04,1.1000000000,1.1150000000
2019-03-05,1.1150000000,1.1270000000
2019-03-06,1.1270000000,1.1350000000
2019-03-07,1.1350000000,1.1300000000
2019-03-08,1.1300000000,1.0880000000
2019-03-11,1.0880000000,1.0950000000
2019-03-12,1.0950000000,1.1130000000
2019-03-13,1.1130000000,1.1100000000
2019-03-14,1.1100000000,1.0970000000
2019-03-15,1.0970000000,1.1170000000
2019-03-18,1.1170000000,1.1520000000
2019-03-19,1.1520000000,1.1500000000
2019-03-20,1.1500000000,1.1530000000
2019-03-21,1.1530000000,1.1510000000
2019-03-22,1.1510000000,1.1570000000
2019-03-25,1.1570000000,1.1490000000
2019-03-26,1.1490000000,1.1330000000
2019-03-27,1.1330000000,1.1460000000
2019-03-28,1.1460000000,1.1400000000
2019-03-29,1.1400000000,1.1700000000
2019-04-01,1.1700000000,1.1920000000
2019-04-02,1.1920000000,1.1920000000
2019-04-03,1.1920000000,1.2050000000
2019-04-04,1.2050000000,1.2230000000
2019-04-08,1.2230000000,1.2230000000
2019-04-09,1.2230000000,1.2260000000
2019-04-10,1.2260000000,1.2320000000
2019-04-11,1.2320000000,1.2150000000
2019-04-12,1.2150000000,1.2100000000
2019-04-15,1.2100000000,1.2090000000
2019-04-16,1.2090000000,1.2190000000
2019-04-17,1.2190000000,1.2250000000
2019-04-18,1.2250000000,1.2130000000
2019-04-19,1.2130000000,1.2210000000
2019-04-22,1.2210000000,1.1920000000
2019-04-23,1.1920000000,1.1800000000
2019-04-24,1.1800000000,1.1860000000
2019-04-25,1.1860000000,1.1540000000
2019-04-26,1.1540000000,1.1400000000
2019-04-29,1.1400000000,1.1400000000
2019-04-30,1.1400000000,1.1530000000
2019-05-06,1.1530000000,1.1100000000
2019-05-07,1.1100000000,1.1100000000
2019-05-08,1.1100000000,1.0980000000
2019-05-09,1.0980000000,1.0830000000
2019-05-10,1.0830000000,1.1160000000
2019-05-13,1.1160000000,1.1060000000
2019-05-14,1.1060000000,1.0990000000
2019-05-15,1.0990000000,1.1140000000
2019-05-16,1.1140000000,1.1210000000
2019-05-17,1.1210000000,1.0980000000
2019-05-20,1.0980000000,1.0860000000
2019-05-21,1.0860000000,1.1000000000
2019-05-22,1.1000000000,1.0950000000
2019-05-23,1.0950000000,1.0830000000
2019-05-24,1.0830000000,1.0860000000
2019-05-27,1.0860000000,1.1020000000
2019-05-28,1.1020000000,1.1000000000
2019-05-29,1.1000000000,1.1000000000
2019-05-30,1.1000000000,1.1030000000
2019-05-31,1.1030000000,1.1030000000
2019-06-03,1.1030000000,1.1040000000
2019-06-04,1.1040000000,1.0940000000
2019-06-05,1.0940000000,1.0990000000
2019-06-06,1.0990000000,1.0930000000
2019-06-10,1.0930000000,1.1010000000
2019-06-11,1.1010000000,1.1230000000
2019-06-12,1.1230000000,1.1170000000
2019-06-13,1.1170000000,1.1120000000
2019-06-14,1.1120000000,1.1030000000
2019-06-17,1.1030000000,1.1030000000
2019-06-18,1.1030000000,1.1050000000
2019-06-19,1.1050000000,1.1150000000
2019-06-20,1.1150000000,1.1330000000
2019-06-21,1.1330000000,1.1360000000
2019-06-24,1.1360000000,1.1350000000
2019-06-25,1.1350000000,1.1260000000
2019-06-26,1.1260000000,1.1230000000
2019-06-27,1.1230000000,1.1290000000
2019-06-28,1.1290000000,1.1250000000
2019-07-01,1.1250000000,1.1470000000
2019-07-02,1.1470000000,1.1550000000
2019-07-03,1.1550000000,1.1530000000
2019-07-04,1.1530000000,1.1520000000
2019-07-05,1.1520000000,1.1570000000
2019-07-08,1.1570000000,1.1340000000
2019-07-09,1.1340000000,1.1330000000
2019-07-10,1.1330000000,1.1250000000
2019-07-11,1.1250000000,1.1250000000
2019-07-12,1.1250000000,1.1340000000
2019-07-15,1.1340000000,1.1360000000
2019-07-16,1.1360000000,1.1350000000
2019-07-17,1.1350000000,1.1390000000
2019-07-18,1.1390000000,1.1300000000
2019-07-19,1.1300000000,1.1410000000
2019-07-22,1.1410000000,1.1360000000
2019-07-23,1.1360000000,1.1380000000
2019-07-24,1.1380000000,1.1430000000
2019-07-25,1.1430000000,1.1470000000
2019-07-26,1.1470000000,1.1530000000
2019-07-29,1.1530000000,1.1510000000
2019-07-30,1.1510000000,1.1570000000
2019-07-31,1.1570000000,1.1480000000
2019-08-01,1.1480000000,1.1380000000
2019-08-02,1.1380000000,1.1240000000
2019-08-05,1.1240000000,1.1060000000
2019-08-06,1.1060000000,1.0900000000
2019-08-07,1.0900000000,1.0880000000
2019-08-08,1.0880000000,1.1000000000
2019-08-09,1.1000000000,1.0920000000
2019-08-12,1.0920000000,1.1020000000
2019-08-13,1.1020000000,1.0970000000
2019-08-14,1.0970000000,1.0990000000
2019-08-15,1.0990000000,1.1010000000
2019-08-16,1.1010000000,1.1020000000
2019-08-19,1.1020000000,1.1180000000
2019-08-20,1.1180000000,1.1190000000
2019-08-21,1.1190000000,1.1180000000
2019-08-22,1.1180000000,1.1180000000
2019-08-23,1.1180000000,1.1210000000
2019-08-26,1.1210000000,1.1120000000
2019-08-27,1.1120000000,1.1270000000
2019-08-28,1.1270000000,1.1250000000
2019-08-29,1.1250000000,1.1160000000
2019-08-30,1.1160000000,1.1130000000
2019-09-02,1.1130000000,1.1220000000
2019-09-03,1.1220000000,1.1200000000
2019-09-04,1.1200000000,1.1270000000
2019-09-05,1.1270000000,1.1390000000
2019-09-06,1.1390000000,1.1410000000
2019-09-09,1.1410000000,1.1470000000
2019-09-10,1.1470000000,1.1440000000
2019-09-11,1.1440000000,1.1440000000
2019-09-12,1.1440000000,1.1510000000
2019-09-16,1.1510000000,1.1540000000
2019-09-17,1.1540000000,1.1390000000
2019-09-18,1.1390000000,1.1420000000
2019-09-19,1.1420000000,1.1440000000
2019-09-20,1.1440000000,1.1450000000
2019-09-23,1.1450000000,1.1340000000
2019-09-24,1.1340000000,1.1390000000
2019-09-25,1.1390000000,1.1270000000
2019-09-26,1.1270000000,1.1270000000
2019-09-27,1.1270000000,1.1250000000
2019-09-30,1.1250000000,1.1200000000
2019-10-08,1.1200000000,1.1270000000
2019-10-09,1.1270000000,1.1360000000
2019-10-10,1.1360000000,1.1430000000
2019-10-11,1.1430000000,1.1500000000
2019-10-14,1.1500000000,1.1650000000
2019-10-15,1.1650000000,1.1580000000
2019-10-16,1.1580000000,1.1570000000
2019-10-17,1.1570000000,1.1530000000
2019-10-18,1.1530000000,1.1400000000
2019-10-21,1.1400000000,1.1440000000
2019-10-22,1.1440000000,1.1470000000
2019-10-23,1.1470000000,1.1410000000
2019-10-24,1.1410000000,1.1430000000
2019-10-25,1.1430000000,1.1480000000
2019-10-28,1.1480000000,1.1520000000
2019-10-29,1.1520000000,1.1450000000
2019-10-30,1.1450000000,1.1410000000
2019-10-31,1.1410000000,1.1320000000
2019-11-01,1.1320000000,1.1430000000
2019-11-04,1.1430000000,1.1490000000
2019-11-05,1.1490000000,1.1590000000
2019-11-06,1.1590000000,1.1510000000
2019-11-07,1.1510000000,1.1570000000
2019-11-08,1.1570000000,1.1490000000
2019-11-11,1.1490000000,1.1320000000
2019-11-12,1.1320000000,1.1320000000
2019-11-13,1.1320000000,1.1270000000
2019-11-14,1.1270000000,1.1260000000
2019-11-15,1.1260000000,1.1230000000
2019-11-18,1.1230000000,1.1350000000
2019-11-19,1.1350000000,1.1490000000
2019-11-20,1.1490000000,1.1430000000
2019-11-21,1.1430000000,1.1400000000
2019-11-22,1.1400000000,1.1390000000
2019-11-25,1.1390000000,1.1550000000
2019-11-26,1.1550000000,1.1550000000
2019-11-27,1.1550000000,1.1510000000
2019-11-28,1.1510000000,1.1470000000
2019-11-29,1.1470000000,1.1460000000
2019-12-02,1.1460000000,1.1480000000
2019-12-03,1.1480000000,1.1500000000
2019-12-04,1.1500000000,1.1470000000
2019-12-05,1.1470000000,1.1510000000
2019-12-06,1.1510000000,1.1530000000
2019-12-09,1.1530000000,1.1610000000
2019-12-10,1.1610000000,1.1600000000
2019-12-11,1.1600000000,1.1600000000
2019-12-12,1.1600000000,1.1630000000
2019-12-13,1.1630000000,1.1710000000
2019-12-16,1.1710000000,1.1780000000
2019-12-17,1.1780000000,1.1880000000
2019-12-18,1.1880000000,1.1850000000
2019-12-19,1.1850000000,1.1880000000
2019-12-20,1.1880000000,1.1880000000
2019-12-23,1.1880000000,1.1750000000
2019-12-24,1.1750000000,1.1780000000
2019-12-25,1.1780000000,1.1750000000
2019-12-26,1.1750000000,1.1840000000
2019-12-27,1.1840000000,1.1870000000
2019-12-30,1.1870000000,1.2050000000
2019-12-31,1.2050000000,1.2120000000
2020-01-02,1.2120000000,1.2280000000
2020-01-03,1.2280000000,1.2230000000
2020-01-06,1.2230000000,1.2220000000
2020-01-07,1.2220000000,1.2260000000
2020-01-08,1.2260000000,1.2100000000
2020-01-09,1.2100000000,1.2210000000
2020-01-10,1.2210000000,1.2180000000
2020-01-13,1.2180000000,1.2220000000
2020-01-14,1.2220000000,1.2230000000
2020-01-15,1.2230000000,1.2160000000
2020-01-16,1.2160000000,1.2080000000
2020-01-17,1.2080000000,1.2060000000
2020-01-20,1.2060000000,1.2050000000
2020-01-21,1.2050000000,1.1860000000
2020-01-22,1.1860000000,1.1870000000
2020-01-23,1.1870000000,1.1560000000
2020-02-03,1.1560000000,1.0470000000
2020-02-04,1.0470000000,1.0860000000
2020-02-05,1.0860000000,1.0930000000
2020-02-06,1.0930000000,1.1060000000
2020-02-07,1.1060000000,1.1000000000
2020-02-10,1.1000000000,1.1160000000
2020-02-11,1.1160000000,1.1220000000
2020-02-12,1.1220000000,1.1280000000
2020-02-13,1.1280000000,1.1230000000
2020-02-14,1.1230000000,1.1300000000
2020-02-17,1.1300000000,1.1520000000
2020-02-18,1.1520000000,1.1460000000
2020-02-19,1.1460000000,1.1430000000
2020-02-20,1.1430000000,1.1570000000
2020-02-21,1.1570000000,1.1580000000
2020-02-24,1.1580000000,1.1440000000
2020-02-25,1.1440000000,1.1330000000
2020-02-26,1.1330000000,1.1400000000
2020-02-27,1.1400000000,1.1470000000
2020-02-28,1.1470000000,1.1200000000
2020-03-02,1.1200000000,1.1600000000
2020-03-03,1.1600000000,1.1600000000
2020-03-04,1.1600000000,1.1750000000
2020-03-05,1.1750000000,1.1890000000
2020-03-06,1.1890000000,1.1710000000
2020-03-09,1.1710000000,1.1410000000
2020-03-10,1.1410000000,1.1550000000
2020-03-11,1.1550000000,1.1450000000
2020-03-12,1.1450000000,1.1290000000
2020-03-13,1.1290000000,1.1090000000
2020-03-16,1.1090000000,1.0820000000
2020-03-17,1.0820000000,1.0810000000
2020-03-18,1.0810000000,1.0630000000
2020-03-19,1.0630000000,1.0440000000
2020-03-20,1.0440000000,1.0650000000
2020-03-23,1.0650000000,1.0340000000
2020-03-24,1.0340000000,1.0600000000
2020-03-25,1.0600000000,1.0830000000
2020-03-26,1.0830000000,1.0750000000
2020-03-27,1.0750000000,1.0830000000
2020-03-30,1.0830000000,1.0750000000
2020-03-31,1.0750000000,1.0710000000
2020-04-01,1.0710000000,1.0660000000
2020-04-02,1.0660000000,1.0770000000
2020-04-03,1.0770000000,1.0740000000
2020-04-07,1.0740000000,1.0900000000
2020-04-08,1.0900000000,1.0870000000
2020-04-09,1.0870000000,1.0900000000
2020-04-10,1.0900000000,1.0850000000
2020-04-13,1.0850000000,1.0850000000
2020-04-14,1.0850000000,1.0940000000
2020-04-15,1.0940000000,1.0880000000
2020-04-16,1.0880000000,1.0860000000
2020-04-17,1.0860000000,1.0920000000
2020-04-20,1.0920000000,1.0960000000
2020-04-21,1.0960000000,1.0860000000
2020-04-22,1.0860000000,1.0860000000
2020-04-23,1.0860000000,1.0860000000
2020-04-24,1.0860000000,1.0780000000
2020-04-27,1.0780000000,1.0870000000
2020-04-28,1.0870000000,1.0880000000
2020-04-29,1.0880000000,1.1070000000
2020-04-30,1.1070000000,1.1180000000
2020-05-06,1.1180000000,1.1160000000
2020-05-07,1.1160000000,1.1160000000
2020-05-08,1.1160000000,1.1220000000
2020-05-11,1.1220000000,1.1290000000
2020-05-12,1.1290000000,1.1210000000
2020-05-13,1.1210000000,1.1240000000
2020-05-14,1.1240000000,1.1110000000
2020-05-15,1.1110000000,1.1080000000
2020-05-18,1.1080000000,1.1130000000
2020-05-19,1.1130000000,1.1160000000
2020-05-20,1.1160000000,1.1110000000
2020-05-21,1.1110000000,1.1110000000
2020-05-22,1.1110000000,1.0910000000
2020-05-25,1.0910000000,1.0950000000
2020-05-26,1.0950000000,1.0990000000
2020-05-27,1.0990000000,1.1010000000
2020-05-28,1.1010000000,1.1060000000
2020-05-29,1.1060000000,1.1040000000
2020-06-01,1.1040000000,1.1210000000
2020-06-02,1.1210000000,1.1250000000
2020-06-03,1.1250000000,1.1260000000
2020-06-04,1.1260000000,1.1290000000
2020-06-05,1.1290000000,1.1250000000
2020-06-08,1.1250000000,1.1320000000
2020-06-09,1.1320000000,1.1370000000
2020-06-10,1.1370000000,1.1370000000
2020-06-11,1.1370000000,1.1260000000
2020-06-12,1.1260000000,1.1280000000
2020-06-15,1.1280000000,1.1180000000
2020-06-16,1.1180000000,1.1300000000
2020-06-17,1.1300000000,1.1350000000
2020-06-18,1.1350000000,1.1400000000
2020-06-19,1.1400000000,1.1440000000
2020-06-22,1.1440000000,1.1360000000
2020-06-23,1.1360000000,1.1320000000
2020-06-24,1.1320000000,1.1370000000
2020-06-29,1.1370000000,1.1310000000
2020-06-30,1.1310000000,1.1420000000
2020-07-01,1.1420000000,1.1730000000
2020-07-02,1.1730000000,1.2060000000
2020-07-03,1.2060000000,1.2230000000
2020-07-06,1.2230000000,1.3040000000
2020-07-07,1.3040000000,1.3010000000
2020-07-08,1.3010000000,1.3040000000
2020-07-09,1.3040000000,1.3150000000
2020-07-10,1.3150000000,1.2860000000
2020-07-13,1.2860000000,1.3190000000
2020-07-14,1.3190000000,1.3120000000
2020-07-15,1.3120000000,1.2980000000
2020-07-16,1.2980000000,1.2810000000
2020-07-17,1.2810000000,1.2760000000
2020-07-20,1.2760000000,1.3280000000
2020-07-21,1.3280000000,1.3250000000
2020-07-22,1.3250000000,1.3260000000
2020-07-23,1.3260000000,1.3140000000
2020-07-24,1.3140000000,1.2740000000
2020-07-27,1.2740000000,1.2650000000
2020-07-28,1.2650000000,1.2730000000
2020-07-29,1.2730000000,1.2900000000
2020-07-30,1.2900000000,1.3010000000
2020-07-31,1.3010000000,1.3110000000
2020-08-03,1.3110000000,1.3460000000
2020-08-04,1.3460000000,1.3490000000
2020-08-05,1.3490000000,1.3410000000
2020-08-06,1.3410000000,1.3380000000
2020-08-07,1.3380000000,1.3410000000
2020-08-10,1.3410000000,1.3530000000
2020-08-11,1.3530000000,1.3480000000
2020-08-12,1.3480000000,1.3400000000
2020-08-13,1.3400000000,1.3520000000
2020-08-14,1.3520000000,1.3600000000
2020-08-17,1.3600000000,1.3970000000
2020-08-18,1.3970000000,1.3980000000
2020-08-19,1.3980000000,1.3910000000
2020-08-20,1.3910000000,1.3750000000
2020-08-21,1.3750000000,1.3730000000
2020-08-24,1.3730000000,1.3820000000
2020-08-25,1.3820000000,1.3760000000
2020-08-26,1.3760000000,1.3570000000
2020-08-27,1.3570000000,1.3550000000
2020-08-28,1.3550000000,1.3760000000
2020-08-31,1.3760000000,1.3670000000
2020-09-01,1.3670000000,1.3600000000
2020-09-02,1.3600000000,1.3530000000
2020-09-03,1.3530000000,1.3470000000
2020-09-04,1.3470000000,1.3400000000
2020-09-07,1.3400000000,1.3240000000
2020-09-08,1.3240000000,1.3310000000
2020-09-09,1.3310000000,1.3100000000
2020-09-10,1.3100000000,1.3050000000
2020-09-11,1.3050000000,1.3050000000
2020-09-14,1.3050000000,1.3050000000
2020-09-15,1.3050000000,1.3100000000
2020-09-16,1.3100000000,1.3130000000
2020-09-17,1.3130000000,1.3170000000
2020-09-18,1.3170000000,1.3470000000
2020-09-21,1.3470000000,1.3370000000
2020-09-22,1.3370000000,1.3170000000
2020-09-23,1.3170000000,1.3150000000
2020-09-24,1.3150000000,1.2970000000
2020-09-25,1.2970000000,1.2900000000
2020-09-28,1.2900000000,1.2960000000
2020-09-29,1.2960000000,1.2950000000
2020-09-30,1.2950000000,1.2870000000
2020-10-09,1.2870000000,1.3070000000
2020-10-12,1.3070000000,1.3290000000
2020-10-13,1.3290000000,1.3320000000
2020-10-14,1.3320000000,1.3270000000
2020-10-15,1.3270000000,1.3260000000
2020-10-16,1.3260000000,1.3330000000
2020-10-19,1.3330000000,1.3280000000
2020-10-20,1.3280000000,1.3280000000
2020-10-21,1.3280000000,1.3310000000
2020-10-22,1.3310000000,1.3250000000
2020-10-23,1.3250000000,1.3200000000
2020-10-26,1.3200000000,1.3150000000
2020-10-27,1.3150000000,1.3100000000
2020-10-28,1.3100000000,1.3070000000
2020-10-29,1.3070000000,1.3200000000
2020-10-30,1.3200000000,1.2990000000
2020-11-02,1.2990000000,1.3140000000
2020-11-03,1.3140000000,1.3260000000
2020-11-04,1.3260000000,1.3360000000
2020-11-05,1.3360000000,1.3510000000
2020-11-06,1.3510000000,1.3570000000
2020-11-09,1.3570000000,1.3780000000
2020-11-10,1.3780000000,1.3770000000
2020-11-11,1.3770000000,1.3850000000
2020-11-12,1.3850000000,1.3900000000
2020-11-13,1.3900000000,1.3660000000
2020-11-16,1.3660000000,1.4120000000
2020-11-17,1.4120000000,1.4120000000
2020-11-18,1.4120000000,1.4200000000
2020-11-19,1.4200000000,1.4100000000
2020-11-20,1.4100000000,1.4160000000
2020-11-23,1.4160000000,1.4390000000
2020-11-24,1.4390000000,1.4290000000
2020-11-25,1.4290000000,1.4100000000
2020-11-26,1.4100000000,1.4130000000
2020-11-27,1.4130000000,1.4220000000
2020-11-30,1.4220000000,1.4330000000
2020-12-01,1.4330000000,1.4250000000
2020-12-02,1.4250000000,1.4280000000
2020-12-03,1.4280000000,1.4100000000
2020-12-04,1.4100000000,1.4080000000
2020-12-07,1.4080000000,1.3890000000
2020-12-08,1.3890000000,1.3860000000
2020-12-09,1.3860000000,1.3710000000
2020-12-10,1.3710000000,1.3660000000
2020-12-11,1.3660000000,1.3670000000
2020-12-14,1.3670000000,1.3550000000
2020-12-15,1.3550000000,1.3510000000
2020-12-16,1.3510000000,1.3470000000
2020-12-17,1.3470000000,1.3520000000
2020-12-18,1.3520000000,1.3630000000
2020-12-21,1.3630000000,1.3600000000
2020-12-22,1.3600000000,1.3310000000
2020-12-23,1.3310000000,1.3300000000
2020-12-24,1.3300000000,1.3200000000
2020-12-25,1.3200000000,1.3320000000
2020-12-28,1.3320000000,1.3240000000
2020-12-29,1.3240000000,1.3190000000
2020-12-30,1.3190000000,1.3230000000
2020-12-31,1.3230000000,1.3280000000
2021-01-04,1.3280000000,1.3200000000
2021-01-05,1.3200000000,1.3190000000
2021-01-06,1.3190000000,1.3320000000
2021-01-07,1.3320000000,1.3340000000
2021-01-08,1.3340000000,1.3360000000
2021-01-11,1.3360000000,1.3240000000
2021-01-12,1.3240000000,1.3260000000
2021-01-13,1.3260000000,1.3240000000
2021-01-14,1.3240000000,1.3210000000
2021-01-15,1.3210000000,1.3310000000
2021-01-18,1.3310000000,1.3380000000
2021-01-19,1.3380000000,1.3510000000
2021-01-20,1.3510000000,1.3370000000
2021-01-21,1.3370000000,1.3380000000
2021-01-22,1.3380000000,1.3160000000
2021-01-25,1.3160000000,1.3040000000
2021-01-26,1.3040000000,1.3000000000
2021-01-27,1.3000000000,1.3010000000
2021-01-28,1.3010000000,1.2850000000
2021-01-29,1.2850000000,1.2830000000
2021-02-01,1.2830000000,1.2980000000
2021-02-02,1.2980000000,1.2930000000
2021-02-03,1.2930000000,1.2910000000
2021-02-04,1.2910000000,1.2840000000
2021-02-05,1.2840000000,1.3030000000
2021-02-08,1.3030000000,1.3040000000
2021-02-09,1.3040000000,1.3080000000
2021-02-10,1.3080000000,1.3160000000
2021-02-18,1.3160000000,1.3430000000
2021-02-19,1.3430000000,1.3660000000
2021-02-22,1.3660000000,1.3810000000
2021-02-23,1.3810000000,1.3660000000
2021-02-24,1.3660000000,1.3640000000
2021-02-25,1.3640000000,1.3960000000
2021-02-26,1.3960000000,1.3700000000
2021-03-01,1.3700000000,1.3860000000
2021-03-02,1.3860000000,1.3790000000
2021-03-03,1.3790000000,1.4100000000
2021-03-04,1.4100000000,1.4110000000
2021-03-05,1.4110000000,1.3900000000
2021-03-08,1.3900000000,1.3820000000
2021-03-09,1.3820000000,1.3710000000
2021-03-10,1.3710000000,1.3600000000
2021-03-11,1.3600000000,1.3890000000
2021-03-12,1.3890000000,1.4200000000
2021-03-15,1.4200000000,1.4270000000
2021-03-16,1.4270000000,1.4340000000
2021-03-17,1.4340000000,1.4250000000
2021-03-18,1.4250000000,1.4280000000
2021-03-19,1.4280000000,1.4110000000
2021-03-22,1.4110000000,1.4270000000
2021-03-23,1.4270000000,1.4070000000
2021-03-24,1.4070000000,1.3930000000
2021-03-25,1.3930000000,1.3910000000
2021-03-26,1.3910000000,1.4020000000
2021-03-29,1.4020000000,1.4250000000
2021-03-30,1.4250000000,1.4210000000
2021-03-31,1.4210000000,1.4190000000
2021-04-01,1.4190000000,1.4280000000
2021-04-02,1.4280000000,1.4160000000
2021-04-06,1.4160000000,1.4160000000
2021-04-07,1.4160000000,1.4270000000
2021-04-08,1.4270000000,1.4250000000
2021-04-09,1.4250000000,1.4250000000
2021-04-12,1.4250000000,1.4250000000
2021-04-13,1.4250000000,1.4170000000
2021-04-14,1.4170000000,1.4240000000
2021-04-15,1.4240000000,1.4260000000
2021-04-16,1.4260000000,1.4470000000
2021-04-19,1.4470000000,1.4430000000
2021-04-20,1.4430000000,1.4380000000
2021-04-21,1.4380000000,1.4430000000
2021-04-22,1.4430000000,1.4430000000
2021-04-23,1.4430000000,1.4320000000
2021-04-26,1.4320000000,1.4270000000
2021-04-27,1.4270000000,1.4220000000
2021-04-28,1.4220000000,1.4330000000
2021-04-29,1.4330000000,1.4490000000
2021-04-30,1.4490000000,1.4370000000
2021-05-06,1.4370000000,1.4530000000
2021-05-07,1.4530000000,1.4630000000
2021-05-10,1.4630000000,1.4770000000
2021-05-11,1.4770000000,1.4670000000
2021-05-12,1.4670000000,1.4820000000
2021-05-13,1.4820000000,1.4780000000
2021-05-14,1.4780000000,1.4750000000
2021-05-17,1.4750000000,1.4830000000
2021-05-18,1.4830000000,1.4870000000
2021-05-19,1.4870000000,1.4850000000
2021-05-20,1.4850000000,1.4650000000
2021-05-21,1.4650000000,1.4710000000
2021-05-24,1.4710000000,1.4810000000
2021-05-25,1.4810000000,1.5030000000
2021-05-26,1.5030000000,1.5110000000
2021-05-27,1.5110000000,1.5210000000
2021-05-28,1.5210000000,1.5280000000
2021-05-31,1.5280000000,1.5370000000
2021-06-01,1.5370000000,1.5370000000
2021-06-02,1.5370000000,1.5400000000
2021-06-03,1.5400000000,1.5360000000
2021-06-04,1.5360000000,1.5330000000
2021-06-07,1.5330000000,1.5170000000
2021-06-08,1.5170000000,1.5220000000
2021-06-09,1.5220000000,1.5240000000
2021-06-10,1.5240000000,1.5240000000
2021-06-11,1.5240000000,1.5200000000
2021-06-15,1.5200000000,1.5030000000
2021-06-16,1.5030000000,1.5020000000
2021-06-17,1.5020000000,1.5010000000
2021-06-18,1.5010000000,1.4940000000
2021-06-21,1.4940000000,1.4910000000
2021-06-22,1.4910000000,1.4990000000
2021-06-23,1.4990000000,1.5170000000
2021-06-24,1.5170000000,1.5170000000
2021-06-25,1.5170000000,1.5170000000
2021-06-28,1.5170000000,1.4960000000
2021-06-29,1.4960000000,1.4920000000
2021-06-30,1.4920000000,1.4990000000
2021-07-01,1.4990000000,1.5130000000
2021-07-02,1.5130000000,1.4950000000
2021-07-05,1.4950000000,1.4890000000
2021-07-06,1.4890000000,1.4940000000
2021-07-07,1.4940000000,1.4900000000
2021-07-08,1.4900000000,1.4670000000
2021-07-09,1.4670000000,1.4780000000
2021-07-12,1.4780000000,1.4720000000
2021-07-13,1.4720000000,1.4790000000
2021-07-14,1.4790000000,1.4910000000
2021-07-15,1.4910000000,1.4890000000
2021-07-16,1.4890000000,1.4980000000
2021-07-19,1.4980000000,1.5020000000
2021-07-20,1.5020000000,1.4970000000
2021-07-21,1.4970000000,1.4930000000
2021-07-22,1.4930000000,1.5020000000
2021-07-23,1.5020000000,1.4950000000
2021-07-26,1.4950000000,1.4620000000
2021-07-27,1.4620000000,1.4220000000
2021-07-28,1.4220000000,1.4200000000
2021-07-29,1.4200000000,1.4210000000
2021-07-30,1.4210000000,1.4210000000
2021-08-02,1.4210000000,1.4170000000
2021-08-03,1.4170000000,1.4060000000
2021-08-04,1.4060000000,1.4170000000
2021-08-05,1.4170000000,1.4170000000
2021-08-06,1.4170000000,1.4260000000
2021-08-09,1.4260000000,1.4470000000
2021-08-10,1.4470000000,1.4480000000
2021-08-11,1.4480000000,1.4850000000
2021-08-12,1.4850000000,1.5030000000
2021-08-13,1.5030000000,1.5010000000
2021-08-16,1.5010000000,1.5140000000
2021-08-17,1.5140000000,1.4910000000
2021-08-18,1.4910000000,1.4970000000
2021-08-19,1.4970000000,1.4810000000
2021-08-20,1.4810000000,1.4840000000
2021-08-23,1.4840000000,1.4970000000
2021-08-24,1.4970000000,1.5020000000
2021-08-25,1.5020000000,1.5120000000
2021-08-26,1.5120000000,1.5310000000
2021-08-27,1.5310000000,1.5390000000
2021-08-30,1.5390000000,1.5480000000
2021-08-31,1.5480000000,1.6000000000
2021-09-01,1.6000000000,1.5880000000
2021-09-02,1.5880000000,1.6180000000
2021-09-03,1.6180000000,1.6140000000
2021-09-06,1.6140000000,1.6260000000
2021-09-07,1.6260000000,1.6590000000
2021-09-08,1.6590000000,1.6920000000
2021-09-09,1.6920000000,1.7440000000
2021-09-10,1.7440000000,1.7290000000
2021-09-13,1.7290000000,1.7730000000
2021-09-14,1.7730000000,1.7380000000
2021-09-15,1.7380000000,1.7290000000
2021-09-16,1.7290000000,1.7200000000
2021-09-17,1.7200000000,1.6850000000
2021-09-22,1.6850000000,1.7360000000
2021-09-23,1.7360000000,1.7350000000
2021-09-24,1.7350000000,1.6720000000
2021-09-27,1.6720000000,1.6370000000
2021-09-28,1.6370000000,1.6800000000
2021-09-29,1.6800000000,1.6360000000
2021-09-30,1.6360000000,1.6580000000
2021-10-08,1.6580000000,1.6420000000
2021-10-11,1.6420000000,1.6580000000
2021-10-12,1.6580000000,1.6470000000
2021-10-13,1.6470000000,1.6180000000
2021-10-14,1.6180000000,1.6050000000
2021-10-15,1.6050000000,1.6140000000
2021-10-18,1.6140000000,1.6450000000
2021-10-19,1.6450000000,1.6450000000
2021-10-20,1.6450000000,1.6130000000
2021-10-21,1.6130000000,1.6390000000
2021-10-22,1.6390000000,1.6390000000
2021-10-25,0.8010000000,0.8010000000
2021-10-26,0.8010000000,0.7960000000
2021-10-27,0.7960000000,0.7820000000
2021-10-28,0.7820000000,0.7590000000
2021-10-29,0.7590000000,0.7550000000
2021-11-01,0.7550000000,0.7620000000
2021-11-02,0.7620000000,0.7440000000
2021-11-03,0.7440000000,0.7600000000
2021-11-04,0.7600000000,0.7570000000
2021-11-05,0.7570000000,0.7420000000
2021-11-08,0.7420000000,0.7430000000
2021-11-09,0.7430000000,0.7420000000
2021-11-10,0.7420000000,0.7400000000
2021-11-11,0.7400000000,0.7550000000
2021-11-12,0.7550000000,0.7510000000
2021-11-15,0.7510000000,0.7490000000
2021-11-16,0.7490000000,0.7440000000
2021-11-17,0.7440000000,0.7430000000
2021-11-18,0.7430000000,0.7410000000
2021-11-19,0.7410000000,0.7520000000
2021-11-22,0.7520000000,0.7520000000
2021-11-23,0.7520000000,0.7590000000
2021-11-24,0.7590000000,0.7690000000
2021-11-25,0.7690000000,0.7670000000
2021-11-26,0.7670000000,0.7560000000
2021-11-29,0.7560000000,0.7490000000
2021-11-30,0.7490000000,0.7480000000
2021-12-01,0.7480000000,0.7580000000
2021-12-02,0.7580000000,0.7630000000
2021-12-03,0.7630000000,0.7760000000
2021-12-06,0.7760000000,0.7730000000
2021-12-07,0.7730000000,0.7840000000
2021-12-08,0.7840000000,0.7850000000
2021-12-09,0.7850000000,0.7870000000
2021-12-10,0.7870000000,0.7840000000
2021-12-13,0.7840000000,0.7790000000
2021-12-14,0.7790000000,0.7690000000
2021-12-15,0.7690000000,0.7760000000
2021-12-16,0.7760000000,0.7870000000
2021-12-17,0.7870000000,0.7880000000
2021-12-20,0.7880000000,0.7840000000
2021-12-21,0.7840000000,0.7980000000
2021-12-22,0.7980000000,0.7950000000
2021-12-23,0.7950000000,0.7990000000
2021-12-24,0.7990000000,0.7930000000
2021-12-27,0.7930000000,0.7970000000
2021-12-28,0.7970000000,0.7910000000
2021-12-29,0.7910000000,0.7880000000
2021-12-30,0.7880000000,0.7890000000
2021-12-31,0.7890000000,0.7950000000
2022-01-04,0.7950000000,0.8090000000
2022-01-05,0.8090000000,0.8120000000
2022-01-06,0.8120000000,0.8180000000
2022-01-07,0.8180000000,0.8250000000
2022-01-10,0.8250000000,0.8290000000
2022-01-11,0.8290000000,0.8320000000
2022-01-12,0.8320000000,0.8270000000
2022-01-13,0.8270000000,0.8350000000
2022-01-14,0.8350000000,0.8100000000
2022-01-17,0.8100000000,0.8130000000
2022-01-18,0.8130000000,0.8200000000
2022-01-19,0.8200000000,0.8350000000
2022-01-20,0.8350000000,0.8290000000
2022-01-21,0.8290000000,0.8210000000
2022-01-24,0.8210000000,0.8220000000
2022-01-25,0.8220000000,0.8000000000
2022-01-26,0.8000000000,0.8060000000
2022-01-27,0.8060000000,0.7970000000
2022-01-28,0.7970000000,0.7910000000
2022-02-07,0.7910000000,0.8110000000
2022-02-08,0.8110000000,0.8300000000
2022-02-09,0.8300000000,0.8340000000
2022-02-10,0.8340000000,0.8450000000
2022-02-11,0.8450000000,0.8480000000
2022-02-14,0.8480000000,0.8310000000
2022-02-15,0.8310000000,0.8240000000
2022-02-16,0.8240000000,0.8340000000
2022-02-17,0.8340000000,0.8300000000
2022-02-18,0.8300000000,0.8500000000
2022-02-21,0.8500000000,0.8500000000
2022-02-22,0.8500000000,0.8430000000
2022-02-23,0.8430000000,0.8380000000
2022-02-24,0.8380000000,0.8200000000
2022-02-25,0.8200000000,0.8170000000
2022-02-28,0.8170000000,0.8180000000
2022-03-01,0.8180000000,0.8270000000
2022-03-02,0.8270000000,0.8340000000
2022-03-03,0.8340000000,0.8430000000
2022-03-04,0.8430000000,0.8360000000
2022-03-07,0.8360000000,0.8320000000
2022-03-08,0.8320000000,0.8060000000
2022-03-09,0.8060000000,0.7960000000
2022-03-10,0.7960000000,0.8040000000
2022-03-11,0.8040000000,0.8060000000
2022-03-14,0.8060000000,0.7920000000
2022-03-15,0.7920000000,0.7470000000
2022-03-16,0.7470000000,0.7630000000
2022-03-17,0.7630000000,0.7730000000
2022-03-18,0.7730000000,0.7960000000
2022-03-21,0.7960000000,0.7920000000
2022-03-22,0.7920000000,0.8040000000
2022-03-23,0.8040000000,0.8050000000
2022-03-24,0.8050000000,0.8030000000
2022-03-25,0.8030000000,0.8030000000
2022-03-28,0.8030000000,0.8230000000
2022-03-29,0.8230000000,0.8190000000
2022-03-30,0.8190000000,0.8270000000
2022-03-31,0.8270000000,0.8420000000
2022-04-01,0.8420000000,0.8550000000
2022-04-06,0.8550000000,0.8690000000
2022-04-07,0.8690000000,0.8520000000
2022-04-08,0.8520000000,0.8660000000
2022-04-11,0.8660000000,0.8590000000
2022-04-12,0.8590000000,0.8510000000
2022-04-13,0.8510000000,0.8490000000
2022-04-14,0.8490000000,0.8620000000
2022-04-15,0.8620000000,0.8580000000
2022-04-18,0.8580000000,0.8440000000
2022-04-19,0.8440000000,0.8530000000
2022-04-20,0.8530000000,0.8350000000
2022-04-21,0.8350000000,0.8190000000
2022-04-22,0.8190000000,0.8320000000
2022-04-25,0.8320000000,0.7990000000
2022-04-26,0.7990000000,0.7990000000
2022-04-27,0.7990000000,0.8030000000
2022-04-28,0.8030000000,0.8200000000
2022-04-29,0.8200000000,0.8330000000
2022-05-05,0.8330000000,0.8330000000
2022-05-06,0.8330000000,0.8110000000
2022-05-09,0.8110000000,0.8150000000
2022-05-10,0.8150000000,0.8230000000
2022-05-11,0.8230000000,0.8240000000
2022-05-12,0.8240000000,0.8220000000
2022-05-13,0.8220000000,0.8370000000
2022-05-16,0.8370000000,0.8440000000
2022-05-17,0.8440000000,0.8360000000
2022-05-18,0.8360000000,0.8320000000
2022-05-19,0.8320000000,0.8370000000
2022-05-20,0.8370000000,0.8400000000
2022-05-23,0.8400000000,0.8340000000
2022-05-24,0.8340000000,0.8190000000
2022-05-25,0.8190000000,0.8320000000
2022-05-26,0.8320000000,0.8410000000
2022-05-27,0.8410000000,0.8450000000
2022-05-30,0.8450000000,0.8460000000
2022-05-31,0.8460000000,0.8440000000
2022-06-01,0.8440000000,0.8450000000
2022-06-02,0.8450000000,0.8390000000
2022-06-06,0.8390000000,0.8380000000
2022-06-07,0.8380000000,0.8390000000
2022-06-08,0.8390000000,0.8440000000
2022-06-09,0.8440000000,0.8470000000
2022-06-10,0.8470000000,0.8490000000
2022-06-13,0.8490000000,0.8350000000
2022-06-14,0.8350000000,0.8460000000
2022-06-15,0.8460000000,0.8520000000
2022-06-16,0.8520000000,0.8390000000
2022-06-17,0.8390000000,0.8360000000
2022-06-20,0.8360000000,0.8330000000
2022-06-21,0.8330000000,0.8360000000
2022-06-22,0.8360000000,0.8250000000
2022-06-23,0.8250000000,0.8280000000
2022-06-24,0.8280000000,0.8250000000
2022-06-27,0.8250000000,0.8350000000
2022-06-28,0.8350000000,0.8390000000
2022-06-29,0.8390000000,0.8450000000
2022-06-30,0.8450000000,0.8480000000
2022-07-01,0.8480000000,0.8480000000
2022-07-04,0.8480000000,0.8470000000
2022-07-05,0.8470000000,0.8500000000
2022-07-06,0.8500000000,0.8320000000
2022-07-07,0.8320000000,0.8340000000
2022-07-08,0.8340000000,0.8340000000
2022-07-11,0.8340000000,0.8290000000
2022-07-12,0.8290000000,0.8360000000
2022-07-13,0.8360000000,0.8360000000
2022-07-14,0.8360000000,0.8220000000
2022-07-15,0.8220000000,0.8100000000
2022-07-18,0.8100000000,0.8260000000
2022-07-19,0.8260000000,0.8270000000
2022-07-20,0.8270000000,0.8310000000
2022-07-21,0.8310000000,0.8180000000
2022-07-22,0.8180000000,0.8150000000
2022-07-25,0.8150000000,0.8160000000
2022-07-26,0.8160000000,0.8250000000
2022-07-27,0.8250000000,0.8220000000
2022-07-28,0.8220000000,0.8240000000
2022-07-29,0.8240000000,0.8170000000
2022-08-01,0.8170000000,0.8170000000
2022-08-02,0.8170000000,0.8010000000
2022-08-03,0.8010000000,0.7900000000
2022-08-04,0.7900000000,0.7950000000
2022-08-05,0.7950000000,0.7990000000
2022-08-08,0.7990000000,0.8070000000
2022-08-09,0.8070000000,0.8110000000
2022-08-10,0.8110000000,0.8080000000
2022-08-11,0.8080000000,0.8160000000
2022-08-12,0.8160000000,0.8230000000
2022-08-15,0.8230000000,0.8230000000
2022-08-16,0.8230000000,0.8250000000
2022-08-17,0.8250000000,0.8270000000
2022-08-18,0.8270000000,0.8210000000
2022-08-19,0.8210000000,0.8290000000
2022-08-22,0.8290000000,0.8330000000
2022-08-23,0.8330000000,0.8350000000
2022-08-24,0.8350000000,0.8280000000
2022-08-25,0.8280000000,0.8440000000
2022-08-26,0.8440000000,0.8440000000
2022-08-29,0.8440000000,0.8500000000
2022-08-30,0.8500000000,0.8520000000
2022-08-31,0.8520000000,0.8470000000
2022-09-01,0.8470000000,0.8540000000
2022-09-02,0.8540000000,0.8540000000
2022-09-05,0.8540000000,0.8690000000
2022-09-06,0.8690000000,0.8800000000
2022-09-07,0.8800000000,0.8820000000
2022-09-08,0.8820000000,0.8830000000
2022-09-09,0.8830000000,0.8940000000
2022-09-13,0.8940000000,0.8890000000
2022-09-14,0.8890000000,0.8800000000
2022-09-15,0.8800000000,0.8890000000
2022-09-16,0.8890000000,0.8610000000
2022-09-19,0.8610000000,0.8600000000
2022-09-20,0.8600000000,0.8550000000
2022-09-21,0.8550000000,0.8640000000
2022-09-22,0.8640000000,0.8600000000
2022-09-23,0.8600000000,0.8520000000
2022-09-26,0.8520000000,0.8380000000
2022-09-27,0.8380000000,0.8450000000
2022-09-28,0.8450000000,0.8400000000
2022-09-29,0.8400000000,0.8320000000
2022-09-30,0.8320000000,0.8350000000
2022-10-10,0.8350000000,0.8420000000
2022-10-11,0.8420000000,0.8380000000
2022-10-12,0.8380000000,0.8450000000
2022-10-13,0.8450000000,0.8460000000
2022-10-14,0.8460000000,0.8470000000
2022-10-17,0.8470000000,0.8430000000
2022-10-18,0.8430000000,0.8410000000
2022-10-19,0.8410000000,0.8360000000
2022-10-20,0.8360000000,0.8300000000
2022-10-21,0.8300000000,0.8330000000
2022-10-24,0.8330000000,0.8150000000
2022-10-25,0.8150000000,0.8090000000
2022-10-26,0.8090000000,0.8030000000
2022-10-27,0.8030000000,0.8060000000
2022-10-28,0.8060000000,0.7920000000
2022-10-31,0.7920000000,0.7720000000
2022-11-01,0.7720000000,0.7800000000
2022-11-02,0.7800000000,0.7910000000
2022-11-03,0.7910000000,0.7850000000
2022-11-04,0.7850000000,0.7950000000
2022-11-07,0.7950000000,0.8020000000
2022-11-08,0.8020000000,0.8000000000
2022-11-09,0.8000000000,0.8010000000
2022-11-10,0.8010000000,0.8010000000
2022-11-11,0.8010000000,0.8240000000
2022-11-14,0.8240000000,0.8180000000
2022-11-15,0.8180000000,0.8240000000
2022-11-16,0.8240000000,0.8210000000
2022-11-17,0.8210000000,0.8190000000
2022-11-18,0.8190000000,0.8160000000
2022-11-21,0.8160000000,0.8100000000
2022-11-22,0.8100000000,0.8190000000
2022-11-23,0.8190000000,0.8270000000
2022-11-24,0.8270000000,0.8290000000
2022-11-25,0.8290000000,0.8490000000
2022-11-28,0.8490000000,0.8400000000
2022-11-29,0.8400000000,0.8640000000
2022-11-30,0.8640000000,0.8640000000
2022-12-01,0.8640000000,0.8580000000
2022-12-02,0.8580000000,0.8510000000
2022-12-05,0.8510000000,0.8660000000
2022-12-06,0.8660000000,0.8610000000
2022-12-07,0.8610000000,0.8560000000
2022-12-08,0.8560000000,0.8610000000
2022-12-09,0.8610000000,0.8570000000
2022-12-12,0.8570000000,0.8400000000
2022-12-13,0.8400000000,0.8430000000
2022-12-14,0.8430000000,0.8390000000
2022-12-15,0.8390000000,0.8320000000
2022-12-16,0.8320000000,0.8380000000
2022-12-19,0.8380000000,0.8260000000
2022-12-20,0.8260000000,0.8180000000
2022-12-21,0.8180000000,0.8180000000
2022-12-22,0.8180000000,0.8140000000
2022-12-23,0.8140000000,0.8090000000
2022-12-26,0.8090000000,0.8090000000
2022-12-27,0.8090000000,0.8190000000
2022-12-28,0.8190000000,0.8180000000
2022-12-29,0.8180000000,0.8140000000
2022-12-30,0.8140000000,0.8180000000
2023-01-03,0.8180000000,0.8220000000
2023-01-04,0.8220000000,0.8270000000
2023-01-05,0.8270000000,0.8260000000
2023-01-06,0.8260000000,0.8270000000
2023-01-09,0.8270000000,0.8260000000
2023-01-10,0.8260000000,0.8200000000
2023-01-11,0.8200000000,0.8240000000
2023-01-12,0.8240000000,0.8220000000
2023-01-13,0.8220000000,0.8310000000
2023-01-16,0.8310000000,0.8320000000
2023-01-17,0.8320000000,0.8300000000
2023-01-18,0.8300000000,0.8340000000
2023-01-19,0.8340000000,0.8370000000
2023-01-20,0.8370000000,0.8450000000
2023-01-30,0.8450000000,0.8400000000
2023-01-31,0.8400000000,0.8440000000
2023-02-01,0.8440000000,0.8490000000
2023-02-02,0.8490000000,0.8480000000
2023-02-03,0.8480000000,0.8430000000
2023-02-06,0.8430000000,0.8400000000
2023-02-07,0.8400000000,0.8430000000
2023-02-08,0.8430000000,0.8400000000
2023-02-09,0.8400000000,0.8470000000
2023-02-10,0.8470000000,0.8510000000
2023-02-13,0.8510000000,0.8540000000
2023-02-14,0.8540000000,0.8570000000
2023-02-15,0.8570000000,0.8550000000
2023-02-16,0.8550000000,0.8520000000
2023-02-17,0.8520000000,0.8490000000
2023-02-20,0.8490000000,0.8670000000
2023-02-21,0.8670000000,0.8760000000
2023-02-22,0.8760000000,0.8780000000
2023-02-23,0.8780000000,0.8740000000
2023-02-24,0.8740000000,0.8750000000
2023-02-27,0.8750000000,0.8710000000
2023-02-28,0.8710000000,0.8750000000
2023-03-01,0.8750000000,0.8800000000
2023-03-02,0.8800000000,0.8880000000
2023-03-03,0.8880000000,0.8950000000
2023-03-06,0.8950000000,0.8950000000
2023-03-07,0.8950000000,0.8920000000
2023-03-08,0.8920000000,0.8900000000
2023-03-09,0.8900000000,0.8890000000
2023-03-10,0.8890000000,0.8710000000
2023-03-13,0.8710000000,0.8830000000
2023-03-14,0.8830000000,0.8790000000
2023-03-15,0.8790000000,0.8930000000
2023-03-16,0.8930000000,0.8860000000
2023-03-17,0.8860000000,0.9000000000
2023-03-20,0.9000000000,0.8940000000
2023-03-21,0.8940000000,0.8920000000
2023-03-22,0.8920000000,0.8970000000
2023-03-23,0.8970000000,0.8970000000
2023-03-24,0.8970000000,0.8900000000
2023-03-27,0.8900000000,0.8830000000
2023-03-28,0.8830000000,0.8860000000
2023-03-29,0.8860000000,0.8810000000
2023-03-30,0.8810000000,0.8830000000
2023-03-31,0.8830000000,0.8870000000
2023-04-03,0.8870000000,0.8960000000
2023-04-04,0.8960000000,0.9020000000
2023-04-06,0.9020000000,0.8960000000
2023-04-07,0.8960000000,0.8930000000
2023-04-10,0.8930000000,0.8920000000
2023-04-11,0.8920000000,0.9040000000
2023-04-12,0.9040000000,0.9220000000
2023-04-13,0.9220000000,0.9230000000
2023-04-14,0.9230000000,0.9190000000
2023-04-17,0.9190000000,0.9290000000
2023-04-18,0.9290000000,0.9320000000
2023-04-19,0.9320000000,0.9340000000
2023-04-20,0.9340000000,0.9410000000
2023-04-21,0.9410000000,0.9280000000
2023-04-24,0.9280000000,0.9300000000
2023-04-25,0.9300000000,0.9360000000
2023-04-26,0.9360000000,0.9380000000
2023-04-27,0.9380000000,0.9400000000
2023-04-28,0.9400000000,0.9600000000
2023-05-04,0.9600000000,0.9890000000
2023-05-05,0.9890000000,0.9840000000
2023-05-08,0.9840000000,1.0110000000
2023-05-09,1.0110000000,0.9980000000
2023-05-10,0.9980000000,0.9730000000
2023-05-11,0.9730000000,0.9800000000
2023-05-12,0.9800000000,0.9630000000
2023-05-15,0.9630000000,0.9590000000
2023-05-16,0.9590000000,0.9470000000
2023-05-17,0.9470000000,0.9460000000
2023-05-18,0.9460000000,0.9560000000
2023-05-19,0.9560000000,0.9410000000
2023-05-22,0.9410000000,0.9390000000
2023-05-23,0.9390000000,0.9260000000
2023-05-24,0.9260000000,0.9130000000
2023-05-25,0.9130000000,0.9070000000
2023-05-26,0.9070000000,0.9220000000
2023-05-29,0.9220000000,0.9240000000
2023-05-30,0.9240000000,0.9310000000
2023-05-31,0.9310000000,0.9230000000
2023-06-01,0.9230000000,0.9270000000
2023-06-02,0.9270000000,0.9270000000
2023-06-05,0.9270000000,0.9390000000
2023-06-06,0.9390000000,0.9310000000
2023-06-07,0.9310000000,0.9410000000
2023-06-08,0.9410000000,0.9460000000
2023-06-09,0.9460000000,0.9490000000
2023-06-12,0.9490000000,0.9400000000
2023-06-13,0.9400000000,0.9380000000
2023-06-14,0.9380000000,0.9310000000
2023-06-15,0.9310000000,0.9330000000
2023-06-16,0.9330000000,0.9330000000
2023-06-19,0.9330000000,0.9180000000
2023-06-20,0.9180000000,0.9120000000
2023-06-21,0.9120000000,0.9060000000
2023-06-26,0.9060000000,0.8870000000
2023-06-27,0.8870000000,0.9050000000
2023-06-28,0.9050000000,0.9090000000
2023-06-29,0.9090000000,0.9060000000
2023-06-30,0.9060000000,0.9110000000
2023-07-03,0.9110000000,0.9220000000
2023-07-04,0.9220000000,0.9210000000
2023-07-05,0.9210000000,0.9190000000
2023-07-06,0.9190000000,0.9160000000
2023-07-07,0.9160000000,0.9180000000
2023-07-10,0.9180000000,0.9200000000
2023-07-11,0.9200000000,0.9210000000
2023-07-12,0.9210000000,0.9220000000
2023-07-13,0.9220000000,0.9330000000
2023-07-14,0.9330000000,0.9370000000
2023-07-17,0.9370000000,0.9300000000
2023-07-18,0.9300000000,0.9280000000
2023-07-19,0.9280000000,0.9350000000
2023-07-20,0.9350000000,0.9290000000
2023-07-21,0.9290000000,0.9280000000
2023-07-24,0.9280000000,0.9300000000
2023-07-25,0.9300000000,0.9470000000
2023-07-26,0.9470000000,0.9450000000
2023-07-27,0.9450000000,0.9470000000
2023-07-28,0.9470000000,0.9630000000
2023-07-31,0.9630000000,0.9690000000
2023-08-01,0.9690000000,0.9690000000
2023-08-02,0.9690000000,0.9590000000
2023-08-03,0.9590000000,0.9610000000
2023-08-04,0.9610000000,0.9620000000
2023-08-07,0.9620000000,0.9530000000
2023-08-08,0.9530000000,0.9570000000
2023-08-09,0.9570000000,0.9500000000
2023-08-10,0.9500000000,0.9500000000
2023-08-11,0.9500000000,0.9400000000
2023-08-14,0.9400000000,0.9380000000
2023-08-15,0.9380000000,0.9440000000
2023-08-16,0.9440000000,0.9390000000
2023-08-17,0.9390000000,0.9380000000
2023-08-18,0.9380000000,0.9360000000
2023-08-21,0.9360000000,0.9290000000
2023-08-22,0.9290000000,0.9420000000
2023-08-23,0.9420000000,0.9390000000
2023-08-24,0.9390000000,0.9350000000
2023-08-25,0.9350000000,0.9340000000
2023-08-28,0.9340000000,0.9450000000
2023-08-29,0.9450000000,0.9460000000
2023-08-30,0.9460000000,0.9370000000
2023-08-31,0.9370000000,0.9320000000
2023-09-01,0.9320000000,0.9370000000
2023-09-04,0.9370000000,0.9560000000
2023-09-05,0.9560000000,0.9470000000
2023-09-06,0.9470000000,0.9430000000
2023-09-07,0.9430000000,0.9420000000
2023-09-08,0.9420000000,0.9380000000
2023-09-11,0.9380000000,0.9440000000
2023-09-12,0.9440000000,0.9420000000
2023-09-13,0.9420000000,0.9430000000
2023-09-14,0.9430000000,0.9490000000
2023-09-15,0.9490000000,0.9500000000
2023-09-18,0.9500000000,0.9500000000
2023-09-19,0.9500000000,0.9550000000
2023-09-20,0.9550000000,0.9610000000
2023-09-21,0.9610000000,0.9530000000
2023-09-22,0.9530000000,0.9580000000
2023-09-25,0.9580000000,0.9580000000
2023-09-26,0.9580000000,0.9560000000
2023-09-27,0.9560000000,0.9530000000
2023-09-28,0.9530000000,0.9520000000
2023-10-09,0.9520000000,0.9490000000
2023-10-10,0.9490000000,0.9360000000
2023-10-11,0.9360000000,0.9360000000
2023-10-12,0.9360000000,0.9480000000
2023-10-13,0.9480000000,0.9470000000
2023-10-16,0.9470000000,0.9510000000
2023-10-17,0.9510000000,0.9560000000
2023-10-18,0.9560000000,0.9510000000
2023-10-19,0.9510000000,0.9310000000
2023-10-20,0.9310000000,0.9340000000
2023-10-23,0.9340000000,0.9150000000
2023-10-24,0.9150000000,0.9200000000
2023-10-25,0.9200000000,0.9310000000
2023-10-26,0.9310000000,0.9340000000
2023-10-27,0.9340000000,0.9380000000
2023-10-30,0.9380000000,0.9220000000
2023-10-31,0.9220000000,0.9220000000
2023-11-01,0.9220000000,0.9230000000
2023-11-02,0.9230000000,0.9250000000
2023-11-03,0.9250000000,0.9190000000
2023-11-06,0.9190000000,0.9170000000
2023-11-07,0.9170000000,0.9190000000
2023-11-08,0.9190000000,0.9190000000
2023-11-09,0.9190000000,0.9210000000
2023-11-10,0.9210000000,0.9160000000
2023-11-13,0.9160000000,0.9190000000
2023-11-14,0.9190000000,0.9200000000
2023-11-15,0.9200000000,0.9270000000
2023-11-16,0.9270000000,0.9260000000
2023-11-17,0.9260000000,0.9240000000
2023-11-20,0.9240000000,0.9280000000
2023-11-21,0.9280000000,0.9310000000
2023-11-22,0.9310000000,0.9270000000
2023-11-23,0.9270000000,0.9330000000
2023-11-24,0.9330000000,0.9330000000
2023-11-27,0.9330000000,0.9260000000
2023-11-28,0.9260000000,0.9260000000
2023-11-29,0.9260000000,0.9190000000
2023-11-30,0.9190000000,0.9210000000
2023-12-01,0.9210000000,0.9320000000
2023-12-04,0.9320000000,0.9280000000
2023-12-05,0.9280000000,0.9160000000
2023-12-06,0.9160000000,0.9130000000
2023-12-07,0.9130000000,0.9120000000
2023-12-08,0.9120000000,0.9110000000
2023-12-11,0.9110000000,0.9200000000
2023-12-12,0.9200000000,0.9250000000
2023-12-13,0.9250000000,0.9190000000
2023-12-14,0.9190000000,0.9180000000
2023-12-15,0.9180000000,0.9130000000
2023-12-18,0.9130000000,0.9120000000
2023-12-19,0.9120000000,0.9110000000
2023-12-20,0.9110000000,0.9080000000
2023-12-21,0.9080000000,0.9060000000
2023-12-22,0.9060000000,0.9070000000
2023-12-25,0.9070000000,0.9060000000
2023-12-26,0.9060000000,0.9050000000
2023-12-27,0.9050000000,0.9120000000
2023-12-28,0.9120000000,0.9100000000
2023-12-29,0.9100000000,0.9140000000
2024-01-02,0.9140000000,0.9250000000
2024-01-03,0.9250000000,0.9350000000
2024-01-04,0.9350000000,0.9460000000
2024-01-05,0.9460000000,0.9470000000
2024-01-08,0.9470000000,0.9360000000
2024-01-09,0.9360000000,0.9430000000
2024-01-10,0.9430000000,0.9380000000
2024-01-11,0.9380000000,0.9300000000
2024-01-12,0.9300000000,0.9340000000
2024-01-15,0.9340000000,0.9410000000
2024-01-16,0.9410000000,0.9470000000
2024-01-17,0.9470000000,0.9340000000
2024-01-18,0.9340000000,0.9280000000
2024-01-19,0.9280000000,0.9220000000
2024-01-22,0.9220000000,0.8980000000
2024-01-23,0.8980000000,0.9040000000
2024-01-24,0.9040000000,0.9250000000
2024-01-25,0.9250000000,0.9530000000
2024-01-26,0.9530000000,0.9690000000
2024-01-29,0.9690000000,0.9690000000
2024-01-30,0.9690000000,0.9620000000
2024-01-31,0.9620000000,0.9560000000
2024-02-01,0.9560000000,0.9460000000
2024-02-02,0.9460000000,0.9480000000
2024-02-05,0.9480000000,0.9500000000
2024-02-06,0.9500000000,0.9630000000
2024-02-07,0.9630000000,0.9740000000
2024-02-08,0.9740000000,0.9730000000
2024-02-19,0.9730000000,0.9960000000
2024-02-20,0.9960000000,1.0040000000
2024-02-21,1.0040000000,1.0090000000
2024-02-22,1.0090000000,1.0210000000
2024-02-23,1.0210000000,1.0230000000
2024-02-26,1.0230000000,0.9970000000
2024-02-27,0.9970000000,1.0040000000
2024-02-28,1.0040000000,0.9960000000
2024-02-29,0.9960000000,1.0040000000
2024-03-01,1.0040000000,1.0040000000
2024-03-04,1.0040000000,1.0090000000
2024-03-05,1.0090000000,1.0180000000
2024-03-06,1.0180000000,1.0180000000
2024-03-07,1.0180000000,1.0210000000
2024-03-08,1.0210000000,1.0270000000
2024-03-11,1.0270000000,1.0200000000
2024-03-12,1.0200000000,0.9950000000
2024-03-13,0.9950000000,0.9930000000
2024-03-14,0.9930000000,0.9960000000
2024-03-15,0.9960000000,0.9970000000
2024-03-18,0.9970000000,0.9980000000
2024-03-19,0.9980000000,0.9940000000
2024-03-20,0.9940000000,1.0000000000
2024-03-21,1.0000000000,1.0060000000
2024-03-22,1.0060000000,1.0010000000
2024-03-25,1.0010000000,1.0030000000
2024-03-26,1.0030000000,1.0040000000
2024-03-27,1.0040000000,0.9980000000
2024-03-28,0.9980000000,1.0000000000
2024-03-29,1.0000000000,1.0150000000
2024-04-01,1.0150000000,1.0150000000
2024-04-02,1.0150000000,1.0230000000
2024-04-03,1.0230000000,1.0330000000
2024-04-08,1.0330000000,1.0360000000
2024-04-09,1.0360000000,1.0290000000
2024-04-10,1.0290000000,1.0300000000
2024-04-11,1.0300000000,1.0430000000
2024-04-12,1.0430000000,1.0400000000
2024-04-15,1.0400000000,1.0630000000
2024-04-16,1.0630000000,1.0610000000
2024-04-17,1.0610000000,1.0820000000
2024-04-18,1.0820000000,1.0820000000
2024-04-19,1.0820000000,1.0840000000
2024-04-22,1.0840000000,1.0620000000
2024-04-23,1.0620000000,1.0460000000
2024-04-24,1.0460000000,1.0430000000
2024-04-25,1.0430000000,1.0520000000
2024-04-26,1.0520000000,1.0390000000
2024-04-29,1.0390000000,1.0360000000
2024-04-30,1.0360000000,1.0400000000
2024-05-06,1.0400000000,1.0470000000
2024-05-07,1.0470000000,1.0480000000
2024-05-08,1.0480000000,1.0530000000
2024-05-09,1.0530000000,1.0610000000
2024-05-10,1.0610000000,1.0660000000
2024-05-13,1.0660000000,1.0720000000
2024-05-14,1.0720000000,1.0680000000
2024-05-15,1.0680000000,1.0660000000
2024-05-16,1.0660000000,1.0680000000
2024-05-17,1.0680000000,1.0750000000
2024-05-20,1.0750000000,1.0870000000
2024-05-21,1.0870000000,1.0890000000
2024-05-22,1.0890000000,1.0880000000
2024-05-23,1.0880000000,1.0760000000
2024-05-24,1.0760000000,1.0760000000
2024-05-27,1.0760000000,1.0950000000
2024-05-28,1.0950000000,1.0900000000
2024-05-29,1.0900000000,1.0920000000
2024-05-30,1.0920000000,1.0830000000
2024-05-31,1.0830000000,1.0850000000
2024-06-03,1.0850000000,1.0710000000
2024-06-04,1.0710000000,1.0760000000
2024-06-05,1.0760000000,1.0600000000
2024-06-06,1.0600000000,1.0660000000
2024-06-07,1.0660000000,1.0750000000
2024-06-11,1.0750000000,1.0550000000
2024-06-12,1.0550000000,1.0660000000
2024-06-13,1.0660000000,1.0550000000
2024-06-14,1.0550000000,1.0580000000
2024-06-17,1.0580000000,1.0440000000
2024-06-18,1.0440000000,1.0470000000
2024-06-19,1.0470000000,1.0510000000
2024-06-20,1.0510000000,1.0500000000
2024-06-21,1.0500000000,1.0500000000
2024-06-24,1.0500000000,1.0360000000
2024-06-25,1.0360000000,1.0420000000
2024-06-26,1.0420000000,1.0470000000
2024-06-27,1.0470000000,1.0460000000
2024-06-28,1.0460000000,1.0590000000
2024-07-01,1.0590000000,1.0780000000
2024-07-02,1.0780000000,1.0800000000
2024-07-03,1.0800000000,1.0680000000
2024-07-04,1.0680000000,1.0640000000
2024-07-05,1.0640000000,1.0570000000
2024-07-08,1.0570000000,1.0520000000
2024-07-09,1.0520000000,1.0650000000
2024-07-10,1.0650000000,1.0440000000
2024-07-11,1.0440000000,1.0460000000
2024-07-12,1.0460000000,1.0470000000
2024-07-15,1.0470000000,1.0570000000
2024-07-16,1.0570000000,1.0530000000
2024-07-17,1.0530000000,1.0470000000
2024-07-18,1.0470000000,1.0510000000
2024-07-19,1.0510000000,1.0430000000
2024-07-22,1.0430000000,1.0330000000
2024-07-23,1.0330000000,1.0290000000
2024-07-24,1.0290000000,1.0290000000
2024-07-25,1.0290000000,1.0240000000
2024-07-26,1.0240000000,1.0160000000
2024-07-29,1.0160000000,1.0210000000
2024-07-30,1.0210000000,1.0130000000
2024-07-31,1.0130000000,1.0240000000
2024-08-01,1.0240000000,1.0250000000
2024-08-02,1.0250000000,1.0230000000
2024-08-05,1.0230000000,1.0130000000
2024-08-06,1.0130000000,1.0070000000
2024-08-07,1.0070000000,1.0120000000
2024-08-08,1.0120000000,1.0120000000
2024-08-09,1.0120000000,1.0140000000
2024-08-12,1.0140000000,1.0170000000
2024-08-13,1.0170000000,1.0200000000
2024-08-14,1.0200000000,1.0170000000
2024-08-15,1.0170000000,1.0290000000
2024-08-16,1.0290000000,1.0330000000
2024-08-19,1.0330000000,1.0480000000
2024-08-20,1.0480000000,1.0390000000
2024-08-21,1.0390000000,1.0280000000
2024-08-22,1.0280000000,1.0310000000
2024-08-23,1.0310000000,1.0300000000
2024-08-26,1.0300000000,1.0310000000
2024-08-27,1.0310000000,1.0370000000
2024-08-28,1.0370000000,1.0310000000
2024-08-29,1.0310000000,1.0080000000
2024-08-30,1.0080000000,1.0030000000
2024-09-02,1.0030000000,1.0060000000
2024-09-03,1.0060000000,0.9950000000
2024-09-04,0.9950000000,0.9930000000
2024-09-05,0.9930000000,0.9900000000
2024-09-06,0.9900000000,0.9820000000
2024-09-09,0.9820000000,0.9660000000
2024-09-10,0.9660000000,0.9670000000
2024-09-11,0.9670000000,0.9440000000
2024-09-12,0.9440000000,0.9490000000
2024-09-13,0.9490000000,0.9460000000
2024-09-18,0.9460000000,0.9620000000
2024-09-19,0.9620000000,0.9620000000
2024-09-20,0.9620000000,0.9600000000
2024-09-23,0.9600000000,0.9710000000
2024-09-24,0.9710000000,1.0150000000
2024-09-25,1.0150000000,1.0310000000
2024-09-26,1.0310000000,1.0620000000
2024-09-27,1.0620000000,1.0620000000
2024-09-30,1.0620000000,1.1270000000
2024-10-08,1.1270000000,1.1420000000
2024-10-09,1.1420000000,1.0540000000
2024-10-10,1.0540000000,1.1020000000
2024-10-11,1.1020000000,1.0820000000
2024-10-14,1.0820000000,1.1130000000
2024-10-15,1.1130000000,1.0890000000
2024-10-16,1.0890000000,1.1080000000
2024-10-17,1.1080000000,1.0960000000
2024-10-18,1.0960000000,1.1020000000
2024-10-21,1.1020000000,1.0920000000
2024-10-22,1.0920000000,1.0960000000
2024-10-23,1.0960000000,1.0950000000
2024-10-24,1.0950000000,1.0890000000
2024-10-25,1.0890000000,1.0870000000
2024-10-28,1.0870000000,1.0890000000
2024-10-29,1.0890000000,1.0730000000
2024-10-30,1.0730000000,1.0660000000
2024-10-31,1.0660000000,1.0630000000
2024-11-01,1.0630000000,1.0760000000
2024-11-04,1.0760000000,1.0850000000
2024-11-05,1.0850000000,1.0980000000
2024-11-06,1.0980000000,1.0950000000
2024-11-07,1.0950000000,1.1140000000
2024-11-08,1.1140000000,1.0990000000
2024-11-11,1.0990000000,1.0890000000
2024-11-12,1.0890000000,1.0790000000
2024-11-13,1.0790000000,1.0860000000
2024-11-14,1.0860000000,1.0780000000
2024-11-15,1.0780000000,1.0760000000
2024-11-18,1.0760000000,1.0950000000
2024-11-19,1.0950000000,1.0960000000
2024-11-20,1.0960000000,1.0980000000
2024-11-21,1.0980000000,1.0970000000
2024-11-22,1.0970000000,1.0680000000
2024-11-25,1.0680000000,1.0710000000
2024-11-26,1.0710000000,1.0730000000
2024-11-27,1.0730000000,1.0850000000
2024-11-28,1.0850000000,1.0830000000
2024-11-29,1.0830000000,1.0850000000
2024-12-02,1.0850000000,1.0860000000
2024-12-03,1.0860000000,1.0990000000
2024-12-04,1.0990000000,1.1010000000
2024-12-05,1.1010000000,1.1010000000
2024-12-06,1.1010000000,1.1150000000
2024-12-09,1.1150000000,1.1190000000
2024-12-10,1.1190000000,1.1190000000
2024-12-11,1.1190000000,1.1220000000
2024-12-12,1.1220000000,1.1230000000
2024-12-13,1.1230000000,1.1040000000
2024-12-16,1.1040000000,1.1220000000
2024-12-17,1.1220000000,1.1140000000
2024-12-18,1.1140000000,1.1220000000
2024-12-19,1.1220000000,1.1080000000
2024-12-20,1.1080000000,1.1010000000
2024-12-23,1.1010000000,1.1060000000
2024-12-24,1.1060000000,1.1150000000
2024-12-25,1.1150000000,1.1220000000
2024-12-26,1.1220000000,1.1190000000
2024-12-27,1.1190000000,1.1230000000
2024-12-30,1.1230000000,1.1310000000
2024-12-31,1.1310000000,1.1240000000
2025-01-02,1.1240000000,1.1010000000
2025-01-03,1.1010000000,1.0860000000
2025-01-06,1.0860000000,1.0870000000
2025-01-07,1.0870000000,1.0910000000
2025-01-08,1.0910000000,1.0950000000
2025-01-09,1.0950000000,1.0840000000
2025-01-10,1.0840000000,1.0700000000
2025-01-13,1.0700000000,1.0580000000
2025-01-14,1.0580000000,1.0740000000
2025-01-15,1.0740000000,1.0780000000
2025-01-16,1.0780000000,1.0870000000
2025-01-17,1.0870000000,1.0840000000
2025-01-20,1.0840000000,1.0850000000
2025-01-21,1.0850000000,1.0760000000
2025-01-22,1.0760000000,1.0610000000
2025-01-23,1.0610000000,1.0780000000
2025-01-24,1.0780000000,1.0820000000
2025-01-27,1.0820000000,1.0970000000
2025-02-05,1.0970000000,1.0770000000
2025-02-06,1.0770000000,1.0780000000
2025-02-07,1.0780000000,1.0790000000
2025-02-10,1.0790000000,1.0790000000
2025-02-11,1.0790000000,1.0890000000
2025-02-12,1.0890000000,1.0910000000
2025-02-13,1.0910000000,1.0940000000
2025-02-14,1.0940000000,1.0940000000
2025-02-17,1.0940000000,1.0930000000
2025-02-18,1.0930000000,1.0950000000
2025-02-19,1.0950000000,1.0940000000
2025-02-20,1.0940000000,1.0900000000
2025-02-21,1.0900000000,1.0820000000
2025-02-24,1.0820000000,1.0790000000
2025-02-25,1.0790000000,1.0710000000
2025-02-26,1.0710000000,1.0790000000
2025-02-27,1.0790000000,1.0890000000
2025-02-28,1.0890000000,1.0840000000
2025-03-03,1.0840000000,1.0830000000
2025-03-04,1.0830000000,1.0840000000
2025-03-05,1.0840000000,1.0910000000
2025-03-06,1.0910000000,1.0870000000
2025-03-07,1.0870000000,1.0850000000
2025-03-10,1.0850000000,1.0790000000
2025-03-11,1.0790000000,1.0840000000
2025-03-12,1.0840000000,1.0860000000
2025-03-13,1.0860000000,1.0910000000
2025-03-14,1.0910000000,1.1000000000
2025-03-17,1.1000000000,1.1040000000
2025-03-18,1.1040000000,1.1020000000
2025-03-19,1.1020000000,1.1080000000
2025-03-20,1.1080000000,1.1050000000
2025-03-21,1.1050000000,1.1030000000
2025-03-24,1.1030000000,1.1080000000
2025-03-25,1.1080000000,1.1150000000
2025-03-26,1.1150000000,1.1120000000
2025-03-27,1.1120000000,1.1150000000
2025-03-28,1.1150000000,1.1120000000
2025-03-31,1.1120000000,1.1120000000
2025-04-01,1.1120000000,1.1150000000
2025-04-02,1.1150000000,1.1210000000
2025-04-03,1.1210000000,1.1250000000
2025-04-07,1.1250000000,1.0640000000
2025-04-08,1.0640000000,1.0880000000
2025-04-09,1.0880000000,1.0850000000
2025-04-10,1.0850000000,1.0900000000
2025-04-11,1.0900000000,1.0870000000
2025-04-14,1.0870000000,1.0950000000
2025-04-15,1.0950000000,1.1060000000
2025-04-16,1.1060000000,1.1160000000
2025-04-17,1.1160000000,1.1170000000
2025-04-18,1.1170000000,1.1200000000
2025-04-21,1.1200000000,1.1140000000
2025-04-22,1.1140000000,1.1210000000
2025-04-23,1.1210000000,1.1160000000
2025-04-24,1.1160000000,1.1260000000
2025-04-25,1.1260000000,1.1250000000
2025-04-28,1.1250000000,1.1300000000
2025-04-29,1.1300000000,1.1270000000
2025-04-30,1.1270000000,1.1090000000
2025-05-06,1.1090000000,1.1090000000
2025-05-07,1.1090000000,1.1180000000
2025-05-08,1.1180000000,1.1240000000
2025-05-09,1.1240000000,1.1320000000
2025-05-12,1.1320000000,1.1330000000
2025-05-13,1.1330000000,1.1440000000
2025-05-14,1.1440000000,1.1520000000
2025-05-15,1.1520000000,1.1480000000
2025-05-16,1.1480000000,1.1400000000
2025-05-19,1.1400000000,1.1420000000
2025-05-20,1.1420000000,1.1470000000
2025-05-21,1.1470000000,1.1550000000
2025-05-22,1.1550000000,1.1590000000
2025-05-23,1.1590000000,1.1500000000
2025-05-26,1.1500000000,1.1470000000
2025-05-27,1.1470000000,1.1490000000
2025-05-28,1.1490000000,1.1540000000
2025-05-29,1.1540000000,1.1520000000
2025-05-30,1.1520000000,1.1590000000
2025-06-03,1.1590000000,1.1690000000
2025-06-04,1.1690000000,1.1740000000
2025-06-05,1.1740000000,1.1650000000
2025-06-06,1.1650000000,1.1680000000
2025-06-09,1.1680000000,1.1690000000
2025-06-10,1.1690000000,1.1690000000
2025-06-11,1.1690000000,1.1730000000
2025-06-12,1.1730000000,1.1760000000
2025-06-13,1.1760000000,1.1690000000
2025-06-16,1.1690000000,1.1750000000
2025-06-17,1.1750000000,1.1720000000
2025-06-18,1.1720000000,1.1790000000
2025-06-19,1.1790000000,1.1770000000
2025-06-20,1.1770000000,1.1820000000
2025-06-23,1.1820000000,1.1900000000
2025-06-24,1.1900000000,1.1910000000
2025-06-25,1.1910000000,1.2010000000
2025-06-26,1.2010000000,1.2060000000
2025-06-27,1.2060000000,1.1880000000
2025-06-30,1.1880000000,1.1860000000
2025-07-01,1.1860000000,1.1970000000
2025-07-02,1.1970000000,1.2000000000
2025-07-03,1.2000000000,1.2010000000
2025-07-04,1.2010000000,1.2110000000
2025-07-07,1.2110000000,1.2180000000
2025-07-08,1.2180000000,1.2150000000
2025-07-09,1.2150000000,1.2230000000
2025-07-10,1.2230000000,1.2300000000
2025-07-11,1.2300000000,1.2190000000
2025-07-14,1.2190000000,1.2270000000
2025-07-15,1.2270000000,1.2160000000
2025-07-16,1.2160000000,1.2100000000
2025-07-17,1.2100000000,1.2080000000
2025-07-18,1.2080000000,1.2130000000
2025-07-21,1.2130000000,1.2130000000
2025-07-22,1.2130000000,1.2140000000
2025-07-23,1.2140000000,1.2170000000
2025-07-24,1.2170000000,1.2080000000
2025-07-25,1.2080000000,1.1990000000
2025-07-28,1.1990000000,1.1970000000
2025-07-29,1.1970000000,1.1890000000
2025-07-30,1.1890000000,1.1940000000
2025-07-31,1.1940000000,1.1800000000
2025-08-01,1.1800000000,1.1810000000
2025-08-04,1.1810000000,1.1870000000
2025-08-05,1.1870000000,1.2000000000
2025-08-06,1.2000000000,1.2010000000
2025-08-07,1.2010000000,1.2060000000
2025-08-08,1.2060000000,1.2070000000
2025-08-11,1.2070000000,1.2000000000
2025-08-12,1.2000000000,1.2020000000
2025-08-13,1.2020000000,1.1980000000
2025-08-14,1.1980000000,1.1990000000
2025-08-15,1.1990000000,1.1950000000
2025-08-18,1.1950000000,1.1970000000
2025-08-19,1.1970000000,1.1960000000
2025-08-20,1.1960000000,1.2070000000
2025-08-21,1.2070000000,1.2140000000
2025-08-22,1.2140000000,1.2090000000
2025-08-25,1.2090000000,1.2190000000
2025-08-26,1.2190000000,1.2160000000
2025-08-27,1.2160000000,1.1970000000
2025-08-28,1.1970000000,1.1970000000
2025-08-29,1.1970000000,1.1940000000
2025-09-01,1.1940000000,1.1910000000
2025-09-02,1.1910000000,1.2000000000
2025-09-03,1.2000000000,1.1870000000
2025-09-04,1.1870000000,1.1900000000
2025-09-05,1.1900000000,1.1850000000
2025-09-08,1.1850000000,1.1850000000
2025-09-09,1.1850000000,1.1910000000
2025-09-10,1.1910000000,1.1880000000
2025-09-11,1.1880000000,1.1920000000
2025-09-12,1.1920000000,1.1840000000
2025-09-15,1.1840000000,1.1740000000
2025-09-16,1.1740000000,1.1700000000
2025-09-17,1.1700000000,1.1750000000
2025-09-18,1.1750000000,1.1530000000
2025-09-19,1.1530000000,1.1590000000
2025-09-22,1.1590000000,1.1500000000
2025-09-23,1.1500000000,1.1570000000
2025-09-24,1.1570000000,1.1570000000
2025-09-25,1.1570000000,1.1490000000
2025-09-26,1.1490000000,1.1490000000
2025-09-29,1.1490000000,1.1470000000
2025-09-30,1.1470000000,1.1390000000
2025-10-09,1.1390000000,1.1420000000
2025-10-10,1.1420000000,1.1500000000
2025-10-13,1.1500000000,1.1560000000
2025-10-14,1.1560000000,1.1770000000
2025-10-15,1.1770000000,1.1820000000
2025-10-16,1.1820000000,1.1900000000
2025-10-17,1.1900000000,1.1850000000
2025-10-20,1.1850000000,1.1870000000
2025-10-21,1.1870000000,1.1900000000
2025-10-22,1.1900000000,1.1990000000
2025-10-23,1.1990000000,1.2060000000
2025-10-24,1.2060000000,1.1970000000
2025-10-27,1.1970000000,1.1980000000
2025-10-28,1.1980000000,1.1980000000
2025-10-29,1.1980000000,1.1870000000
2025-10-30,1.1870000000,1.1900000000
2025-10-31,1.1900000000,1.1880000000
2025-11-03,1.1880000000,1.2040000000
2025-11-04,1.2040000000,1.2170000000
2025-11-05,1.2170000000,1.2170000000
2025-11-06,1.2170000000,1.2160000000
2025-11-07,1.2160000000,1.2170000000
2025-11-10,1.2170000000,1.2270000000
2025-11-11,1.2270000000,1.2320000000
2025-11-12,1.2320000000,1.2430000000
2025-11-13,1.2430000000,1.2390000000
2025-11-14,1.2390000000,1.2350000000
2025-11-17,1.2350000000,1.2240000000
2025-11-18,1.2240000000,1.2170000000
2025-11-19,1.2170000000,1.2190000000
2025-11-20,1.2190000000,1.2280000000
2025-11-21,1.2280000000,1.2090000000
2025-11-24,1.2090000000,1.2020000000
2025-11-25,1.2020000000,1.2090000000
2025-11-26,1.2090000000,1.2030000000
2025-11-27,1.2030000000,1.2050000000
2025-11-28,1.2050000000,1.2040000000
2025-12-01,1.2040000000,1.2110000000
2025-12-02,1.2110000000,1.2080000000
2025-12-03,1.2080000000,1.2030000000
2025-12-04,1.2030000000,1.1980000000
2025-12-05,1.1980000000,1.1930000000
2025-12-08,1.1930000000,1.1900000000
2025-12-09,1.1900000000,1.1810000000
2025-12-10,1.1810000000,1.1760000000
2025-12-11,1.1760000000,1.1730000000
2025-12-12,1.1730000000,1.1740000000
2025-12-15,1.1740000000,1.1750000000
2025-12-16,1.1750000000,1.1690000000
2025-12-17,1.1690000000,1.1710000000
2025-12-18,1.1710000000,1.1810000000
2025-12-19,1.1810000000,1.1810000000
2025-12-22,1.1810000000,1.1730000000
2025-12-23,1.1730000000,1.1730000000
2025-12-24,1.1730000000,1.1770000000
2025-12-25,1.1770000000,1.1780000000
2025-12-26,1.1780000000,1.1750000000
2025-12-29,1.1750000000,1.1760000000
2025-12-30,1.1760000000,1.1750000000
2025-12-31,1.1750000000,1.1760000000
2026-01-05,1.1760000000,1.1730000000
2026-01-06,1.1730000000,1.1740000000
2026-01-07,1.1740000000,1.1700000000
2026-01-08,1.1700000000,1.1610000000
2026-01-09,1.1610000000,1.1620000000
2026-01-12,1.1620000000,1.1640000000
2026-01-13,1.1640000000,1.1660000000
2026-01-14,1.1660000000,1.1560000000
2026-01-15,1.1560000000,1.1530000000
2026-01-16,1.1530000000,1.1430000000
2026-01-19,1.1430000000,1.1440000000
2026-01-20,1.1440000000,1.1600000000
2026-01-21,1.1600000000,1.1510000000
2026-01-22,1.1510000000,1.1520000000
2026-01-23,1.1520000000,1.1480000000
2026-01-26,1.1480000000,1.1560000000
2026-01-27,1.1560000000,1.1480000000
2026-01-28,1.1480000000,1.1520000000
2026-01-29,1.1520000000,1.1690000000
2026-01-30,1.1690000000,1.1680000000
2026-02-02,1.1680000000,1.1540000000
2026-02-03,1.1540000000,1.1500000000
2026-02-04,1.1500000000,1.1660000000
2026-02-05,1.1660000000,1.1810000000
2026-02-06,1.1810000000,1.1780000000
2026-02-09,1.1780000000,1.1810000000
2026-02-10,1.1810000000,1.1860000000
2026-02-11,1.1860000000,1.1880000000
2026-02-12,1.1880000000,1.1770000000
2026-02-13,1.1770000000,1.1670000000
2026-02-24,1.1670000000,1.1720000000
2026-02-25,1.1720000000,1.1690000000
2026-02-26,1.1690000000,1.1680000000
2026-02-27,1.1680000000,1.1720000000
2026-03-02,1.1720000000,1.1830000000
2026-03-03,1.1830000000,1.1960000000
2026-03-04,1.1960000000,1.1800000000
2026-03-05,1.1800000000,1.1820000000
2026-03-06,1.1820000000,1.1880000000
2026-03-09,1.1880000000,1.1870000000
2026-03-10,1.1870000000,1.1850000000
2026-03-11,1.1850000000,1.1960000000
2026-03-12,1.1960000000,1.2020000000
2026-03-13,1.2020000000,1.2050000000
2026-03-16,1.2050000000,1.2050000000
2026-03-17,1.2050000000,1.2100000000
2026-03-18,1.2100000000,1.2040000000
2026-03-19,1.2040000000,1.2010000000
2026-03-20,1.2010000000,1.1960000000
2026-03-23,1.1960000000,1.1580000000
2026-03-24,1.1580000000,1.1780000000
2026-03-25,1.1780000000,1.1880000000
2026-03-26,1.1880000000,1.1850000000
2026-03-27,1.1850000000,1.1830000000
2026-03-30,1.1830000000,1.1930000000
2026-03-31,1.1930000000,1.1980000000
2026-04-01,1.1980000000,1.1970000000
2026-04-02,1.1970000000,1.2010000000
2026-04-03,1.2010000000,1.1880000000
2026-04-07,1.1880000000,1.1800000000
2026-04-08,1.1800000000,1.1900000000
2026-04-09,1.1900000000,1.1830000000
2026-04-10,1.1830000000,1.1810000000
2026-04-13,1.1810000000,1.1760000000
2026-04-14,1.1760000000,1.1810000000
2026-04-15,1.1810000000,1.1890000000
2026-04-16,1.1890000000,1.1890000000
2026-04-17,1.1890000000,1.1840000000
2026-04-20,1.1840000000,1.1900000000
2026-04-21,1.1900000000,1.1970000000
2026-04-22,1.1970000000,1.1920000000
2026-04-23,1.1920000000,1.1980000000
2026-04-24,1.1980000000,1.1980000000
2026-04-27,1.1980000000,1.1890000000
2026-04-28,1.1890000000,1.1920000000
2026-04-29,1.1920000000,1.1950000000
2026-04-30,1.1950000000,1.1880000000
2026-05-06,1.1880000000,1.1830000000
2026-05-07,1.1830000000,1.1780000000
2026-05-08,1.1780000000,1.1770000000
2026-05-11,1.1770000000,1.1780000000
2026-05-12,1.1780000000,1.1760000000
2026-05-13,1.1760000000,1.1770000000
2026-05-14,1.1770000000,1.1760000000
2026-05-15,1.1760000000,1.1670000000
2026-05-18,1.1670000000,1.1600000000
2026-05-19,1.1600000000,1.1690000000
2026-05-20,1.1690000000,1.1640000000
2026-05-21,1.1640000000,1.1610000000
2026-05-22,1.1610000000,1.1550000000
2026-05-25,1.1550000000,1.1520000000
2026-05-26,1.1520000000,1.1560000000
2026-05-27,1.1560000000,1.1500000000
2026-05-28,1.1500000000,1.1440000000
2026-05-29,1.1440000000,1.1670000000
