date,gc001_weighted_average_rate_pct
2006-12-05,1.603
2006-12-06,1.526
2006-12-07,4.147
2006-12-08,2.767
2006-12-11,2.389
2006-12-12,2.59
2006-12-13,2.44
2006-12-14,2.81
2006-12-15,1.8
2006-12-18,2.017
2006-12-19,1.837
2006-12-22,1.703
2006-12-25,2.592
2006-12-26,10.132
2006-12-27,6.934
2006-12-28,7.767
2006-12-29,1.433
2007-01-04,2.059
2007-01-09,1.449
2007-01-10,1.611
2007-01-11,3.254
2007-01-12,2.412
2007-01-15,2.304
2007-01-16,2.181
2007-01-25,8.536
2007-01-26,4.295
2007-01-29,1.615
2007-01-30,1.583
2007-01-31,1.571
2007-02-01,2.776
2007-02-02,1.604
2007-02-05,1.713
2007-02-06,4.287
2007-02-07,2.145
2007-02-08,5.786
2007-02-09,4.59
2007-02-12,33.654
2007-02-13,15.251
2007-02-14,2.795
2007-02-15,6.787
2007-02-16,2.161
2007-02-26,1.689
2007-02-27,1.515
2007-02-28,1.555
2007-03-02,1.481
2007-03-05,1.356
2007-03-06,1.342
2007-03-07,1.305
2007-03-08,1.681
2007-03-09,1.391
2007-03-12,1.439
2007-03-13,1.38
2007-03-14,1.436
2007-03-15,1.926
2007-03-16,3.064
2007-03-19,2.956
2007-03-20,2.466
2007-03-21,1.804
2007-03-22,4.005
2007-03-23,1.997
2007-03-26,2.044
2007-03-27,1.657
2007-03-28,1.603
2007-03-29,1.995
2007-03-30,1.611
2007-04-02,1.643
2007-04-03,1.583
2007-04-04,1.505
2007-04-05,3.028
2007-04-06,3.447
2007-04-09,1.928
2007-04-10,1.882
2007-04-11,1.681
2007-04-13,3.322
2007-04-18,2.102
2007-04-20,4.732
2007-04-25,8.567
2007-04-26,11.99
2007-05-09,2.041
2007-05-10,2.995
2007-05-11,2.064
2007-05-14,2.482
2007-05-16,1.43
2007-05-17,1.688
2007-05-18,1.283
2007-05-21,1.646
2007-05-22,1.511
2007-05-23,1.452
2007-05-24,1.619
2007-05-25,1.558
2007-05-28,1.517
2007-05-29,1.52
2007-05-30,1.502
2007-05-31,3.936
2007-06-01,3.46
2007-06-04,2.726
2007-06-05,1.978
2007-06-06,1.347
2007-06-07,1.588
2007-06-08,1.538
2007-06-11,1.484
2007-06-12,1.416
2007-06-13,1.377
2007-06-14,1.74
2007-06-15,2.872
2007-06-18,29.914
2007-06-19,22.41
2007-06-20,3.283
2007-06-21,1.574
2007-06-22,1.73
2007-06-25,1.486
2007-06-26,1.344
2007-06-27,1.367
2007-06-28,1.726
2007-06-29,1.622
2007-07-02,2.179
2007-07-03,17.387
2007-07-04,5.094
2007-07-05,5.782
2007-07-06,1.544
2007-07-09,1.31
2007-07-10,1.262
2007-07-11,1.613
2007-07-12,15.504
2007-07-13,4.134
2007-07-16,2.128
2007-07-17,1.322
2007-07-18,1.209
2007-07-19,1.442
2007-07-20,1.327
2007-07-23,1.765
2007-07-24,3.284
2007-07-25,2.954
2007-07-26,8.621
2007-07-27,1.832
2007-07-30,2.02
2007-07-31,1.95
2007-08-01,6.593
2007-08-02,5.789
2007-08-03,2.374
2007-08-06,1.837
2007-08-07,1.975
2007-08-08,1.963
2007-08-09,2.425
2007-08-10,1.882
2007-08-13,1.382
2007-08-14,1.293
2007-08-15,1.243
2007-08-16,1.477
2007-08-17,1.27
2007-08-21,1.212
2007-08-22,1.14
2007-08-23,1.421
2007-08-24,1.616
2007-08-27,2.366
2007-08-28,1.804
2007-08-29,1.704
2007-08-30,1.538
2007-08-31,1.661
2007-09-03,1.93
2007-09-04,1.759
2007-09-05,1.74
2007-09-06,1.638
2007-09-07,2.111
2007-09-10,2.26
2007-09-11,22.704
2007-09-12,3.972
2007-09-13,6.305
2007-09-14,3.274
2007-09-17,26.4
2007-09-18,12.457
2007-09-19,6.159
2007-09-20,30.746
2007-09-21,11.219
2007-09-24,8.762
2007-09-25,67.245
2007-09-26,22.288
2007-09-27,14.703
2007-09-28,1.402
2007-10-08,1.44
2007-10-09,1.36
2007-10-10,1.281
2007-10-11,2.687
2007-10-12,2.004
2007-10-15,1.405
2007-10-16,1.271
2007-10-17,1.255
2007-10-18,3.802
2007-10-19,2.175
2007-10-22,2.052
2007-10-23,1.394
2007-10-24,1.326
2007-10-25,2.257
2007-10-26,56.187
2007-10-29,7.552
2007-10-30,2.515
2007-10-31,2.751
2007-11-01,5.661
2007-11-02,1.878
2007-11-05,1.952
2007-11-07,1.599
2007-11-08,2.507
2007-11-09,1.673
2007-11-12,1.454
2007-11-13,1.119
2007-11-14,1.1
2007-11-15,2.275
2007-11-16,1.697
2007-11-19,1.82
2007-11-20,1.683
2007-11-21,29.042
2007-11-22,7.589
2007-11-23,2.37
2007-11-26,1.931
2007-11-27,1.887
2007-11-28,1.835
2007-11-29,1.527
2007-11-30,1.646
2007-12-03,1.653
2007-12-04,1.987
2007-12-05,28.153
2007-12-06,11.3
2007-12-07,2.562
2007-12-10,1.31
2007-12-12,1.356
2007-12-14,68.388
2007-12-17,6.05
2007-12-18,2.222
2007-12-19,1.399
2007-12-20,2.156
2007-12-21,1.827
2007-12-24,1.515
2007-12-25,1.231
2007-12-26,1.258
2007-12-27,1.928
2007-12-28,2.019
2008-01-02,1.453
2008-01-03,5.548
2008-01-04,2.327
2008-01-07,2.038
2008-01-08,1.253
2008-01-09,1.417
2008-01-10,4.143
2008-01-11,1.543
2008-01-14,1.307
2008-01-15,1.138
2008-01-16,1.242
2008-01-17,4.262
2008-01-18,1.642
2008-01-21,1.978
2008-01-22,1.764
2008-01-23,1.519
2008-01-24,2.944
2008-01-25,29.195
2008-01-28,7.829
2008-01-29,2.574
2008-01-30,2.031
2008-01-31,5.391
2008-02-01,3.02
2008-02-04,6.41
2008-02-05,1.904
2008-02-13,1.839
2008-02-14,3.332
2008-02-15,2.015
2008-02-18,1.381
2008-02-19,1.247
2008-02-20,1.251
2008-02-21,3.645
2008-02-22,1.857
2008-02-25,1.81
2008-02-26,9.877
2008-02-27,2.601
2008-02-28,5.023
2008-02-29,1.561
2008-03-03,1.32
2008-03-04,1.461
2008-03-05,1.813
2008-03-06,2.742
2008-03-07,1.662
2008-03-10,1.42
2008-03-11,1.244
2008-03-12,1.261
2008-03-13,2.066
2008-03-14,1.616
2008-03-17,1.3
2008-03-18,1.29
2008-03-19,1.303
2008-03-20,2.137
2008-03-21,1.893
2008-03-24,1.308
2008-03-25,1.502
2008-03-26,1.535
2008-03-27,2.631
2008-03-28,2.013
2008-03-31,1.516
2008-04-01,1.619
2008-04-02,2.697
2008-04-03,1.894
2008-04-07,1.445
2008-04-08,1.702
2008-04-09,7.277
2008-04-10,6.529
2008-04-11,1.702
2008-04-14,1.276
2008-04-15,1.559
2008-04-16,5.953
2008-04-17,6.132
2008-04-18,2.561
2008-04-21,1.612
2008-04-22,2.781
2008-04-23,2.528
2008-04-24,3.677
2008-04-25,3.159
2008-04-28,2.846
2008-04-29,4.943
2008-04-30,2.059
2008-05-05,1.369
2008-05-06,3.956
2008-05-07,3.562
2008-05-08,6.478
2008-05-09,1.928
2008-05-12,2.597
2008-05-13,2.906
2008-05-14,2.93
2008-05-15,3.686
2008-05-16,4.013
2008-05-19,4.938
2008-05-20,2.562
2008-05-21,1.587
2008-05-22,1.927
2008-05-23,1.636
2008-05-26,2.036
2008-05-27,2.681
2008-05-28,1.518
2008-05-29,2.703
2008-05-30,1.693
2008-06-02,1.569
2008-06-03,1.999
2008-06-04,2.16
2008-06-05,7.535
2008-06-06,4.967
2008-06-10,2.883
2008-06-11,3.412
2008-06-12,2.805
2008-06-13,1.634
2008-06-16,2.527
2008-06-17,2.231
2008-06-18,1.973
2008-06-19,2.136
2008-06-20,1.64
2008-06-23,1.568
2008-06-24,1.539
2008-06-25,1.875
2008-06-26,6.155
2008-06-27,3.295
2008-06-30,2.092
2008-07-01,1.412
2008-07-02,1.264
2008-07-03,1.906
2008-07-04,1.635
2008-07-07,2.178
2008-07-08,2.18
2008-07-09,1.992
2008-07-10,2.017
2008-07-11,1.715
2008-07-14,2.227
2008-07-15,2.098
2008-07-16,1.894
2008-07-17,1.881
2008-07-18,2.168
2008-07-21,2.427
2008-07-22,2.155
2008-07-23,1.469
2008-07-24,2.138
2008-07-25,3.001
2008-07-28,2.46
2008-07-29,1.909
2008-07-30,1.843
2008-07-31,5.904
2008-08-01,2.14
2008-08-04,1.79
2008-08-05,8.185
2008-08-06,5.805
2008-08-07,4.835
2008-08-08,1.797
2008-08-11,1.594
2008-08-12,1.565
2008-08-13,1.686
2008-08-14,6.802
2008-08-15,4.553
2008-08-18,2.374
2008-08-19,1.642
2008-08-20,1.77
2008-08-21,2.22
2008-08-22,2.06
2008-08-25,2.097
2008-08-26,2.387
2008-08-27,2.339
2008-08-28,2.796
2008-08-29,1.897
2008-09-01,2.022
2008-09-02,1.994
2008-09-03,1.942
2008-09-04,2.196
2008-09-05,2.138
2008-09-08,2.347
2008-09-09,2.313
2008-09-10,1.83
2008-09-11,2.334
2008-09-12,1.994
2008-09-16,2.224
2008-09-17,2.027
2008-09-18,2.448
2008-09-19,2.55
2008-09-22,2.863
2008-09-23,2.466
2008-09-24,2.272
2008-09-25,20.162
2008-10-06,2.116
2008-10-07,2.269
2008-10-08,2.013
2008-10-09,2.074
2008-10-13,2.312
2008-10-14,1.901
2008-10-15,1.858
2008-10-16,2.024
2008-10-17,2.257
2008-10-20,2.095
2008-10-21,1.992
2008-10-22,2.037
2008-10-23,2.198
2008-10-24,2.328
2008-10-27,2.097
2008-10-28,2.239
2008-10-29,2.072
2008-10-30,2.18
2008-10-31,2.031
2008-11-03,2.031
2008-11-04,1.988
2008-11-05,2.011
2008-11-06,2.647
2008-11-07,2.113
2008-11-10,2.193
2008-11-11,2.215
2008-11-12,2.075
2008-11-13,3.941
2008-11-14,2.108
2008-11-17,2.342
2008-11-18,2.562
2008-11-19,2.574
2008-11-20,4.624
2008-11-21,2.47
2008-11-24,2.127
2008-11-25,2.044
2008-11-26,1.961
2008-11-27,3.565
2008-11-28,2.213
2008-12-01,1.847
2008-12-02,1.844
2008-12-03,1.772
2008-12-04,2.794
2008-12-05,1.71
2008-12-08,1.672
2008-12-09,1.611
2008-12-10,1.474
2008-12-11,1.863
2008-12-12,1.598
2008-12-15,1.514
2008-12-16,1.454
2008-12-17,1.476
2008-12-18,1.988
2008-12-19,1.635
2008-12-22,1.399
2008-12-23,1.311
2008-12-24,1.366
2008-12-25,2.468
2008-12-26,1.379
2008-12-29,1.277
2008-12-30,3.876
2008-12-31,1.078
2009-01-05,1.099
2009-01-06,0.954
2009-01-07,1.025
2009-01-08,1.736
2009-01-09,1.19
2009-01-12,0.979
2009-01-13,0.904
2009-01-14,0.923
2009-01-15,1.752
2009-01-16,0.914
2009-01-19,1.129
2009-01-20,1.199
2009-01-21,1.21
2009-01-22,8.37
2009-01-23,1.452
2009-02-02,0.957
2009-02-03,0.907
2009-02-04,0.906
2009-02-05,1.677
2009-02-06,1.275
2009-02-09,1.205
2009-02-10,1.068
2009-02-11,1.045
2009-02-12,1.649
2009-02-13,1.048
2009-02-16,0.952
2009-02-17,0.904
2009-02-18,0.938
2009-02-19,1.786
2009-02-20,0.98
2009-02-23,0.901
2009-02-24,0.9
2009-02-25,0.926
2009-02-26,1.709
2009-02-27,0.928
2009-03-02,0.944
2009-03-03,0.984
2009-03-04,1.02
2009-03-05,1.917
2009-03-06,0.918
2009-03-09,0.979
2009-03-10,0.901
2009-03-11,0.898
2009-03-12,1.708
2009-03-13,0.899
2009-03-16,0.9
2009-03-17,0.901
2009-03-18,0.976
2009-03-19,2.51
2009-03-23,0.95
2009-03-24,1.111
2009-03-25,1.187
2009-03-26,2.503
2009-03-27,1.206
2009-03-30,1.036
2009-03-31,0.993
2009-04-01,0.931
2009-04-02,2.796
2009-04-03,1.193
2009-04-07,0.994
2009-04-08,0.948
2009-04-09,2.374
2009-04-10,0.96
2009-04-13,0.898
2009-04-14,0.897
2009-04-15,0.898
2009-04-16,2.394
2009-04-17,0.898
2009-04-20,0.972
2009-04-21,1.051
2009-04-22,1.06
2009-04-23,2.673
2009-04-24,1.261
2009-04-27,1.207
2009-04-28,1.07
2009-04-29,3.504
2009-04-30,1.073
2009-05-04,1.165
2009-05-05,1.163
2009-05-06,1.098
2009-05-07,2.781
2009-05-08,1.057
2009-05-11,1.095
2009-05-12,1.09
2009-05-13,1.145
2009-05-14,2.847
2009-05-15,1.021
2009-05-18,1.028
2009-05-19,1.038
2009-05-20,1.066
2009-05-21,2.758
2009-05-22,1.071
2009-05-25,1.183
2009-05-26,4.56
2009-05-27,1.074
2009-06-01,1.048
2009-06-02,0.981
2009-06-03,0.981
2009-06-04,2.727
2009-06-05,0.972
2009-06-08,0.958
2009-06-09,0.953
2009-06-10,0.924
2009-06-11,2.624
2009-06-12,0.896
2009-06-15,0.89
2009-06-16,0.835
2009-06-17,0.897
2009-06-18,2.517
2009-06-19,0.912
2009-06-22,1.072
2009-06-23,1.09
2009-06-24,1.074
2009-06-25,2.741
2009-06-26,1.195
2009-06-29,1.219
2009-06-30,1.224
2009-07-01,1.205
2009-07-02,3.219
2009-07-03,1.24
2009-07-06,1.202
2009-07-07,1.239
2009-07-08,1.21
2009-07-09,3.137
2009-07-10,1.18
2009-07-13,1.141
2009-07-14,1.264
2009-07-15,1.308
2009-07-16,3.59
2009-07-17,1.299
2009-07-20,1.427
2009-07-21,1.802
2009-07-22,1.761
2009-07-23,4.317
2009-07-24,1.347
2009-07-27,1.269
2009-07-28,1.202
2009-07-29,1.278
2009-07-30,3.548
2009-07-31,1.465
2009-08-03,1.884
2009-08-04,1.807
2009-08-05,1.708
2009-08-06,3.419
2009-08-07,1.363
2009-08-10,1.265
2009-08-11,1.272
2009-08-12,1.26
2009-08-13,2.78
2009-08-14,1.28
2009-08-17,1.25
2009-08-18,1.271
2009-08-19,1.207
2009-08-20,3.016
2009-08-21,1.259
2009-08-24,1.181
2009-08-25,1.121
2009-08-26,1.128
2009-08-27,3.083
2009-08-28,1.553
2009-08-31,1.47
2009-09-01,1.502
2009-09-02,1.347
2009-09-03,2.932
2009-09-04,1.207
2009-09-07,1.091
2009-09-08,1.514
2009-09-09,1.455
2009-09-10,3.712
2009-09-11,1.364
2009-09-14,1.325
2009-09-15,1.384
2009-09-16,1.479
2009-09-17,4.142
2009-09-18,1.332
2009-09-21,1.366
2009-09-22,1.572
2009-09-23,1.608
2009-09-24,3.995
2009-09-25,1.505
2009-09-28,1.313
2009-09-29,7.49
2009-09-30,2.791
2009-10-09,1.677
2009-10-12,1.374
2009-10-13,1.28
2009-10-14,1.254
2009-10-15,3.277
2009-10-16,1.31
2009-10-19,1.381
2009-10-20,1.398
2009-10-21,1.345
2009-10-22,3.432
2009-10-23,1.268
2009-10-26,1.357
2009-10-27,1.402
2009-10-28,1.285
2009-10-29,3.161
2009-10-30,1.231
2009-11-02,1.323
2009-11-03,1.329
2009-11-04,1.219
2009-11-05,3.187
2009-11-06,1.361
2009-11-09,1.436
2009-11-10,1.406
2009-11-11,1.399
2009-11-12,3.654
2009-11-13,1.637
2009-11-16,1.491
2009-11-17,1.463
2009-11-18,1.337
2009-11-19,3.224
2009-11-20,1.321
2009-11-23,1.369
2009-11-24,1.439
2009-11-25,1.382
2009-11-26,3.981
2009-11-27,1.516
2009-11-30,1.518
2009-12-01,1.51
2009-12-02,1.457
2009-12-03,3.646
2009-12-04,1.793
2009-12-07,1.787
2009-12-08,1.761
2009-12-09,1.578
2009-12-10,3.429
2009-12-11,1.289
2009-12-14,1.13
2009-12-15,1.183
2009-12-16,1.203
2010-01-04,1.207
2010-01-05,1.476
2010-01-06,1.442
2010-01-07,3.61
2010-01-08,1.362
2010-01-11,1.296
2010-01-12,1.331
2010-01-13,1.287
2010-01-14,3.178
2010-01-15,1.244
2010-01-18,1.237
2010-01-19,1.34
2010-01-20,1.298
2010-01-21,3.246
2010-01-22,1.433
2010-01-25,1.347
2010-01-26,1.361
2010-01-27,1.321
2010-01-28,3.128
2010-01-29,1.494
2010-02-01,1.414
2010-02-02,1.43
2010-02-03,1.406
2010-02-04,3.392
2010-02-05,1.589
2010-02-08,1.632
2010-02-09,1.705
2010-02-10,1.708
2010-02-11,10.979
2010-02-12,1.41
2010-02-22,1.357
2010-02-23,1.283
2010-02-24,1.207
2010-02-25,2.847
2010-02-26,1.273
2010-03-01,1.319
2010-03-02,1.446
2010-03-03,1.404
2010-03-04,3.312
2010-03-05,1.272
2010-03-08,1.291
2010-03-09,1.303
2010-03-10,1.37
2010-03-11,3.45
2010-03-12,1.494
2010-03-15,1.511
2010-03-16,1.501
2010-03-17,1.408
2010-03-18,3.583
2010-03-19,1.449
2010-03-22,1.419
2010-03-23,1.525
2010-03-24,1.434
2010-03-25,3.275
2010-03-26,1.585
2010-03-29,1.625
2010-03-30,1.665
2010-03-31,1.429
2010-04-01,3.785
2010-04-02,1.333
2010-04-06,1.419
2010-04-07,1.536
2010-04-08,4.085
2010-04-09,1.499
2010-04-12,1.39
2010-04-13,1.514
2010-04-14,1.644
2010-04-15,4.486
2010-04-16,1.506
2010-04-19,1.356
2010-04-20,1.434
2010-04-21,1.47
2010-04-22,4.053
2010-04-23,1.774
2010-04-26,1.676
2010-04-27,1.646
2010-04-28,1.451
2010-04-29,4.289
2010-04-30,1.705
2010-05-04,1.791
2010-05-05,1.78
2010-05-06,4.678
2010-05-07,1.575
2010-05-10,1.572
2010-05-11,1.573
2010-05-12,1.547
2010-05-13,3.909
2010-05-14,1.533
2010-05-17,1.457
2010-05-18,1.389
2010-05-19,1.372
2010-05-20,3.735
2010-05-21,1.864
2010-05-24,1.977
2010-05-25,2.12
2010-05-26,2.094
2010-05-27,5.567
2010-05-28,2.433
2010-05-31,2.561
2010-06-01,3.624
2010-06-02,3.04
2010-06-03,4.685
2010-06-04,2.071
2010-06-07,1.885
2010-06-08,1.533
2010-06-09,1.456
2010-06-10,8.072
2010-06-11,2.624
2010-06-17,6.839
2010-06-18,2.312
2010-06-21,2.059
2010-06-22,1.943
2010-06-23,1.902
2010-06-24,6.35
2010-06-25,2.8
2010-06-28,2.564
2010-06-29,2.517
2010-06-30,1.967
2010-07-01,4.035
2010-07-02,1.754
2010-07-05,1.841
2010-07-06,1.988
2010-07-07,1.709
2010-07-08,3.762
2010-07-09,1.565
2010-07-12,1.304
2010-07-13,1.328
2010-07-14,1.545
2010-07-15,6.009
2010-07-16,2.239
2010-07-19,1.918
2010-07-20,1.847
2010-07-21,1.43
2010-07-22,3.945
2010-07-23,1.527
2010-07-26,1.483
2010-07-27,1.532
2010-07-28,1.588
2010-07-29,3.617
2010-07-30,1.454
2010-08-02,1.475
2010-08-03,1.583
2010-08-04,1.681
2010-08-05,3.684
2010-08-06,1.529
2010-08-09,1.602
2010-08-10,1.781
2010-08-11,1.563
2010-08-12,3.507
2010-08-13,1.448
2010-08-16,1.432
2010-08-17,1.399
2010-08-18,1.432
2010-08-19,3.456
2010-08-20,1.478
2010-08-23,1.434
2010-08-24,1.547
2010-08-25,1.88
2010-08-26,4.869
2010-08-27,2.01
2010-08-30,7.541
2010-08-31,7.631
2010-09-01,4.883
2010-09-02,5.68
2010-09-03,1.46
2010-09-06,1.558
2010-09-07,1.764
2010-09-08,1.791
2010-09-09,4.312
2010-09-10,1.913
2010-09-13,1.713
2010-09-14,2.134
2010-09-16,4.123
2010-09-17,1.622
2010-09-20,7.834
2010-09-21,4.021
2010-09-27,3.943
2010-09-28,2.924
2010-09-29,13.892
2010-09-30,5.614
2010-10-08,3.121
2010-10-11,2.709
2010-10-12,1.976
2010-10-13,1.716
2010-10-14,4.603
2010-10-15,2.309
2010-10-18,1.961
2010-10-19,1.941
2010-10-20,2.361
2010-10-21,4.72
2010-10-22,1.872
2010-10-25,1.766
2010-10-26,1.766
2010-10-27,1.811
2010-10-28,3.698
2010-10-29,1.803
2010-11-01,1.885
2010-11-02,1.876
2010-11-03,1.853
2010-11-04,3.611
2010-11-05,1.726
2010-11-08,1.63
2010-11-09,1.594
2010-11-10,1.567
2010-11-11,3.277
2010-11-12,1.602
2010-11-15,1.735
2010-11-16,1.784
2010-11-17,1.732
2010-11-18,3.31
2010-11-19,1.913
2010-11-22,1.953
2010-11-23,1.982
2010-11-24,2.097
2010-11-25,6.048
2010-11-26,3.356
2010-11-29,3.735
2010-11-30,3.801
2010-12-01,2.747
2010-12-02,4.792
2010-12-03,1.808
2010-12-06,1.876
2010-12-07,2.447
2010-12-08,2.785
2010-12-09,4.222
2010-12-10,1.699
2010-12-13,1.57
2010-12-14,1.894
2010-12-15,2.744
2010-12-16,5.297
2010-12-17,2.877
2010-12-20,2.914
2010-12-21,3.055
2010-12-22,5.528
2010-12-23,11.89
2010-12-24,6.192
2010-12-27,6.671
2010-12-28,6.737
2010-12-29,6.222
2010-12-30,9.588
2010-12-31,2.871
2011-01-04,2.156
2011-01-05,2.471
2011-01-06,5.987
2011-01-07,2.747
2011-01-10,1.824
2011-01-11,1.498
2011-01-12,1.402
2011-01-13,2.56
2011-01-14,1.583
2011-01-17,1.789
2011-01-18,1.797
2011-01-19,2.013
2011-01-20,4.863
2011-01-21,3.166
2011-01-24,6.302
2011-01-25,7.162
2011-01-26,5.195
2011-01-27,7.676
2011-01-28,3.654
2011-01-31,6.004
2011-02-01,2.456
2011-02-09,2.708
2011-02-10,3.423
2011-02-11,2.098
2011-02-14,1.731
2011-02-15,1.425
2011-02-16,1.55
2011-02-18,1.424
2011-02-21,1.862
2011-02-22,5.98
2011-02-23,6.733
2011-02-24,5.441
2011-02-25,5.888
2011-02-28,2.108
2011-03-01,1.531
2011-03-02,1.617
2011-03-03,3.697
2011-03-04,1.866
2011-03-07,1.693
2011-03-08,1.644
2011-03-09,1.843
2011-03-10,3.2
2011-03-11,1.683
2011-03-14,1.616
2011-03-15,1.549
2011-03-16,1.595
2011-03-17,2.682
2011-03-18,1.543
2011-03-21,2.279
2011-03-22,2.171
2011-03-23,2.209
2011-03-24,2.97
2011-03-25,1.427
2011-03-28,1.634
2011-03-29,1.637
2011-03-30,2.638
2011-03-31,4.99
2011-04-01,2.168
2011-04-06,2.212
2011-04-07,3.732
2011-04-08,2.037
2011-04-11,1.673
2011-04-12,1.51
2011-04-13,1.713
2011-04-14,3.767
2011-04-15,2.209
2011-04-18,2.087
2011-04-19,1.885
2011-04-20,1.909
2011-04-21,4.096
2011-04-22,2.866
2011-04-25,2.741
2011-04-26,2.899
2011-04-27,2.847
2011-04-28,5.85
2011-04-29,2.868
2011-05-03,2.368
2011-05-04,2.173
2011-05-05,4.229
2011-05-06,2.216
2011-05-09,1.983
2011-05-10,1.822
2011-05-11,1.959
2011-05-12,3.616
2011-05-13,2.358
2011-05-16,2.105
2011-05-17,2.171
2011-05-18,2.747
2011-05-19,4.895
2011-05-20,3.347
2011-05-23,3.093
2011-05-24,2.886
2011-05-25,3.342
2011-05-26,5.771
2011-05-27,3.016
2011-05-30,2.943
2011-05-31,2.594
2011-06-01,2.457
2011-06-02,4.887
2011-06-03,2.778
2011-06-07,2.528
2011-06-08,2.388
2011-06-09,4.625
2011-06-10,2.894
2011-06-13,2.714
2011-06-14,2.873
2011-06-15,2.991
2011-06-16,5.436
2011-06-17,3.404
2011-06-20,3.957
2011-06-21,4.326
2011-06-22,5.552
2011-06-23,8.643
2011-06-24,6.264
2011-06-27,6.519
2011-06-28,6.391
2011-06-29,7.51
2011-06-30,10.682
2011-07-01,4.891
2011-07-04,4.016
2011-07-05,3.911
2011-07-06,5.185
2011-07-07,7.854
2011-07-08,4.048
2011-07-11,4.122
2011-07-12,3.378
2011-07-13,3.876
2011-07-14,5.319
2011-07-15,3.507
2011-07-18,3.428
2011-07-19,3.527
2011-07-20,6.331
2011-07-21,7.452
2011-07-22,4.465
2011-07-25,3.425
2011-07-26,3.748
2011-07-27,3.837
2011-07-28,5.36
2011-07-29,4.2
2011-08-01,6.433
2011-08-02,4.898
2011-08-03,3.898
2011-08-04,4.169
2011-08-05,2.668
2011-08-08,2.736
2011-08-09,2.682
2011-08-10,2.261
2011-08-11,2.641
2011-08-12,1.781
2011-08-15,1.704
2011-08-16,1.612
2011-08-17,2.254
2011-08-18,6.247
2011-08-19,6.679
2011-08-22,3.497
2011-08-23,4.25
2011-08-24,3.16
2011-08-25,3.84
2011-08-26,2.173
2011-08-29,3.31
2011-08-30,3.098
2011-08-31,3.838
2011-09-01,2.884
2011-09-02,2.287
2011-09-05,2.586
2011-09-06,2.347
2011-09-07,3.151
2011-09-08,4.436
2011-09-09,3.224
2011-09-13,2.33
2011-09-14,1.888
2011-09-15,3.011
2011-09-16,2.187
2011-09-19,2.228
2011-09-20,2.003
2011-09-21,2.108
2011-09-22,2.907
2011-09-23,2.147
2011-09-26,1.98
2011-09-27,2.668
2011-09-28,3.65
2011-09-29,11.529
2011-09-30,5.942
2011-10-10,2.957
2011-10-11,2.318
2011-10-12,2.19
2011-10-13,2.89
2011-10-14,2.026
2011-10-17,2.151
2011-10-18,2.133
2011-10-19,2.69
2011-10-20,3.614
2011-10-21,3.08
2011-10-24,2.772
2011-10-25,2.937
2011-10-26,3.586
2011-10-27,7.559
2011-10-28,6.739
2011-10-31,4.431
2011-11-01,2.548
2011-11-02,2.842
2011-11-03,4.941
2011-11-04,4.024
2011-11-07,3.197
2011-11-08,2.883
2011-11-09,2.457
2011-11-10,3.281
2011-11-11,2.658
2011-11-14,2.624
2011-11-15,2.537
2011-11-16,3.975
2011-11-17,5.741
2011-11-18,4.394
2011-11-21,2.523
2011-11-22,3.936
2011-11-23,3.375
2011-11-24,4.536
2011-11-25,2.883
2011-11-28,2.478
2011-11-29,2.519
2011-11-30,2.677
2011-12-01,3.748
2011-12-02,3.94
2011-12-05,2.829
2011-12-06,2.42
2011-12-07,2.584
2011-12-08,3.96
2011-12-09,3.146
2011-12-12,2.32
2011-12-13,2.845
2011-12-14,2.914
2011-12-15,3.258
2011-12-16,2.439
2011-12-19,2.803
2011-12-20,3.176
2011-12-21,3.061
2011-12-22,3.104
2011-12-23,2.584
2011-12-26,3.313
2011-12-27,4.147
2011-12-28,6.544
2011-12-29,12.715
2011-12-30,9.182
2012-01-04,3.163
2012-01-05,3.294
2012-01-06,2.662
2012-01-09,2.578
2012-01-10,2.687
2012-01-11,3.127
2012-01-12,5.334
2012-01-13,4.376
2012-01-16,4.078
2012-01-17,5.08
2012-01-18,7.83
2012-01-19,18.95
2012-01-20,7.972
2012-01-30,3.952
2012-01-31,3.498
2012-02-01,2.913
2012-02-02,3.488
2012-02-03,2.786
2012-02-06,2.778
2012-02-07,2.77
2012-02-08,3.523
2012-02-09,5.259
2012-02-10,4.921
2012-02-13,3.539
2012-02-14,2.999
2012-02-15,3.874
2012-02-16,6.313
2012-02-17,6.001
2012-02-20,4.148
2012-02-21,4.732
2012-02-22,5.562
2012-02-23,5.735
2012-02-24,3.672
2012-02-27,3.533
2012-02-28,3.13
2012-02-29,5.027
2012-03-01,7.374
2012-03-02,5.107
2012-03-05,3.387
2012-03-06,3.168
2012-03-07,3.219
2012-03-08,3.966
2012-03-09,2.676
2012-03-12,2.672
2012-03-13,2.772
2012-03-14,3.11
2012-03-15,4.717
2012-03-16,2.788
2012-03-19,2.491
2012-03-20,2.418
2012-03-21,2.933
2012-03-22,3.818
2012-03-23,2.487
2012-03-26,2.331
2012-03-27,2.672
2012-03-28,3.956
2012-03-29,13.451
2012-03-30,5.787
2012-04-05,4.383
2012-04-06,3.238
2012-04-09,3.262
2012-04-10,2.851
2012-04-11,2.496
2012-04-12,3.131
2012-04-13,2.549
2012-04-16,2.753
2012-04-17,2.697
2012-04-18,4.26
2012-04-19,6.768
2012-04-20,4.355
2012-04-23,3.843
2012-04-24,3.662
2012-04-25,4.353
2012-04-26,9.178
2012-04-27,4.278
2012-05-02,3.731
2012-05-03,4.81
2012-05-04,3.56
2012-05-07,3.033
2012-05-08,2.358
2012-05-09,1.938
2012-05-10,3.938
2012-05-11,2.497
2012-05-14,2.567
2012-05-15,2.602
2012-05-16,2.664
2012-05-17,5.036
2012-05-18,2.371
2012-05-21,2.447
2012-05-22,2.352
2012-05-23,2.452
2012-05-24,3.549
2012-05-25,2.482
2012-05-28,2.488
2012-05-29,2.433
2012-05-30,4.0
2012-05-31,6.358
2012-06-01,6.905
2012-06-04,3.733
2012-06-05,2.482
2012-06-06,2.476
2012-06-07,2.902
2012-06-08,2.351
2012-06-11,2.331
2012-06-12,2.16
2012-06-13,2.114
2012-06-14,3.228
2012-06-15,2.611
2012-06-18,2.972
2012-06-19,3.291
2012-06-20,8.75
2012-06-21,5.833
2012-06-25,5.068
2012-06-26,5.328
2012-06-27,5.346
2012-06-28,14.633
2012-06-29,10.55
2012-07-02,4.065
2012-07-03,3.1
2012-07-04,2.895
2012-07-05,5.113
2012-07-06,3.742
2012-07-09,3.259
2012-07-10,2.943
2012-07-11,2.755
2012-07-12,4.043
2012-07-13,2.592
2012-07-16,2.678
2012-07-17,2.658
2012-07-18,3.062
2012-07-19,5.688
2012-07-20,3.366
2012-07-23,3.432
2012-07-24,3.46
2012-07-25,3.128
2012-07-26,3.958
2012-07-27,2.779
2012-07-30,2.988
2012-07-31,3.308
2012-08-01,3.027
2012-08-02,3.628
2012-08-03,2.631
2012-08-06,2.605
2012-08-07,2.573
2012-08-08,2.829
2012-08-09,4.637
2012-08-10,2.997
2012-08-13,2.75
2012-08-14,2.48
2012-08-15,2.894
2012-08-16,4.689
2012-08-17,3.416
2012-08-20,3.169
2012-08-21,2.605
2012-08-22,2.474
2012-08-23,5.419
2012-08-24,3.371
2012-08-27,3.068
2012-08-28,2.969
2012-08-29,2.804
2012-08-30,5.393
2012-08-31,2.637
2012-09-03,2.64
2012-09-04,2.399
2012-09-05,2.388
2012-09-06,3.382
2012-09-07,2.601
2012-09-10,2.555
2012-09-11,2.801
2012-09-12,2.977
2012-09-13,5.053
2012-09-14,2.865
2012-09-17,2.787
2012-09-18,2.86
2012-09-19,2.988
2012-09-20,4.561
2012-09-21,3.237
2012-09-24,5.483
2012-09-25,5.342
2012-09-26,4.954
2012-09-27,20.454
2012-09-28,9.547
2012-10-08,3.8
2012-10-09,3.338
2012-10-10,2.592
2012-10-11,3.085
2012-10-12,2.55
2012-10-15,3.02
2012-10-16,2.919
2012-10-17,2.601
2012-10-18,4.069
2012-10-19,2.724
2012-10-22,2.623
2012-10-23,2.418
2012-10-24,2.784
2012-10-25,5.61
2012-10-26,5.051
2012-10-29,6.444
2012-10-30,3.595
2012-10-31,2.714
2012-11-01,3.987
2012-11-02,2.888
2012-11-05,2.757
2012-11-06,2.499
2012-11-07,2.502
2012-11-08,3.458
2012-11-09,3.033
2012-11-12,2.837
2012-11-13,2.646
2012-11-14,2.533
2012-11-15,3.973
2012-11-16,2.875
2012-11-19,2.876
2012-11-20,2.731
2012-11-21,2.696
2012-11-22,4.161
2012-11-23,2.93
2012-11-26,2.753
2012-11-27,2.51
2012-11-28,2.575
2012-11-29,5.159
2012-11-30,3.902
2012-12-03,3.006
2012-12-04,2.957
2012-12-05,3.604
2012-12-06,5.651
2012-12-07,3.815
2012-12-10,3.796
2012-12-11,3.116
2012-12-12,2.831
2012-12-13,4.81
2012-12-14,4.073
2012-12-17,3.804
2012-12-18,3.76
2012-12-19,4.892
2012-12-20,11.514
2012-12-21,6.076
2012-12-24,4.805
2012-12-25,3.818
2012-12-26,5.653
2012-12-27,16.639
2012-12-28,23.392
2012-12-31,23.523
2013-01-04,5.256
2013-01-07,3.553
2013-01-08,2.843
2013-01-09,2.479
2013-01-10,3.752
2013-01-11,2.836
2013-01-14,2.99
2013-01-15,2.688
2013-01-16,2.441
2013-01-17,3.829
2013-01-18,3.023
2013-01-21,2.881
2013-01-22,2.778
2013-01-23,2.768
2013-01-24,4.686
2013-01-25,3.189
2013-01-28,3.431
2013-01-29,3.652
2013-01-30,4.054
2013-01-31,8.85
2013-02-01,4.003
2013-02-04,4.504
2013-02-05,4.137
2013-02-06,4.726
2013-02-07,21.577
2013-02-08,4.446
2013-02-18,3.128
2013-02-19,2.766
2013-02-20,2.394
2013-02-21,3.392
2013-02-22,2.861
2013-02-25,3.004
2013-02-26,4.952
2013-02-27,6.527
2013-02-28,13.712
2013-03-01,4.866
2013-03-04,3.943
2013-03-05,3.595
2013-03-06,2.647
2013-03-07,3.659
2013-03-08,2.592
2013-03-11,2.284
2013-03-12,1.92
2013-03-13,1.744
2013-03-14,5.833
2013-03-15,3.577
2013-03-18,3.277
2013-03-19,3.16
2013-03-20,2.342
2013-03-21,3.48
2013-03-22,2.328
2013-03-25,2.535
2013-03-26,2.687
2013-03-27,3.753
2013-03-28,11.949
2013-03-29,6.618
2013-04-01,3.355
2013-04-02,9.261
2013-04-03,3.288
2013-04-08,2.978
2013-04-09,2.698
2013-04-10,2.525
2013-04-11,3.839
2013-04-12,2.692
2013-04-15,2.631
2013-04-16,2.603
2013-04-17,2.705
2013-04-18,4.875
2013-04-19,5.626
2013-04-22,5.306
2013-04-23,5.016
2013-04-24,4.578
2013-04-25,20.128
2013-04-26,7.297
2013-05-02,6.963
2013-05-03,3.342
2013-05-06,3.271
2013-05-07,2.781
2013-05-08,2.685
2013-05-09,5.174
2013-05-10,3.134
2013-05-13,2.878
2013-05-14,2.72
2013-05-15,2.797
2013-05-16,7.176
2013-05-17,6.767
2013-05-20,6.8
2013-05-21,5.851
2013-05-22,4.413
2013-05-23,8.001
2013-05-24,4.239
2013-05-27,4.178
2013-05-28,3.718
2013-05-29,3.719
2013-05-30,9.131
2013-05-31,5.668
2013-06-03,4.398
2013-06-04,4.146
2013-06-05,4.595
2013-06-06,23.759
2013-06-07,11.268
2013-06-13,16.749
2013-06-14,14.19
2013-06-17,5.841
2013-06-18,4.674
2013-06-19,6.151
2013-06-20,19.131
2013-06-21,9.261
2013-06-24,9.131
2013-06-25,8.413
2013-06-26,7.241
2013-06-27,19.126
2013-06-28,15.825
2013-07-01,4.359
2013-07-02,2.918
2013-07-03,2.477
2013-07-04,4.353
2013-07-05,3.08
2013-07-08,3.077
2013-07-09,3.071
2013-07-10,3.14
2013-07-11,6.436
2013-07-12,3.713
2013-07-15,3.416
2013-07-16,3.153
2013-07-17,2.991
2013-07-18,6.636
2013-07-19,3.489
2013-07-22,3.633
2013-07-23,3.826
2013-07-24,3.986
2013-07-25,10.09
2013-07-26,7.268
2013-07-29,6.583
2013-07-30,5.143
2013-07-31,4.314
2013-08-01,5.624
2013-08-02,3.704
2013-08-05,3.527
2013-08-06,3.844
2013-08-07,3.571
2013-08-08,5.926
2013-08-09,3.839
2013-08-12,3.984
2013-08-13,3.908
2013-08-14,3.642
2013-08-15,5.868
2013-08-16,4.062
2013-08-19,3.891
2013-08-20,3.779
2013-08-21,3.781
2013-08-22,6.493
2013-08-23,4.715
2013-08-26,4.492
2013-08-27,4.243
2013-08-28,3.916
2013-08-29,6.159
2013-08-30,4.275
2013-09-02,3.919
2013-09-03,3.619
2013-09-04,3.308
2013-09-05,4.993
2013-09-06,4.055
2013-09-09,3.944
2013-09-10,4.0
2013-09-11,4.06
2013-09-12,7.769
2013-09-13,5.937
2013-09-16,5.165
2013-09-17,12.767
2013-09-18,5.458
2013-09-23,5.563
2013-09-24,6.353
2013-09-25,5.823
2013-09-26,12.4
2013-09-27,33.605
2013-09-30,25.431
2013-10-08,8.056
2013-10-09,9.107
2013-10-10,7.07
2013-10-11,3.87
2013-10-14,3.796
2013-10-15,3.467
2013-10-16,3.091
2013-10-17,4.443
2013-10-18,3.407
2013-10-21,3.297
2013-10-22,3.194
2013-10-23,3.35
2013-10-24,7.778
2013-10-25,5.785
2013-10-28,5.005
2013-10-29,5.504
2013-10-30,7.8
2013-10-31,10.225
2013-11-01,4.553
2013-11-04,4.467
2013-11-05,4.077
2013-11-06,3.679
2013-11-07,5.481
2013-11-08,3.743
2013-11-11,3.964
2013-11-12,3.822
2013-11-13,3.864
2013-11-14,8.313
2013-11-15,7.566
2013-11-18,8.26
2013-11-19,6.833
2013-11-20,5.253
2013-11-21,9.137
2013-11-22,7.745
2013-11-25,6.048
2013-11-26,5.923
2013-11-27,5.613
2013-11-28,9.32
2013-11-29,6.983
2013-12-02,5.741
2013-12-03,4.554
2013-12-04,4.076
2013-12-05,5.928
2013-12-06,3.852
2013-12-09,3.796
2013-12-10,3.76
2013-12-11,3.564
2013-12-12,6.058
2013-12-13,4.351
2013-12-16,4.933
2013-12-17,5.778
2013-12-18,5.968
2013-12-19,13.977
2013-12-20,7.622
2013-12-23,6.838
2013-12-24,6.094
2013-12-25,6.307
2013-12-26,13.023
2013-12-27,10.676
2013-12-30,26.261
2013-12-31,16.225
2014-01-02,7.107
2014-01-03,3.922
2014-01-06,3.455
2014-01-07,2.986
2014-01-08,3.314
2014-01-09,6.271
2014-01-10,5.574
2014-01-13,5.697
2014-01-14,4.342
2014-01-15,3.875
2014-01-16,5.851
2014-01-17,10.175
2014-01-20,13.056
2014-01-21,7.155
2014-01-22,6.934
2014-01-23,8.178
2014-01-24,6.742
2014-01-27,7.693
2014-01-28,7.08
2014-01-29,12.831
2014-01-30,7.069
2014-02-07,5.779
2014-02-10,4.574
2014-02-11,4.38
2014-02-12,4.374
2014-02-13,5.879
2014-02-14,3.825
2014-02-17,3.569
2014-02-18,3.266
2014-02-19,3.037
2014-02-20,4.072
2014-02-21,2.996
2014-02-24,3.077
2014-02-25,2.978
2014-02-26,2.992
2014-02-27,5.004
2014-02-28,4.834
2014-03-03,3.039
2014-03-04,2.762
2014-03-05,2.601
2014-03-06,3.701
2014-03-07,2.899
2014-03-10,2.858
2014-03-11,2.731
2014-03-12,2.582
2014-03-13,3.285
2014-03-14,2.756
2014-03-17,2.778
2014-03-18,2.748
2014-03-19,3.291
2014-03-20,5.404
2014-03-21,4.7
2014-03-24,4.339
2014-03-25,3.801
2014-03-26,3.94
2014-03-27,8.622
2014-03-28,12.04
2014-03-31,10.442
2014-04-01,3.529
2014-04-02,3.093
2014-04-03,4.931
2014-04-04,3.576
2014-04-08,3.238
2014-04-09,3.169
2014-04-10,4.685
2014-04-11,3.536
2014-04-14,3.202
2014-04-15,3.249
2014-04-16,3.174
2014-04-17,5.482
2014-04-18,4.302
2014-04-21,3.389
2014-04-22,3.473
2014-04-23,3.509
2014-04-24,6.295
2014-04-25,4.973
2014-04-28,5.907
2014-04-29,14.317
2014-04-30,5.615
2014-05-05,3.556
2014-05-06,3.258
2014-05-07,2.852
2014-05-08,3.968
2014-05-09,2.982
2014-05-12,2.955
2014-05-13,2.98
2014-05-14,3.259
2014-05-15,4.867
2014-05-16,3.421
2014-05-19,3.5
2014-05-20,3.712
2014-05-21,3.364
2014-05-22,4.406
2014-05-23,3.751
2014-05-26,3.658
2014-05-27,3.52
2014-05-28,3.771
2014-05-29,9.586
2014-05-30,5.216
2014-06-03,3.782
2014-06-04,3.638
2014-06-05,5.428
2014-06-06,3.426
2014-06-09,3.187
2014-06-10,3.101
2014-06-11,3.087
2014-06-12,4.735
2014-06-13,3.784
2014-06-16,3.787
2014-06-17,4.789
2014-06-18,7.034
2014-06-19,14.373
2014-06-20,5.661
2014-06-23,4.896
2014-06-24,4.131
2014-06-25,3.782
2014-06-26,6.333
2014-06-27,10.108
2014-06-30,10.89
2014-07-01,3.79
2014-07-02,3.296
2014-07-03,3.824
2014-07-04,3.159
2014-07-07,3.139
2014-07-08,3.009
2014-07-09,4.293
2014-07-10,9.223
2014-07-11,4.494
2014-07-14,5.384
2014-07-15,3.61
2014-07-16,2.827
2014-07-17,6.269
2014-07-18,3.776
2014-07-21,3.725
2014-07-22,4.22
2014-07-23,7.752
2014-07-24,17.285
2014-07-25,6.245
2014-07-28,3.66
2014-07-29,3.023
2014-07-30,3.446
2014-07-31,5.388
2014-08-01,3.544
2014-08-04,3.144
2014-08-05,2.937
2014-08-06,2.934
2014-08-07,4.075
2014-08-08,3.166
2014-08-11,3.127
2014-08-12,3.148
2014-08-13,4.128
2014-08-14,9.789
2014-08-15,5.214
2014-08-18,4.208
2014-08-19,3.72
2014-08-20,3.284
2014-08-21,4.542
2014-08-22,3.489
2014-08-25,3.663
2014-08-26,3.103
2014-08-27,4.596
2014-08-28,26.358
2014-08-29,19.045
2014-09-01,4.666
2014-09-02,2.709
2014-09-03,2.242
2014-09-04,4.601
2014-09-05,4.201
2014-09-09,4.233
2014-09-10,4.873
2014-09-11,5.199
2014-09-12,3.568
2014-09-15,3.405
2014-09-16,3.067
2014-09-17,3.019
2014-09-18,6.656
2014-09-19,3.325
2014-09-22,3.678
2014-09-23,4.128
2014-09-24,14.162
2014-09-25,19.231
2014-09-26,9.09
2014-09-29,13.849
2014-09-30,4.218
2014-10-08,3.832
2014-10-09,5.578
2014-10-10,5.664
2014-10-13,4.784
2014-10-14,3.3
2014-10-15,3.107
2014-10-16,3.454
2014-10-17,2.786
2014-10-20,2.45
2014-10-21,2.061
2014-10-22,2.141
2014-10-23,7.883
2014-10-24,11.892
2014-10-27,9.643
2014-10-28,3.481
2014-10-29,2.685
2014-10-30,3.395
2014-10-31,3.111
2014-11-03,3.16
2014-11-04,3.158
2014-11-05,3.198
2014-11-06,4.91
2014-11-07,3.954
2014-11-10,3.618
2014-11-11,3.521
2014-11-12,3.442
2014-11-13,4.463
2014-11-14,3.274
2014-11-17,3.588
2014-11-18,3.556
2014-11-19,3.522
2014-11-20,4.652
2014-11-21,7.288
2014-11-24,26.679
2014-11-25,27.356
2014-11-26,15.822
2014-11-27,10.273
2014-11-28,4.421
2014-12-01,5.053
2014-12-02,4.6
2014-12-03,3.633
2014-12-04,4.691
2014-12-05,3.76
2014-12-08,3.755
2014-12-09,3.816
2014-12-10,3.678
2014-12-11,4.278
2014-12-12,3.729
2014-12-15,3.243
2014-12-16,2.689
2014-12-17,2.641
2014-12-18,12.249
2014-12-19,15.698
2014-12-22,12.138
2014-12-23,6.211
2014-12-24,3.278
2014-12-25,3.867
2014-12-26,3.651
2014-12-29,5.174
2014-12-30,14.41
2014-12-31,5.636
2015-01-05,3.658
2015-01-06,3.274
2015-01-07,2.387
2015-01-08,2.167
2015-01-09,1.728
2015-01-12,2.619
2015-01-13,2.77
2015-01-14,5.466
2015-01-15,8.914
2015-01-16,5.625
2015-01-19,3.161
2015-01-20,2.598
2015-01-21,2.444
2015-01-22,2.93
2015-01-23,2.755
2015-01-26,2.774
2015-01-27,2.724
2015-01-28,2.762
2015-01-29,3.627
2015-01-30,6.713
2015-02-02,6.307
2015-02-03,3.767
2015-02-04,2.971
2015-02-05,2.52
2015-02-06,2.063
2015-02-09,3.806
2015-02-10,19.793
2015-02-11,26.65
2015-02-12,13.866
2015-02-13,3.455
2015-02-16,8.622
2015-02-17,4.298
2015-02-25,3.607
2015-02-26,3.909
2015-02-27,3.762
2015-03-02,3.373
2015-03-03,3.114
2015-03-04,2.588
2015-03-05,1.295
2015-03-06,2.036
2015-03-09,1.743
2015-03-10,3.212
2015-03-11,9.289
2015-03-12,18.672
2015-03-13,5.288
2015-03-16,2.816
2015-03-17,2.241
2015-03-18,2.353
2015-03-19,2.784
2015-03-20,2.816
2015-03-23,2.845
2015-03-24,2.851
2015-03-25,2.701
2015-03-26,2.737
2015-03-27,2.605
2015-03-30,3.167
2015-03-31,3.632
2015-04-01,2.699
2015-04-02,2.584
2015-04-03,2.199
2015-04-07,1.802
2015-04-08,1.55
2015-04-09,1.632
2015-04-10,1.451
2015-04-13,1.945
2015-04-14,5.275
2015-04-15,5.446
2015-04-16,6.59
2015-04-17,2.126
2015-04-20,1.56
2015-04-21,1.381
2015-04-22,1.49
2015-04-23,1.74
2015-04-24,1.545
2015-04-27,1.648
2015-04-28,1.627
2015-04-29,1.956
2015-04-30,1.763
2015-05-04,1.793
2015-05-05,3.371
2015-05-06,4.539
2015-05-07,6.851
2015-05-08,2.105
2015-05-11,1.497
2015-05-12,1.148
2015-05-13,1.097
2015-05-14,1.299
2015-05-15,1.16
2015-05-18,1.293
2015-05-19,3.878
2015-05-20,5.962
2015-05-21,4.908
2015-05-22,1.319
2015-05-25,1.146
2015-05-26,1.106
2015-05-27,1.127
2015-05-28,1.637
2015-05-29,1.474
2015-06-01,1.891
2015-06-02,4.734
2015-06-03,4.846
2015-06-04,3.592
2015-06-05,1.212
2015-06-08,1.002
2015-06-09,0.998
2015-06-10,0.992
2015-06-11,1.602
2015-06-12,1.362
2015-06-15,1.265
2015-06-16,1.23
2015-06-17,2.323
2015-06-18,11.034
2015-06-19,6.952
2015-06-23,2.783
2015-06-24,1.174
2015-06-25,1.151
2015-06-26,1.079
2015-06-29,1.558
2015-06-30,1.674
2015-07-01,1.234
2015-07-02,1.868
2015-07-03,3.59
2015-07-06,1.025
2015-07-07,0.909
2015-07-08,0.906
2015-07-09,1.225
2015-07-10,0.993
2015-07-13,0.875
2015-07-14,0.818
2015-07-15,0.767
2015-07-16,0.984
2015-07-17,0.854
2015-07-20,0.853
2015-07-21,0.838
2015-07-22,0.873
2015-07-23,1.268
2015-07-24,1.093
2015-07-27,1.117
2015-07-28,1.133
2015-07-29,0.998
2015-07-30,1.095
2015-07-31,1.005
2015-08-03,0.938
2015-08-04,0.963
2015-08-05,0.928
2015-08-06,1.076
2015-08-07,1.086
2015-08-10,1.268
2015-08-11,1.335
2015-08-12,1.236
2015-08-13,1.555
2015-08-14,1.366
2015-08-17,1.222
2015-08-18,1.173
2015-08-19,1.231
2015-08-20,1.435
2015-08-21,1.387
2015-08-24,1.271
2015-08-25,1.439
2015-08-26,1.511
2015-08-27,2.151
2015-08-28,1.761
2015-08-31,1.611
2015-09-01,2.018
2015-09-02,1.665
2015-09-07,1.273
2015-09-08,1.344
2015-09-09,1.541
2015-09-10,1.759
2015-09-11,1.456
2015-09-14,1.326
2015-09-15,1.432
2015-09-16,1.561
2015-09-17,2.053
2015-09-18,1.857
2015-09-21,1.919
2015-09-22,2.173
2015-09-23,2.068
2015-09-24,2.864
2015-09-25,2.578
2015-09-28,2.874
2015-09-29,7.711
2015-09-30,3.445
2015-10-08,4.798
2015-10-09,4.186
2015-10-12,2.627
2015-10-13,2.229
2015-10-14,1.937
2015-10-15,3.36
2015-10-16,2.561
2015-10-19,2.392
2015-10-20,2.116
2015-10-21,2.27
2015-10-22,4.671
2015-10-23,3.916
2015-10-26,2.713
2015-10-27,2.324
2015-10-28,2.152
2015-10-29,2.889
2015-10-30,2.028
2015-11-02,2.09
2015-11-03,2.595
2015-11-04,3.004
2015-11-05,4.023
2015-11-06,2.647
2015-11-09,2.77
2015-11-10,2.267
2015-11-11,2.022
2015-11-12,2.655
2015-11-13,1.993
2015-11-16,1.917
2015-11-17,1.807
2015-11-18,1.689
2015-11-19,2.33
2015-11-20,1.9
2015-11-23,1.569
2015-11-24,1.361
2015-11-25,1.32
2015-11-26,2.431
2015-11-27,2.018
2015-11-30,3.397
2015-12-01,3.325
2015-12-02,3.078
2015-12-03,3.089
2015-12-04,1.889
2015-12-07,1.791
2015-12-08,1.559
2015-12-09,1.614
2015-12-10,2.648
2015-12-11,2.836
2015-12-14,4.408
2015-12-15,3.814
2015-12-16,2.193
2015-12-17,3.178
2015-12-18,2.713
2015-12-21,2.559
2015-12-22,3.576
2015-12-23,5.109
2015-12-24,6.22
2015-12-25,3.684
2015-12-28,2.788
2015-12-29,2.926
2015-12-30,6.751
2015-12-31,4.348
2016-01-04,4.664
2016-01-05,4.272
2016-01-06,2.551
2016-01-07,2.364
2016-01-08,2.058
2016-01-11,1.811
2016-01-12,1.727
2016-01-13,1.849
2016-01-14,3.168
2016-01-15,2.249
2016-01-18,2.33
2016-01-19,2.879
2016-01-20,2.819
2016-01-21,5.399
2016-01-22,3.674
2016-01-25,2.863
2016-01-26,2.709
2016-01-27,2.467
2016-01-28,3.403
2016-01-29,2.401
2016-02-01,2.495
2016-02-02,2.667
2016-02-03,2.509
2016-02-04,7.719
2016-02-05,2.679
2016-02-15,2.354
2016-02-16,1.975
2016-02-17,1.964
2016-02-18,2.284
2016-02-19,1.872
2016-02-22,1.876
2016-02-23,1.85
2016-02-24,2.022
2016-02-25,5.573
2016-02-26,4.235
2016-02-29,3.363
2016-03-01,2.577
2016-03-02,2.282
2016-03-03,2.428
2016-03-04,1.551
2016-03-07,1.601
2016-03-08,1.449
2016-03-09,1.454
2016-03-10,1.779
2016-03-11,1.58
2016-03-14,1.997
2016-03-15,2.339
2016-03-16,2.181
2016-03-17,4.43
2016-03-18,4.326
2016-03-21,3.937
2016-03-22,3.716
2016-03-23,2.672
2016-03-24,3.757
2016-03-25,2.816
2016-03-28,2.797
2016-03-29,3.125
2016-03-30,4.337
2016-03-31,9.264
2016-04-01,2.763
2016-04-05,2.621
2016-04-06,2.324
2016-04-07,2.834
2016-04-08,1.944
2016-04-11,2.061
2016-04-12,1.992
2016-04-13,2.083
2016-04-14,3.793
2016-04-15,2.143
2016-04-18,2.147
2016-04-19,1.936
2016-04-20,2.0
2016-04-21,3.435
2016-04-22,2.249
2016-04-25,2.239
2016-04-26,1.852
2016-04-27,1.854
2016-04-28,2.92
2016-04-29,1.75
2016-05-03,1.877
2016-05-04,1.708
2016-05-05,2.508
2016-05-06,1.587
2016-05-09,1.631
2016-05-10,1.579
2016-05-11,1.365
2016-05-12,1.874
2016-05-13,1.546
2016-05-16,1.442
2016-05-17,1.52
2016-05-18,1.52
2016-05-19,1.929
2016-05-20,1.657
2016-05-23,1.602
2016-05-24,1.569
2016-05-25,1.606
2016-05-26,2.098
2016-05-27,2.011
2016-05-30,2.127
2016-05-31,2.523
2016-06-01,2.082
2016-06-02,3.249
2016-06-03,2.461
2016-06-06,2.423
2016-06-07,5.19
2016-06-08,2.652
2016-06-13,2.128
2016-06-14,2.527
2016-06-15,2.765
2016-06-16,5.154
2016-06-17,2.647
2016-06-20,2.559
2016-06-21,2.749
2016-06-22,2.582
2016-06-23,4.48
2016-06-24,2.891
2016-06-27,3.68
2016-06-28,4.858
2016-06-29,7.734
2016-06-30,8.27
2016-07-01,2.695
2016-07-04,2.545
2016-07-05,2.431
2016-07-06,2.243
2016-07-07,4.588
2016-07-08,2.51
2016-07-11,2.46
2016-07-12,2.422
2016-07-13,2.387
2016-07-14,3.749
2016-07-15,2.479
2016-07-18,2.426
2016-07-19,2.447
2016-07-20,2.477
2016-07-21,4.977
2016-07-22,3.13
2016-07-25,3.24
2016-07-26,2.908
2016-07-27,2.566
2016-07-28,4.582
2016-07-29,2.534
2016-08-01,2.21
2016-08-02,2.218
2016-08-03,2.1
2016-08-04,3.174
2016-08-05,2.083
2016-08-08,2.259
2016-08-09,2.348
2016-08-10,2.459
2016-08-11,3.513
2016-08-12,2.545
2016-08-15,2.667
2016-08-16,2.535
2016-08-17,2.65
2016-08-18,5.36
2016-08-19,2.851
2016-08-22,2.647
2016-08-23,2.958
2016-08-24,3.773
2016-08-25,5.456
2016-08-26,2.631
2016-08-29,2.571
2016-08-30,2.381
2016-08-31,2.37
2016-09-01,3.228
2016-09-02,2.364
2016-09-05,2.226
2016-09-06,2.096
2016-09-07,2.19
2016-09-08,2.761
2016-09-09,2.371
2016-09-12,2.537
2016-09-13,8.17
2016-09-14,3.605
2016-09-19,2.687
2016-09-20,3.565
2016-09-21,3.469
2016-09-22,5.336
2016-09-23,2.887
2016-09-26,3.516
2016-09-27,5.504
2016-09-28,4.678
2016-09-29,18.113
2016-09-30,5.501
2016-10-10,3.103
2016-10-11,3.041
2016-10-12,2.394
2016-10-13,3.542
2016-10-14,2.502
2016-10-17,2.533
2016-10-18,2.959
2016-10-19,2.781
2016-10-20,4.986
2016-10-21,4.388
2016-10-24,4.017
2016-10-25,4.104
2016-10-26,5.09
2016-10-27,12.446
2016-10-28,4.266
2016-10-31,3.935
2016-11-01,3.353
2016-11-02,2.398
2016-11-03,3.109
2016-11-04,2.067
2016-11-07,2.105
2016-11-08,2.018
2016-11-09,2.089
2016-11-10,4.026
2016-11-11,2.515
2016-11-14,2.948
2016-11-15,2.973
2016-11-16,3.083
2016-11-17,5.34
2016-11-18,3.101
2016-11-21,3.016
2016-11-22,2.935
2016-11-23,2.957
2016-11-24,5.453
2016-11-25,3.477
2016-11-28,3.76
2016-11-29,5.104
2016-11-30,6.68
2016-12-01,7.116
2016-12-02,3.489
2016-12-05,2.904
2016-12-06,2.899
2016-12-07,2.606
2016-12-08,4.58
2016-12-09,2.741
2016-12-12,2.876
2016-12-13,3.102
2016-12-14,3.363
2016-12-15,10.643
2016-12-16,6.074
2016-12-19,6.947
2016-12-20,6.213
2016-12-21,4.067
2016-12-22,6.236
2016-12-23,4.276
2016-12-26,5.049
2016-12-27,7.909
2016-12-28,13.905
2016-12-29,11.196
2016-12-30,3.226
2017-01-03,3.83
2017-01-04,4.043
2017-01-05,5.608
2017-01-06,2.926
2017-01-09,2.559
2017-01-10,2.266
2017-01-11,2.306
2017-01-12,3.929
2017-01-13,2.862
2017-01-16,3.722
2017-01-17,5.081
2017-01-18,6.383
2017-01-19,13.804
2017-01-20,6.348
2017-01-23,5.521
2017-01-24,4.768
2017-01-25,16.597
2017-01-26,13.02
2017-02-03,8.293
2017-02-06,4.158
2017-02-07,2.55
2017-02-08,2.277
2017-02-09,3.352
2017-02-10,2.705
2017-02-13,2.941
2017-02-14,3.409
2017-02-15,3.277
2017-02-16,5.953
2017-02-17,3.834
2017-02-20,4.999
2017-02-21,4.931
2017-02-22,4.324
2017-02-23,6.152
2017-02-24,4.885
2017-02-27,4.507
2017-02-28,4.294
2017-03-01,3.373
2017-03-02,3.929
2017-03-03,2.848
2017-03-06,2.794
2017-03-07,2.787
2017-03-08,2.809
2017-03-09,3.942
2017-03-10,2.894
2017-03-13,2.847
2017-03-14,2.787
2017-03-15,2.832
2017-03-16,9.115
2017-03-17,9.615
2017-03-20,6.034
2017-03-21,6.062
2017-03-22,4.02
2017-03-23,6.761
2017-03-24,4.695
2017-03-27,5.32
2017-03-28,6.174
2017-03-29,8.524
2017-03-30,24.348
2017-03-31,12.648
2017-04-05,5.442
2017-04-06,8.529
2017-04-07,2.798
2017-04-10,2.755
2017-04-11,2.445
2017-04-12,2.374
2017-04-13,3.707
2017-04-14,2.552
2017-04-17,2.796
2017-04-18,2.52
2017-04-19,2.734
2017-04-20,4.729
2017-04-21,3.159
2017-04-24,4.24
2017-04-25,4.01
2017-04-26,4.252
2017-04-27,12.22
2017-04-28,5.487
2017-05-02,4.092
2017-05-03,4.383
2017-05-04,7.088
2017-05-05,3.3
2017-05-08,3.135
2017-05-09,2.794
2017-05-10,2.721
2017-05-11,4.498
2017-05-12,2.948
2017-05-15,3.106
2017-05-16,3.521
2017-05-17,3.822
2017-05-18,6.837
2017-05-19,3.385
2017-05-22,3.606
2017-05-23,3.398
2017-05-24,3.046
2017-05-25,3.101
2017-05-26,3.272
2017-05-31,5.223
2017-06-01,5.435
2017-06-02,4.482
2017-06-05,3.775
2017-06-06,3.294
2017-06-07,2.952
2017-06-08,2.921
2017-06-09,2.91
2017-06-12,3.083
2017-06-13,3.358
2017-06-14,3.685
2017-06-15,3.952
2017-06-16,3.911
2017-06-19,4.001
2017-06-20,4.301
2017-06-21,4.75
2017-06-22,4.422
2017-06-23,3.779
2017-06-26,4.003
2017-06-27,4.291
2017-06-28,5.18
2017-06-29,7.266
2017-06-30,7.169
2017-07-03,3.803
2017-07-04,3.152
2017-07-05,2.753
2017-07-06,2.577
2017-07-07,2.458
2017-07-10,2.517
2017-07-11,2.591
2017-07-12,2.891
2017-07-13,2.825
2017-07-14,2.788
2017-07-17,3.246
2017-07-18,4.423
2017-07-19,4.735
2017-07-20,4.299
2017-07-21,4.365
2017-07-24,4.71
2017-07-25,4.751
2017-07-26,4.517
2017-07-27,4.185
2017-07-28,4.976
2017-07-31,5.798
2017-08-01,5.29
2017-08-02,4.14
2017-08-03,3.339
2017-08-04,2.966
2017-08-07,3.052
2017-08-08,3.042
2017-08-09,3.062
2017-08-10,3.046
2017-08-11,3.245
2017-08-14,3.681
2017-08-15,4.037
2017-08-16,4.477
2017-08-17,5.3
2017-08-18,4.455
2017-08-21,4.641
2017-08-22,4.791
2017-08-23,4.498
2017-08-24,4.113
2017-08-25,4.285
2017-08-28,4.971
2017-08-29,6.396
2017-08-30,6.873
2017-08-31,5.599
2017-09-01,4.096
2017-09-04,3.836
2017-09-05,3.632
2017-09-06,3.53
2017-09-07,3.475
2017-09-08,3.704
2017-09-11,4.156
2017-09-12,4.293
2017-09-13,4.131
2017-09-14,3.894
2017-09-15,3.893
2017-09-18,4.089
2017-09-19,4.467
2017-09-20,4.796
2017-09-21,4.874
2017-09-22,4.934
2017-09-25,5.294
2017-09-26,6.421
2017-09-27,7.409
2017-09-28,7.735
2017-09-29,12.972
2017-10-09,7.83
2017-10-10,6.076
2017-10-11,3.645
2017-10-12,3.092
2017-10-13,2.945
2017-10-16,3.182
2017-10-17,2.905
2017-10-18,2.697
2017-10-19,2.5
2017-10-20,2.665
2017-10-23,2.915
2017-10-24,2.976
2017-10-25,3.119
2017-10-26,3.626
2017-10-27,4.879
2017-10-30,6.844
2017-10-31,7.731
2017-11-01,4.042
2017-11-02,3.207
2017-11-03,2.988
2017-11-06,2.931
2017-11-07,2.906
2017-11-08,2.926
2017-11-09,3.164
2017-11-10,3.65
2017-11-13,4.178
2017-11-14,4.147
2017-11-15,3.892
2017-11-16,3.425
2017-11-17,3.614
2017-11-20,3.865
2017-11-21,3.955
2017-11-22,4.807
2017-11-23,4.641
2017-11-24,4.233
2017-11-27,4.134
2017-11-28,3.872
2017-11-29,4.292
2017-11-30,4.068
2017-12-01,3.551
2017-12-04,3.276
2017-12-05,3.122
2017-12-06,3.123
2017-12-07,3.086
2017-12-08,3.195
2017-12-11,3.671
2017-12-12,3.849
2017-12-13,3.814
2017-12-14,3.75
2017-12-15,3.952
2017-12-18,4.322
2017-12-19,4.806
2017-12-20,4.425
2017-12-21,3.242
2017-12-22,3.355
2017-12-25,4.477
2017-12-26,6.961
2017-12-27,13.215
2017-12-28,16.79
2017-12-29,14.87
2018-01-02,5.445
2018-01-03,4.334
2018-01-04,2.972
2018-01-05,2.643
2018-01-08,2.554
2018-01-09,2.542
2018-01-10,2.554
2018-01-11,2.675
2018-01-12,2.947
2018-01-15,3.292
2018-01-16,3.446
2018-01-17,4.102
2018-01-18,4.076
2018-01-19,3.96
2018-01-22,3.74
2018-01-23,3.538
2018-01-24,3.272
2018-01-25,3.053
2018-01-26,2.91
2018-01-29,3.048
2018-01-30,3.075
2018-01-31,3.051
2018-02-01,2.846
2018-02-02,2.923
2018-02-05,2.942
2018-02-06,2.889
2018-02-07,3.267
2018-02-08,3.163
2018-02-09,3.571
2018-02-12,3.788
2018-02-13,3.183
2018-02-14,3.269
2018-02-22,3.752
2018-02-23,3.876
2018-02-26,3.527
2018-02-27,3.478
2018-02-28,3.36
2018-03-01,3.156
2018-03-02,3.184
2018-03-05,3.185
2018-03-06,3.11
2018-03-07,2.964
2018-03-08,2.89
2018-03-09,3.02
2018-03-12,3.212
2018-03-13,3.231
2018-03-14,3.192
2018-03-15,3.24
2018-03-16,3.364
2018-03-19,3.588
2018-03-20,3.676
2018-03-21,3.566
2018-03-22,3.119
2018-03-23,3.382
2018-03-26,4.34
2018-03-27,5.124
2018-03-28,5.213
2018-03-29,10.223
2018-03-30,11.839
2018-04-02,4.15
2018-04-03,3.209
2018-04-04,2.857
2018-04-09,2.793
2018-04-10,2.755
2018-04-11,2.708
2018-04-12,2.591
2018-04-13,2.612
2018-04-16,2.844
2018-04-17,3.274
2018-04-18,3.766
2018-04-19,5.338
2018-04-20,6.332
2018-04-23,8.525
2018-04-24,9.286
2018-04-25,8.305
2018-04-26,7.893
2018-04-27,7.852
2018-05-02,4.414
2018-05-03,3.416
2018-05-04,3.07
2018-05-07,2.887
2018-05-08,2.68
2018-05-09,2.533
2018-05-10,2.46
2018-05-11,2.535
2018-05-14,2.97
2018-05-15,3.225
2018-05-16,3.141
2018-05-17,2.752
2018-05-18,2.986
2018-05-21,3.11
2018-05-22,3.069
2018-05-23,2.922
2018-05-24,2.82
2018-05-25,3.197
2018-05-28,3.602
2018-05-29,4.587
2018-05-30,6.78
2018-05-31,5.559
2018-06-01,4.303
2018-06-04,3.811
2018-06-05,3.609
2018-06-06,3.352
2018-06-07,2.975
2018-06-08,3.02
2018-06-11,3.105
2018-06-12,3.283
2018-06-13,3.145
2018-06-14,3.001
2018-06-15,3.531
2018-06-19,3.936
2018-06-20,4.072
2018-06-21,3.282
2018-06-22,3.072
2018-06-25,3.038
2018-06-26,3.268
2018-06-27,4.994
2018-06-28,9.802
2018-06-29,7.465
2018-07-02,3.656
2018-07-03,2.893
2018-07-04,2.481
2018-07-05,2.182
2018-07-06,2.324
2018-07-09,2.196
2018-07-10,2.074
2018-07-11,2.078
2018-07-12,2.319
2018-07-13,2.439
2018-07-16,2.432
2018-07-17,2.483
2018-07-18,2.48
2018-07-19,2.497
2018-07-20,2.589
2018-07-23,2.66
2018-07-24,2.75
2018-07-25,2.629
2018-07-26,2.63
2018-07-27,2.741
2018-07-30,3.023
2018-07-31,2.758
2018-08-01,2.538
2018-08-02,2.483
2018-08-03,2.483
2018-08-06,2.392
2018-08-07,2.241
2018-08-08,2.045
2018-08-09,2.023
2018-08-10,2.179
2018-08-13,2.226
2018-08-14,2.237
2018-08-15,2.298
2018-08-16,2.335
2018-08-17,2.704
2018-08-20,2.834
2018-08-21,2.6
2018-08-22,2.414
2018-08-23,2.436
2018-08-24,2.503
2018-08-27,2.527
2018-08-28,2.541
2018-08-29,2.51
2018-08-30,2.529
2018-08-31,2.737
2018-09-03,2.575
2018-09-04,2.463
2018-09-05,2.477
2018-09-06,2.445
2018-09-07,2.72
2018-09-10,2.699
2018-09-11,2.751
2018-09-12,2.507
2018-09-13,2.359
2018-09-14,2.464
2018-09-17,2.422
2018-09-18,2.976
2018-09-19,3.202
2018-09-20,2.764
2018-09-21,3.066
2018-09-25,3.26
2018-09-26,3.786
2018-09-27,4.015
2018-09-28,4.421
2018-10-08,3.458
2018-10-09,2.923
2018-10-10,2.498
2018-10-11,2.422
2018-10-12,2.493
2018-10-15,2.511
2018-10-16,2.552
2018-10-17,2.501
2018-10-18,2.387
2018-10-19,2.625
2018-10-22,2.712
2018-10-23,2.561
2018-10-24,2.511
2018-10-25,2.444
2018-10-26,2.494
2018-10-29,2.511
2018-10-30,2.676
2018-10-31,3.315
2018-11-01,2.583
2018-11-02,2.783
2018-11-05,2.589
2018-11-06,2.504
2018-11-07,2.473
2018-11-08,2.433
2018-11-09,2.449
2018-11-12,2.586
2018-11-13,2.691
2018-11-14,2.674
2018-11-15,2.636
2018-11-16,2.75
2018-11-19,2.815
2018-11-20,3.041
2018-11-21,2.885
2018-11-22,2.696
2018-11-23,2.735
2018-11-26,2.88
2018-11-27,2.862
2018-11-28,2.983
2018-11-29,3.409
2018-11-30,3.9
2018-12-03,2.999
2018-12-04,2.658
2018-12-05,2.476
2018-12-06,2.424
2018-12-07,2.631
2018-12-10,2.625
2018-12-11,2.69
2018-12-12,2.728
2018-12-13,2.862
2018-12-14,3.389
2018-12-17,3.583
2018-12-18,3.794
2018-12-19,3.715
2018-12-20,3.47
2018-12-21,3.784
2018-12-24,3.92
2018-12-25,3.915
2018-12-26,5.023
2018-12-27,8.702
2018-12-28,5.337
2019-01-02,6.05
2019-01-03,3.175
2019-01-04,2.861
2019-01-07,2.429
2019-01-08,2.18
2019-01-09,2.381
2019-01-10,2.313
2019-01-11,2.433
2019-01-14,2.445
2019-01-15,2.508
2019-01-16,2.488
2019-01-17,2.486
2019-01-18,2.634
2019-01-21,2.732
2019-01-22,2.738
2019-01-23,2.784
2019-01-24,2.772
2019-01-25,2.835
2019-01-28,2.834
2019-01-29,2.841
2019-01-30,2.959
2019-01-31,3.209
2019-02-01,3.174
2019-02-11,2.921
2019-02-12,2.741
2019-02-13,2.615
2019-02-14,2.415
2019-02-15,2.427
2019-02-18,2.495
2019-02-19,2.351
2019-02-20,2.292
2019-02-21,2.301
2019-02-22,2.666
2019-02-25,3.141
2019-02-26,4.79
2019-02-27,3.858
2019-02-28,2.555
2019-03-01,2.418
2019-03-04,2.364
2019-03-05,2.299
2019-03-06,2.206
2019-03-07,2.08
2019-03-08,2.173
2019-03-11,2.246
2019-03-12,2.365
2019-03-13,2.332
2019-03-14,2.393
2019-03-15,3.001
2019-03-18,2.995
2019-03-19,2.963
2019-03-20,2.978
2019-03-21,2.906
2019-03-22,2.975
2019-03-25,2.993
2019-03-26,2.93
2019-03-27,2.993
2019-03-28,4.294
2019-03-29,4.579
2019-04-01,3.332
2019-04-02,2.453
2019-04-03,2.019
2019-04-04,1.89
2019-04-08,1.971
2019-04-09,2.071
2019-04-10,2.274
2019-04-11,2.226
2019-04-12,2.268
2019-04-15,2.759
2019-04-16,3.008
2019-04-17,3.136
2019-04-18,2.853
2019-04-19,2.811
2019-04-22,2.764
2019-04-23,2.844
2019-04-24,2.945
2019-04-25,2.975
2019-04-26,3.172
2019-04-29,3.014
2019-04-30,2.851
2019-05-06,2.42
2019-05-07,2.275
2019-05-08,1.982
2019-05-09,1.795
2019-05-10,1.995
2019-05-13,2.135
2019-05-14,2.381
2019-05-15,2.396
2019-05-16,2.342
2019-05-17,2.451
2019-05-20,2.805
2019-05-21,2.811
2019-05-22,2.695
2019-05-23,2.532
2019-05-24,2.586
2019-05-27,2.316
2019-05-28,1.874
2019-05-29,1.896
2019-05-30,2.428
2019-05-31,2.443
2019-06-03,2.463
2019-06-04,2.481
2019-06-05,2.479
2019-06-06,2.441
2019-06-10,2.422
2019-06-11,2.35
2019-06-12,2.245
2019-06-13,2.224
2019-06-14,2.069
2019-06-17,1.818
2019-06-18,1.719
2019-06-19,1.819
2019-06-20,1.763
2019-06-21,2.014
2019-06-24,2.098
2019-06-25,2.119
2019-06-26,2.348
2019-06-27,3.087
2019-06-28,3.359
2019-07-01,2.775
2019-07-02,2.504
2019-07-03,2.131
2019-07-04,1.861
2019-07-05,1.863
2019-07-08,2.058
2019-07-09,2.15
2019-07-10,2.24
2019-07-11,2.419
2019-07-12,2.718
2019-07-15,2.912
2019-07-16,2.964
2019-07-17,3.162
2019-07-18,3.19
2019-07-19,3.21
2019-07-22,3.136
2019-07-23,2.98
2019-07-24,2.858
2019-07-25,2.957
2019-07-26,3.05
2019-07-29,3.034
2019-07-30,3.032
2019-07-31,2.928
2019-08-01,2.728
2019-08-02,2.832
2019-08-05,2.781
2019-08-06,2.666
2019-08-07,2.489
2019-08-08,2.449
2019-08-09,2.626
2019-08-12,2.826
2019-08-13,3.007
2019-08-14,3.04
2019-08-15,2.99
2019-08-16,3.128
2019-08-19,3.109
2019-08-20,3.121
2019-08-21,2.974
2019-08-22,2.682
2019-08-23,2.747
2019-08-26,2.847
2019-08-27,2.931
2019-08-28,3.014
2019-08-29,3.072
2019-08-30,3.12
2019-09-02,2.968
2019-09-03,2.897
2019-09-04,2.788
2019-09-05,2.744
2019-09-06,2.794
2019-09-09,2.809
2019-09-10,2.8
2019-09-11,2.716
2019-09-12,2.706
2019-09-16,2.761
2019-09-17,2.765
2019-09-18,2.86
2019-09-19,2.907
2019-09-20,2.931
2019-09-23,2.891
2019-09-24,2.647
2019-09-25,2.557
2019-09-26,2.544
2019-09-27,2.442
2019-09-30,2.605
2019-10-08,3.237
2019-10-09,3.188
2019-10-10,3.031
2019-10-11,2.942
2019-10-14,2.847
2019-10-15,2.793
2019-10-16,2.752
2019-10-17,2.657
2019-10-18,2.754
2019-10-21,2.873
2019-10-22,2.947
2019-10-23,2.908
2019-10-24,2.798
2019-10-25,2.816
2019-10-28,2.887
2019-10-29,2.959
2019-10-30,2.939
2019-10-31,2.717
2019-11-01,2.775
2019-11-04,2.682
2019-11-05,2.389
2019-11-06,2.189
2019-11-07,2.189
2019-11-08,2.291
2019-11-11,2.431
2019-11-12,2.71
2019-11-13,2.81
2019-11-14,2.826
2019-11-15,2.987
2019-11-18,2.986
2019-11-19,2.917
2019-11-20,2.868
2019-11-21,2.762
2019-11-22,2.79
2019-11-25,2.835
2019-11-26,2.81
2019-11-27,2.747
2019-11-28,2.846
2019-11-29,2.895
2019-12-02,2.799
2019-12-03,2.696
2019-12-04,2.495
2019-12-05,2.283
2019-12-06,2.317
2019-12-09,2.572
2019-12-10,2.689
2019-12-11,2.734
2019-12-12,2.652
2019-12-13,2.843
2019-12-16,2.95
2019-12-17,2.886
2019-12-18,2.52
2019-12-19,2.212
2019-12-20,2.481
2019-12-23,2.639
2019-12-24,2.655
2019-12-25,2.599
2019-12-26,2.631
2019-12-27,2.969
2019-12-30,3.074
2019-12-31,3.116
2020-01-02,3.072
2020-01-03,3.084
2020-01-06,3.004
2020-01-07,3.004
2020-01-08,2.816
2020-01-09,2.478
2020-01-10,2.662
2020-01-13,2.927
2020-01-14,3.057
2020-01-15,3.089
2020-01-16,3.074
2020-01-17,3.085
2020-01-20,3.086
2020-01-21,3.073
2020-01-22,2.888
2020-01-23,2.931
2020-02-03,2.837
2020-02-04,2.301
2020-02-05,2.433
2020-02-06,2.347
2020-02-07,2.229
2020-02-10,2.524
2020-02-11,2.53
2020-02-12,2.471
2020-02-13,2.357
2020-02-14,2.345
2020-02-17,2.43
2020-02-18,2.411
2020-02-19,2.346
2020-02-20,2.207
2020-02-21,2.208
2020-02-24,2.381
2020-02-25,2.44
2020-02-26,2.415
2020-02-27,2.484
2020-02-28,2.558
2020-03-02,2.273
2020-03-03,2.216
2020-03-04,2.089
2020-03-05,1.933
2020-03-06,1.873
2020-03-09,2.021
2020-03-10,2.301
2020-03-11,2.188
2020-03-12,1.948
2020-03-13,1.99
2020-03-16,1.942
2020-03-17,1.389
2020-03-18,1.3
2020-03-19,0.908
2020-03-20,0.909
2020-03-23,0.901
2020-03-24,1.642
2020-03-25,2.137
2020-03-26,1.935
2020-03-27,2.172
2020-03-30,3.279
2020-03-31,3.393
2020-04-01,2.161
2020-04-02,1.797
2020-04-03,1.686
2020-04-07,1.68
2020-04-08,1.658
2020-04-09,1.618
2020-04-10,1.583
2020-04-13,1.551
2020-04-14,1.565
2020-04-15,1.56
2020-04-16,1.517
2020-04-17,1.517
2020-04-20,1.52
2020-04-21,1.369
2020-04-22,1.288
2020-04-23,1.366
2020-04-24,1.539
2020-04-27,1.627
2020-04-28,1.623
2020-04-29,1.7
2020-04-30,1.873
2020-05-06,1.742
2020-05-07,1.699
2020-05-08,1.609
2020-05-11,1.51
2020-05-12,1.389
2020-05-13,1.333
2020-05-14,1.329
2020-05-15,1.402
2020-05-18,1.513
2020-05-19,1.613
2020-05-20,1.555
2020-05-21,1.467
2020-05-22,1.505
2020-05-25,1.647
2020-05-26,1.848
2020-05-27,2.054
2020-05-28,2.421
2020-05-29,2.346
2020-06-01,1.76
2020-06-02,1.713
2020-06-03,1.884
2020-06-04,1.796
2020-06-05,1.796
2020-06-08,1.93
2020-06-09,1.921
2020-06-10,1.968
2020-06-11,1.99
2020-06-12,2.018
2020-06-15,1.994
2020-06-16,1.97
2020-06-17,2.054
2020-06-18,2.206
2020-06-19,2.713
2020-06-22,3.118
2020-06-23,2.946
2020-06-24,3.194
2020-06-29,5.506
2020-06-30,5.602
2020-07-01,2.912
2020-07-02,2.226
2020-07-03,1.878
2020-07-06,1.941
2020-07-07,2.114
2020-07-08,2.082
2020-07-09,2.073
2020-07-10,2.167
2020-07-13,2.12
2020-07-14,2.012
2020-07-15,2.011
2020-07-16,2.1
2020-07-17,2.003
2020-07-20,1.841
2020-07-21,1.725
2020-07-22,1.742
2020-07-23,1.87
2020-07-24,1.932
2020-07-27,2.107
2020-07-28,2.091
2020-07-29,2.266
2020-07-30,2.773
2020-07-31,2.556
2020-08-03,2.189
2020-08-04,2.1
2020-08-05,1.943
2020-08-06,1.822
2020-08-07,1.973
2020-08-10,2.134
2020-08-11,2.226
2020-08-12,2.311
2020-08-13,2.29
2020-08-14,2.38
2020-08-17,2.46
2020-08-18,2.441
2020-08-19,2.538
2020-08-20,2.792
2020-08-21,2.889
2020-08-24,2.766
2020-08-25,2.516
2020-08-26,2.272
2020-08-27,2.111
2020-08-28,2.784
2020-08-31,2.915
2020-09-01,2.477
2020-09-02,2.278
2020-09-03,1.993
2020-09-04,2.095
2020-09-07,2.151
2020-09-08,2.167
2020-09-09,2.057
2020-09-10,1.957
2020-09-11,2.076
2020-09-14,2.223
2020-09-15,2.251
2020-09-16,2.302
2020-09-17,2.666
2020-09-18,3.286
2020-09-21,3.445
2020-09-22,3.33
2020-09-23,2.966
2020-09-24,2.819
2020-09-25,3.197
2020-09-28,2.985
2020-09-29,3.085
2020-09-30,3.28
2020-10-09,4.113
2020-10-12,3.29
2020-10-13,2.64
2020-10-14,2.026
2020-10-15,1.857
2020-10-16,1.974
2020-10-19,2.271
2020-10-20,2.521
2020-10-21,2.266
2020-10-22,2.002
2020-10-23,2.428
2020-10-26,2.887
2020-10-27,3.807
2020-10-28,4.185
2020-10-29,4.33
2020-10-30,4.152
2020-11-02,2.9
2020-11-03,2.282
2020-11-04,2.062
2020-11-05,2.053
2020-11-06,2.261
2020-11-09,2.515
2020-11-10,2.968
2020-11-11,2.971
2020-11-12,3.15
2020-11-13,3.267
2020-11-16,2.916
2020-11-17,2.568
2020-11-18,2.368
2020-11-19,2.307
2020-11-20,2.304
2020-11-23,2.577
2020-11-24,2.694
2020-11-25,1.674
2020-11-26,1.879
2020-11-27,2.586
2020-11-30,2.282
2020-12-01,1.899
2020-12-02,2.989
2020-12-03,2.674
2020-12-04,2.32
2020-12-07,2.26
2020-12-08,2.136
2020-12-09,2.213
2020-12-10,2.283
2020-12-11,2.793
2020-12-14,2.69
2020-12-15,2.21
2020-12-16,2.13
2020-12-17,2.339
2020-12-18,2.916
2020-12-21,3.013
2020-12-22,2.883
2020-12-23,2.683
2020-12-24,2.527
2020-12-25,3.165
2020-12-28,3.809
2020-12-29,4.06
2020-12-30,4.033
2020-12-31,4.264
2021-01-04,2.767
2021-01-05,1.997
2021-01-06,1.786
2021-01-07,1.735
2021-01-08,1.705
2021-01-11,1.786
2021-01-12,1.778
2021-01-13,1.697
2021-01-14,1.729
2021-01-15,1.897
2021-01-18,2.191
2021-01-19,2.457
2021-01-20,2.764
2021-01-21,3.005
2021-01-22,2.99
2021-01-25,2.976
2021-01-26,4.463
2021-01-27,4.506
2021-01-28,6.398
2021-01-29,5.431
2021-02-01,4.011
2021-02-02,2.741
2021-02-03,2.279
2021-02-04,2.334
2021-02-05,2.635
2021-02-08,2.406
2021-02-09,1.995
2021-02-10,2.066
2021-02-18,2.385
2021-02-19,1.976
2021-02-22,1.863
2021-02-23,1.965
2021-02-24,1.952
2021-02-25,2.129
2021-02-26,2.232
2021-03-01,2.122
2021-03-02,1.79
2021-03-03,1.685
2021-03-04,1.699
2021-03-05,1.693
2021-03-08,1.791
2021-03-09,1.788
2021-03-10,1.782
2021-03-11,1.725
2021-03-12,1.758
2021-03-15,2.027
2021-03-16,1.86
2021-03-17,1.767
2021-03-18,1.838
2021-03-19,2.014
2021-03-22,2.048
2021-03-23,2.056
2021-03-24,2.054
2021-03-25,2.106
2021-03-26,2.319
2021-03-29,2.632
2021-03-30,3.982
2021-03-31,3.078
2021-04-01,2.225
2021-04-02,2.106
2021-04-06,1.879
2021-04-07,1.743
2021-04-08,1.676
2021-04-09,1.749
2021-04-12,1.733
2021-04-13,1.763
2021-04-14,1.874
2021-04-15,1.832
2021-04-16,2.02
2021-04-19,2.033
2021-04-20,1.912
2021-04-21,1.894
2021-04-22,2.041
2021-04-23,2.2
2021-04-26,2.247
2021-04-27,2.103
2021-04-28,2.132
2021-04-29,2.272
2021-04-30,2.293
2021-05-06,2.201
2021-05-07,2.217
2021-05-10,1.911
2021-05-11,1.838
2021-05-12,1.832
2021-05-13,1.948
2021-05-14,2.07
2021-05-17,2.178
2021-05-18,2.13
2021-05-19,1.992
2021-05-20,2.036
2021-05-21,2.154
2021-05-24,2.265
2021-05-25,2.34
2021-05-26,2.299
2021-05-27,2.342
2021-05-28,4.062
2021-05-31,3.796
2021-06-01,2.473
2021-06-02,2.297
2021-06-03,1.943
2021-06-04,2.095
2021-06-07,2.205
2021-06-08,2.022
2021-06-09,2.01
2021-06-10,1.955
2021-06-11,2.059
2021-06-15,2.092
2021-06-16,2.068
2021-06-17,2.063
2021-06-18,2.358
2021-06-21,2.459
2021-06-22,2.603
2021-06-23,2.536
2021-06-24,2.372
2021-06-25,2.569
2021-06-28,4.058
2021-06-29,4.422
2021-06-30,4.746
2021-07-01,3.041
2021-07-02,2.616
2021-07-05,2.096
2021-07-06,1.971
2021-07-07,2.004
2021-07-08,1.986
2021-07-09,2.251
2021-07-12,2.18
2021-07-13,2.2
2021-07-14,2.224
2021-07-15,2.156
2021-07-16,2.141
2021-07-19,2.122
2021-07-20,2.143
2021-07-21,2.198
2021-07-22,2.182
2021-07-23,2.198
2021-07-26,2.254
2021-07-27,2.422
2021-07-28,2.374
2021-07-29,2.797
2021-07-30,2.526
2021-08-02,2.104
2021-08-03,2.048
2021-08-04,2.014
2021-08-05,1.911
2021-08-06,2.004
2021-08-09,2.1
2021-08-10,2.229
2021-08-11,2.058
2021-08-12,2.019
2021-08-13,2.148
2021-08-16,2.072
2021-08-17,2.007
2021-08-18,1.997
2021-08-19,1.997
2021-08-20,2.044
2021-08-23,2.115
2021-08-24,2.286
2021-08-25,2.299
2021-08-26,2.258
2021-08-27,2.609
2021-08-30,4.15
2021-08-31,3.075
2021-09-01,2.467
2021-09-02,2.301
2021-09-03,2.203
2021-09-06,2.178
2021-09-07,2.219
2021-09-08,2.235
2021-09-09,2.142
2021-09-10,2.2
2021-09-13,2.262
2021-09-14,2.357
2021-09-15,2.347
2021-09-16,2.499
2021-09-17,2.677
2021-09-22,2.466
2021-09-23,2.374
2021-09-24,2.521
2021-09-27,3.098
2021-09-28,3.461
2021-09-29,3.702
2021-09-30,2.826
2021-10-08,3.354
2021-10-11,2.509
2021-10-12,2.148
2021-10-13,1.981
2021-10-14,1.896
2021-10-15,2.055
2021-10-18,2.095
2021-10-19,2.151
2021-10-20,2.039
2021-10-21,1.893
2021-10-22,1.995
2021-10-25,1.988
2021-10-26,2.018
2021-10-27,2.21
2021-10-28,2.757
2021-10-29,2.502
2021-11-01,2.213
2021-11-02,2.163
2021-11-03,2.108
2021-11-04,2.024
2021-11-05,2.109
2021-11-08,2.174
2021-11-09,2.263
2021-11-10,2.226
2021-11-11,2.175
2021-11-12,2.224
2021-11-15,2.199
2021-11-16,2.181
2021-11-17,2.375
2021-11-18,2.315
2021-11-19,2.526
2021-11-22,2.546
2021-11-23,2.612
2021-11-24,2.472
2021-11-25,2.377
2021-11-26,2.611
2021-11-29,4.646
2021-11-30,4.605
2021-12-01,2.601
2021-12-02,2.263
2021-12-03,2.275
2021-12-06,2.252
2021-12-07,2.431
2021-12-08,2.598
2021-12-09,2.399
2021-12-10,2.392
2021-12-13,2.524
2021-12-14,2.543
2021-12-15,2.545
2021-12-16,2.568
2021-12-17,2.536
2021-12-20,2.633
2021-12-21,2.299
2021-12-22,2.171
2021-12-23,2.258
2021-12-24,3.024
2021-12-27,3.39
2021-12-28,3.482
2021-12-29,4.653
2021-12-30,5.046
2021-12-31,5.048
2022-01-04,3.685
2022-01-05,2.682
2022-01-06,2.104
2022-01-07,2.007
2022-01-10,1.953
2022-01-11,2.053
2022-01-12,2.116
2022-01-13,2.387
2022-01-14,2.456
2022-01-17,2.328
2022-01-18,2.28
2022-01-19,2.316
2022-01-20,2.378
2022-01-21,2.561
2022-01-24,2.526
2022-01-25,2.668
2022-01-26,2.918
2022-01-27,2.73
2022-01-28,2.56
2022-02-07,2.595
2022-02-08,2.186
2022-02-09,1.939
2022-02-10,1.837
2022-02-11,1.934
2022-02-14,1.983
2022-02-15,1.959
2022-02-16,1.989
2022-02-17,1.979
2022-02-18,2.07
2022-02-21,2.165
2022-02-22,2.212
2022-02-23,2.314
2022-02-24,2.563
2022-02-25,3.197
2022-02-28,2.858
2022-03-01,2.37
2022-03-02,2.197
2022-03-03,1.979
2022-03-04,1.939
2022-03-07,1.999
2022-03-08,2.0
2022-03-09,2.089
2022-03-10,2.106
2022-03-11,2.169
2022-03-14,2.287
2022-03-15,2.222
2022-03-16,2.213
2022-03-17,2.126
2022-03-18,2.136
2022-03-21,2.19
2022-03-22,2.169
2022-03-23,2.22
2022-03-24,2.258
2022-03-25,2.348
2022-03-28,2.74
2022-03-29,3.529
2022-03-30,5.302
2022-03-31,2.881
2022-04-01,2.369
2022-04-06,2.281
2022-04-07,1.993
2022-04-08,1.94
2022-04-11,1.891
2022-04-12,1.836
2022-04-13,1.821
2022-04-14,1.782
2022-04-15,1.746
2022-04-18,1.775
2022-04-19,1.702
2022-04-20,1.641
2022-04-21,1.603
2022-04-22,1.677
2022-04-25,1.719
2022-04-26,1.742
2022-04-27,1.903
2022-04-28,1.877
2022-04-29,1.853
2022-05-05,1.842
2022-05-06,1.86
2022-05-09,1.716
2022-05-10,1.598
2022-05-11,1.583
2022-05-12,1.534
2022-05-13,1.609
2022-05-16,1.69
2022-05-17,1.664
2022-05-18,1.66
2022-05-19,1.637
2022-05-20,1.726
2022-05-23,1.731
2022-05-24,1.707
2022-05-25,1.684
2022-05-26,1.629
2022-05-27,1.72
2022-05-30,2.111
2022-05-31,1.852
2022-06-01,1.72
2022-06-02,1.73
2022-06-06,1.771
2022-06-07,1.768
2022-06-08,1.736
2022-06-09,1.612
2022-06-10,1.644
2022-06-13,1.654
2022-06-14,1.656
2022-06-15,1.73
2022-06-16,1.715
2022-06-17,1.775
2022-06-20,1.783
2022-06-21,1.792
2022-06-22,1.791
2022-06-23,1.781
2022-06-24,1.886
2022-06-27,2.149
2022-06-28,2.588
2022-06-29,5.34
2022-06-30,3.751
2022-07-01,2.353
2022-07-04,2.076
2022-07-05,1.908
2022-07-06,1.731
2022-07-07,1.624
2022-07-08,1.625
2022-07-11,1.61
2022-07-12,1.591
2022-07-13,1.58
2022-07-14,1.492
2022-07-15,1.525
2022-07-18,1.606
2022-07-19,1.637
2022-07-20,1.65
2022-07-21,1.597
2022-07-22,1.635
2022-07-25,1.626
2022-07-26,1.549
2022-07-27,1.57
2022-07-28,1.795
2022-07-29,1.777
2022-08-01,1.659
2022-08-02,1.653
2022-08-03,1.608
2022-08-04,1.518
2022-08-05,1.553
2022-08-08,1.527
2022-08-09,1.526
2022-08-10,1.555
2022-08-11,1.514
2022-08-12,1.485
2022-08-15,1.475
2022-08-16,1.54
2022-08-17,1.667
2022-08-18,1.592
2022-08-19,1.599
2022-08-22,1.616
2022-08-23,1.625
2022-08-24,1.632
2022-08-25,1.6
2022-08-26,1.669
2022-08-29,1.712
2022-08-30,1.92
2022-08-31,1.815
2022-09-01,1.694
2022-09-02,1.686
2022-09-05,1.611
2022-09-06,1.604
2022-09-07,1.592
2022-09-08,1.56
2022-09-09,1.609
2022-09-13,1.624
2022-09-14,1.628
2022-09-15,1.598
2022-09-16,1.717
2022-09-19,1.755
2022-09-20,1.754
2022-09-21,1.732
2022-09-22,1.733
2022-09-23,1.835
2022-09-26,2.138
2022-09-27,2.599
2022-09-28,2.614
2022-09-29,3.333
2022-09-30,3.339
2022-10-10,2.139
2022-10-11,1.883
2022-10-12,1.69
2022-10-13,1.557
2022-10-14,1.612
2022-10-17,1.627
2022-10-18,1.598
2022-10-19,1.575
2022-10-20,1.542
2022-10-21,1.638
2022-10-24,1.777
2022-10-25,2.586
2022-10-26,2.216
2022-10-27,1.966
2022-10-28,2.091
2022-10-31,2.166
2022-11-01,2.082
2022-11-02,1.786
2022-11-03,1.614
2022-11-04,1.708
2022-11-07,1.804
2022-11-08,1.96
2022-11-09,1.846
2022-11-10,1.796
2022-11-11,1.863
2022-11-14,1.997
2022-11-15,2.162
2022-11-16,2.207
2022-11-17,2.028
2022-11-18,1.963
2022-11-21,1.948
2022-11-22,1.859
2022-11-23,1.783
2022-11-24,1.766
2022-11-25,1.915
2022-11-28,2.042
2022-11-29,3.439
2022-11-30,2.962
2022-12-01,1.964
2022-12-02,1.858
2022-12-05,1.806
2022-12-06,1.822
2022-12-07,1.825
2022-12-08,1.803
2022-12-09,1.863
2022-12-12,1.987
2022-12-13,2.049
2022-12-14,2.132
2022-12-15,2.03
2022-12-16,2.137
2022-12-19,2.263
2022-12-20,2.251
2022-12-21,2.189
2022-12-22,2.075
2022-12-23,2.949
2022-12-26,3.917
2022-12-27,3.831
2022-12-28,4.637
2022-12-29,5.116
2022-12-30,4.203
2023-01-03,2.686
2023-01-04,2.322
2023-01-05,2.049
2023-01-06,2.087
2023-01-09,2.111
2023-01-10,2.281
2023-01-11,2.37
2023-01-12,2.174
2023-01-13,2.259
2023-01-16,2.644
2023-01-17,3.233
2023-01-18,3.14
2023-01-19,2.48
2023-01-20,2.913
2023-01-30,2.828
2023-01-31,2.692
2023-02-01,2.273
2023-02-02,1.973
2023-02-03,1.915
2023-02-06,2.166
2023-02-07,2.718
2023-02-08,2.75
2023-02-09,2.336
2023-02-10,2.106
2023-02-13,2.099
2023-02-14,2.074
2023-02-15,2.146
2023-02-16,2.293
2023-02-17,2.985
2023-02-20,2.567
2023-02-21,2.383
2023-02-22,2.198
2023-02-23,2.151
2023-02-24,2.504
2023-02-27,4.601
2023-02-28,4.396
2023-03-01,2.401
2023-03-02,2.018
2023-03-03,1.899
2023-03-06,1.85
2023-03-07,1.849
2023-03-08,1.896
2023-03-09,1.854
2023-03-10,2.079
2023-03-13,2.161
2023-03-14,2.261
2023-03-15,2.434
2023-03-16,2.462
2023-03-17,2.454
2023-03-20,2.415
2023-03-21,2.519
2023-03-22,2.349
2023-03-23,2.132
2023-03-24,2.472
2023-03-27,2.882
2023-03-28,3.043
2023-03-29,4.446
2023-03-30,5.474
2023-03-31,6.91
2023-04-03,3.86
2023-04-04,2.723
2023-04-06,2.211
2023-04-07,2.196
2023-04-10,2.125
2023-04-11,2.034
2023-04-12,1.928
2023-04-13,1.796
2023-04-14,2.099
2023-04-17,2.119
2023-04-18,2.019
2023-04-19,2.069
2023-04-20,2.262
2023-04-21,2.724
2023-04-24,2.239
2023-04-25,2.027
2023-04-26,2.033
2023-04-27,2.24
2023-04-28,2.26
2023-05-04,2.112
2023-05-05,2.109
2023-05-08,1.979
2023-05-09,1.865
2023-05-10,1.736
2023-05-11,1.706
2023-05-12,1.876
2023-05-15,1.97
2023-05-16,1.976
2023-05-17,1.919
2023-05-18,1.851
2023-05-19,1.897
2023-05-22,1.863
2023-05-23,1.852
2023-05-24,1.913
2023-05-25,1.975
2023-05-26,2.087
2023-05-29,2.046
2023-05-30,2.364
2023-05-31,2.091
2023-06-01,1.967
2023-06-02,1.998
2023-06-05,1.931
2023-06-06,1.895
2023-06-07,1.858
2023-06-08,1.88
2023-06-09,1.974
2023-06-12,1.977
2023-06-13,2.011
2023-06-14,1.918
2023-06-15,1.911
2023-06-16,2.172
2023-06-19,2.344
2023-06-20,2.186
2023-06-21,2.23
2023-06-26,2.271
2023-06-27,2.451
2023-06-28,3.691
2023-06-29,6.091
2023-06-30,4.16
2023-07-03,2.747
2023-07-04,2.234
2023-07-05,1.919
2023-07-06,1.769
2023-07-07,1.787
2023-07-10,1.844
2023-07-11,1.867
2023-07-12,1.863
2023-07-13,1.821
2023-07-14,1.865
2023-07-17,1.825
2023-07-18,1.802
2023-07-19,1.827
2023-07-20,1.814
2023-07-21,1.888
2023-07-24,1.903
2023-07-25,2.003
2023-07-26,1.928
2023-07-27,1.841
2023-07-28,2.239
2023-07-31,2.048
2023-08-01,1.848
2023-08-02,1.759
2023-08-03,1.637
2023-08-04,1.688
2023-08-07,1.747
2023-08-08,1.755
2023-08-09,1.746
2023-08-10,1.672
2023-08-11,1.719
2023-08-14,1.846
2023-08-15,1.931
2023-08-16,1.997
2023-08-17,1.948
2023-08-18,1.972
2023-08-21,1.976
2023-08-22,1.963
2023-08-23,1.949
2023-08-24,1.875
2023-08-25,2.019
2023-08-28,2.2
2023-08-29,2.429
2023-08-30,3.937
2023-08-31,2.231
2023-09-01,1.936
2023-09-04,1.859
2023-09-05,1.79
2023-09-06,1.881
2023-09-07,1.993
2023-09-08,2.07
2023-09-11,2.032
2023-09-12,1.949
2023-09-13,1.883
2023-09-14,1.912
2023-09-15,1.932
2023-09-18,2.06
2023-09-19,2.131
2023-09-20,2.136
2023-09-21,2.102
2023-09-22,2.198
2023-09-25,2.546
2023-09-26,3.801
2023-09-27,4.929
2023-09-28,3.917
2023-10-09,2.765
2023-10-10,2.285
2023-10-11,2.079
2023-10-12,1.962
2023-10-13,1.999
2023-10-16,2.019
2023-10-17,1.996
2023-10-18,2.034
2023-10-19,2.81
2023-10-20,2.979
2023-10-23,2.684
2023-10-24,3.015
2023-10-25,2.314
2023-10-26,1.955
2023-10-27,2.107
2023-10-30,3.375
2023-10-31,3.069
2023-11-01,2.527
2023-11-02,1.84
2023-11-03,1.856
2023-11-06,1.914
2023-11-07,1.896
2023-11-08,1.926
2023-11-09,1.918
2023-11-10,1.958
2023-11-13,2.049
2023-11-14,2.17
2023-11-15,2.222
2023-11-16,2.409
2023-11-17,2.391
2023-11-20,2.34
2023-11-21,2.314
2023-11-22,2.418
2023-11-23,2.466
2023-11-24,2.492
2023-11-27,2.57
2023-11-28,2.659
2023-11-29,6.244
2023-11-30,3.039
2023-12-01,2.702
2023-12-04,2.459
2023-12-05,2.225
2023-12-06,2.173
2023-12-07,2.256
2023-12-08,2.488
2023-12-11,2.531
2023-12-12,2.354
2023-12-13,2.206
2023-12-14,2.144
2023-12-15,2.192
2023-12-18,2.38
2023-12-19,2.438
2023-12-20,2.321
2023-12-21,2.232
2023-12-22,2.486
2023-12-25,2.571
2023-12-26,2.758
2023-12-27,3.333
2023-12-28,4.137
2023-12-29,2.778
2024-01-02,2.577
2024-01-03,2.583
2024-01-04,2.454
2024-01-05,2.288
2024-01-08,2.306
2024-01-09,2.26
2024-01-10,2.211
2024-01-11,2.16
2024-01-12,2.239
2024-01-15,2.263
2024-01-16,2.507
2024-01-17,2.559
2024-01-18,2.258
2024-01-19,2.118
2024-01-22,2.125
2024-01-23,2.128
2024-01-24,2.421
2024-01-25,2.635
2024-01-26,2.5
2024-01-29,2.325
2024-01-30,2.701
2024-01-31,2.38
2024-02-01,2.277
2024-02-02,2.327
2024-02-05,2.283
2024-02-06,2.289
2024-02-07,2.06
2024-02-08,2.257
2024-02-19,2.045
2024-02-20,1.935
2024-02-21,1.941
2024-02-22,1.925
2024-02-23,2.017
2024-02-26,2.034
2024-02-27,2.046
2024-02-28,2.375
2024-02-29,2.003
2024-03-01,1.98
2024-03-04,1.986
2024-03-05,2.008
2024-03-06,1.971
2024-03-07,1.929
2024-03-08,1.944
2024-03-11,1.911
2024-03-12,1.9
2024-03-13,2.011
2024-03-14,1.966
2024-03-15,1.93
2024-03-18,1.939
2024-03-19,1.943
2024-03-20,2.043
2024-03-21,2.089
2024-03-22,2.037
2024-03-25,2.115
2024-03-26,2.178
2024-03-27,2.717
2024-03-28,4.559
2024-03-29,2.912
2024-04-01,2.262
2024-04-02,1.923
2024-04-03,1.935
2024-04-08,1.917
2024-04-09,1.88
2024-04-10,1.86
2024-04-11,1.786
2024-04-12,1.817
2024-04-15,1.808
2024-04-16,1.813
2024-04-17,1.797
2024-04-18,1.792
2024-04-19,1.827
2024-04-22,1.868
2024-04-23,1.873
2024-04-24,1.861
2024-04-25,1.814
2024-04-26,1.957
2024-04-29,1.954
2024-04-30,1.902
2024-05-06,1.923
2024-05-07,1.848
2024-05-08,1.813
2024-05-09,1.742
2024-05-10,1.767
2024-05-13,1.793
2024-05-14,1.783
2024-05-15,1.753
2024-05-16,1.703
2024-05-17,1.758
2024-05-20,1.77
2024-05-21,1.835
2024-05-22,1.806
2024-05-23,1.711
2024-05-24,1.76
2024-05-27,1.806
2024-05-28,1.82
2024-05-29,1.894
2024-05-30,1.88
2024-05-31,1.829
2024-06-03,1.833
2024-06-04,1.814
2024-06-05,1.8
2024-06-06,1.783
2024-06-07,1.834
2024-06-11,1.825
2024-06-12,1.818
2024-06-13,1.812
2024-06-14,1.834
2024-06-17,1.844
2024-06-18,1.848
2024-06-19,1.834
2024-06-20,1.869
2024-06-21,1.938
2024-06-24,1.934
2024-06-25,1.982
2024-06-26,2.139
2024-06-27,2.64
2024-06-28,2.445
2024-07-01,1.928
2024-07-02,1.875
2024-07-03,1.849
2024-07-04,1.817
2024-07-05,1.857
2024-07-08,1.857
2024-07-09,1.824
2024-07-10,1.767
2024-07-11,1.733
2024-07-12,1.789
2024-07-15,1.851
2024-07-16,1.911
2024-07-17,1.871
2024-07-18,1.843
2024-07-19,1.864
2024-07-22,1.842
2024-07-23,1.855
2024-07-24,1.862
2024-07-25,1.859
2024-07-26,1.891
2024-07-29,1.95
2024-07-30,2.035
2024-07-31,1.985
2024-08-01,1.833
2024-08-02,1.824
2024-08-05,1.82
2024-08-06,1.821
2024-08-07,1.825
2024-08-08,1.839
2024-08-09,1.893
2024-08-12,1.922
2024-08-13,1.898
2024-08-14,1.903
2024-08-15,1.851
2024-08-16,1.843
2024-08-19,1.83
2024-08-20,1.871
2024-08-21,1.887
2024-08-22,1.871
2024-08-23,1.916
2024-08-26,1.916
2024-08-27,1.872
2024-08-28,1.855
2024-08-29,1.929
2024-08-30,1.896
2024-09-02,1.845
2024-09-03,1.867
2024-09-04,1.883
2024-09-05,1.862
2024-09-06,1.927
2024-09-09,1.932
2024-09-10,1.959
2024-09-11,1.901
2024-09-12,1.88
2024-09-13,1.94
2024-09-18,1.993
2024-09-19,2.094
2024-09-20,1.997
2024-09-23,1.981
2024-09-24,1.97
2024-09-25,2.027
2024-09-26,2.256
2024-09-27,2.617
2024-09-30,2.926
2024-10-08,2.713
2024-10-09,2.173
2024-10-10,1.777
2024-10-11,1.744
2024-10-14,1.736
2024-10-15,1.72
2024-10-16,1.754
2024-10-17,1.735
2024-10-18,1.866
2024-10-21,1.846
2024-10-22,1.838
2024-10-23,1.846
2024-10-24,1.703
2024-10-25,1.715
2024-10-28,1.735
2024-10-29,1.829
2024-10-30,1.912
2024-10-31,1.614
2024-11-01,1.617
2024-11-04,1.648
2024-11-05,1.692
2024-11-06,1.742
2024-11-07,1.743
2024-11-08,1.919
2024-11-11,1.895
2024-11-12,1.752
2024-11-13,1.678
2024-11-14,1.604
2024-11-15,1.71
2024-11-18,1.848
2024-11-19,1.862
2024-11-20,1.702
2024-11-21,1.557
2024-11-22,1.685
2024-11-25,1.731
2024-11-26,1.801
2024-11-27,1.842
2024-11-28,1.689
2024-11-29,1.717
2024-12-02,1.715
2024-12-03,1.73
2024-12-04,1.737
2024-12-05,1.716
2024-12-06,1.821
2024-12-09,1.864
2024-12-10,2.103
2024-12-11,1.945
2024-12-12,1.771
2024-12-13,1.793
2024-12-16,1.899
2024-12-17,2.031
2024-12-18,1.926
2024-12-19,1.612
2024-12-20,1.645
2024-12-23,1.64
2024-12-24,1.87
2024-12-25,1.992
2024-12-26,1.805
2024-12-27,1.977
2024-12-30,2.547
2024-12-31,2.042
2025-01-02,1.87
2025-01-03,1.797
2025-01-06,1.587
2025-01-07,1.516
2025-01-08,1.488
2025-01-09,1.46
2025-01-10,1.706
2025-01-13,2.032
2025-01-14,2.624
2025-01-15,2.354
2025-01-16,2.921
2025-01-17,3.495
2025-01-20,3.444
2025-01-21,2.349
2025-01-22,2.0
2025-01-23,2.681
2025-01-24,2.7
2025-01-27,2.732
2025-02-05,2.185
2025-02-06,1.706
2025-02-07,1.729
2025-02-10,1.772
2025-02-11,1.762
2025-02-12,1.75
2025-02-13,1.718
2025-02-14,1.972
2025-02-17,2.114
2025-02-18,2.177
2025-02-19,2.017
2025-02-20,2.057
2025-02-21,2.376
2025-02-24,2.303
2025-02-25,2.146
2025-02-26,2.227
2025-02-27,2.0
2025-02-28,2.322
2025-03-03,1.833
2025-03-04,1.621
2025-03-05,1.497
2025-03-06,1.457
2025-03-07,1.7
2025-03-10,1.677
2025-03-11,1.626
2025-03-12,1.633
2025-03-13,1.631
2025-03-14,1.868
2025-03-17,1.897
2025-03-18,2.174
2025-03-19,2.267
2025-03-20,1.637
2025-03-21,1.835
2025-03-24,1.834
2025-03-25,1.883
2025-03-26,1.894
2025-03-27,1.919
2025-03-28,3.206
2025-03-31,2.956
2025-04-01,1.868
2025-04-02,1.584
2025-04-03,1.636
2025-04-07,1.871
2025-04-08,1.873
2025-04-09,1.736
2025-04-10,1.528
2025-04-11,1.573
2025-04-14,1.532
2025-04-15,1.5
2025-04-16,1.555
2025-04-17,1.55
2025-04-18,1.693
2025-04-21,1.699
2025-04-22,1.629
2025-04-23,1.621
2025-04-24,1.531
2025-04-25,1.655
2025-04-28,1.851
2025-04-29,1.726
2025-04-30,1.712
2025-05-06,1.735
2025-05-07,1.618
2025-05-08,1.479
2025-05-09,1.488
2025-05-12,1.46
2025-05-13,1.449
2025-05-14,1.477
2025-05-15,1.413
2025-05-16,1.561
2025-05-19,1.514
2025-05-20,1.525
2025-05-21,1.532
2025-05-22,1.504
2025-05-23,1.67
2025-05-26,1.651
2025-05-27,1.735
2025-05-28,1.793
2025-05-29,1.586
2025-05-30,1.615
2025-06-03,1.533
2025-06-04,1.508
2025-06-05,1.436
2025-06-06,1.466
2025-06-09,1.454
2025-06-10,1.504
2025-06-11,1.527
2025-06-12,1.5
2025-06-13,1.583
2025-06-16,1.549
2025-06-17,1.653
2025-06-18,1.647
2025-06-19,1.411
2025-06-20,1.495
2025-06-23,1.564
2025-06-24,1.607
2025-06-25,1.76
2025-06-26,1.804
2025-06-27,3.505
2025-06-30,2.494
2025-07-01,1.54
2025-07-02,1.42
2025-07-03,1.259
2025-07-04,1.433
2025-07-07,1.488
2025-07-08,1.496
2025-07-09,1.464
2025-07-10,1.283
2025-07-11,1.403
2025-07-14,1.489
2025-07-15,1.509
2025-07-16,1.501
2025-07-17,1.278
2025-07-18,1.383
2025-07-21,1.389
2025-07-22,1.553
2025-07-23,1.575
2025-07-24,1.32
2025-07-25,1.413
2025-07-28,1.392
2025-07-29,1.664
2025-07-30,1.837
2025-07-31,1.239
2025-08-01,1.342
2025-08-04,1.343
2025-08-05,1.506
2025-08-06,1.508
2025-08-07,1.191
2025-08-08,1.268
2025-08-11,1.484
2025-08-12,1.491
2025-08-13,1.459
2025-08-14,1.322
2025-08-15,1.298
2025-08-18,1.333
2025-08-19,1.631
2025-08-20,1.667
2025-08-21,1.12
2025-08-22,1.254
2025-08-25,1.229
2025-08-26,1.491
2025-08-27,1.533
2025-08-28,1.163
2025-08-29,1.229
2025-09-01,1.146
2025-09-02,1.155
2025-09-03,1.119
2025-09-04,1.047
2025-09-05,1.386
2025-09-08,1.359
2025-09-09,1.578
2025-09-10,1.558
2025-09-11,1.135
2025-09-12,1.352
2025-09-15,1.373
2025-09-16,1.678
2025-09-17,1.667
2025-09-18,1.273
2025-09-19,1.411
2025-09-22,1.615
2025-09-23,1.641
2025-09-24,1.691
2025-09-25,1.573
2025-09-26,1.466
2025-09-29,1.531
2025-09-30,1.595
2025-10-09,1.502
2025-10-10,1.495
2025-10-13,1.416
2025-10-14,1.345
2025-10-15,1.533
2025-10-16,1.393
2025-10-17,1.304
2025-10-20,1.257
2025-10-21,1.2
2025-10-22,1.475
2025-10-23,1.433
2025-10-24,1.406
2025-10-27,1.436
2025-10-28,1.661
2025-10-29,1.615
2025-10-30,1.318
2025-10-31,1.362
2025-11-03,1.526
2025-11-04,1.505
2025-11-05,1.462
2025-11-06,1.356
2025-11-07,1.277
2025-11-10,1.284
2025-11-11,1.609
2025-11-12,1.547
2025-11-13,1.116
2025-11-14,1.277
2025-11-17,1.388
2025-11-18,1.669
2025-11-19,1.613
2025-11-20,1.143
2025-11-21,1.434
2025-11-24,1.438
2025-11-25,1.435
2025-11-26,1.446
2025-11-27,1.393
2025-11-28,1.519
2025-12-01,1.464
2025-12-02,1.432
2025-12-03,1.407
2025-12-04,1.27
2025-12-05,1.436
2025-12-08,1.444
2025-12-09,1.439
2025-12-10,1.423
2025-12-11,1.289
2025-12-12,1.532
2025-12-15,1.51
2025-12-16,1.671
2025-12-17,1.627
2025-12-18,1.271
2025-12-19,1.479
2025-12-22,1.515
2025-12-23,1.813
2025-12-24,1.827
2025-12-25,1.412
2025-12-26,1.69
2025-12-29,1.873
2025-12-30,2.136
2025-12-31,1.98
2026-01-05,1.507
2026-01-06,1.712
2026-01-07,1.647
2026-01-08,1.237
2026-01-09,1.385
2026-01-12,1.632
2026-01-13,1.561
2026-01-14,1.572
2026-01-15,1.4
2026-01-16,1.331
2026-01-19,1.579
2026-01-20,1.573
2026-01-21,1.572
2026-01-22,1.513
2026-01-23,1.375
2026-01-26,1.421
2026-01-27,1.402
2026-01-28,1.472
2026-01-29,1.561
2026-01-30,1.629
2026-02-02,1.729
2026-02-03,1.648
2026-02-04,1.555
2026-02-05,1.458
2026-02-06,1.382
2026-02-09,1.618
2026-02-10,1.646
2026-02-11,1.591
2026-02-12,1.4
2026-02-13,1.52
2026-02-24,1.67
2026-02-25,1.598
2026-02-26,1.564
2026-02-27,1.591
2026-03-02,1.25
2026-03-03,1.249
2026-03-04,1.255
2026-03-05,1.205
2026-03-06,1.362
2026-03-09,1.561
2026-03-10,1.504
2026-03-11,1.535
2026-03-12,1.472
2026-03-13,1.292
2026-03-16,1.53
2026-03-17,1.498
2026-03-18,1.431
2026-03-19,1.341
2026-03-20,1.214
2026-03-23,1.502
2026-03-24,1.484
2026-03-25,1.485
2026-03-26,1.421
2026-03-27,1.276
2026-03-30,1.57
2026-03-31,1.397
2026-04-01,1.319
2026-04-02,1.186
2026-04-03,1.082
2026-04-07,1.365
2026-04-08,1.394
2026-04-09,1.368
2026-04-10,1.402
2026-04-13,1.356
2026-04-14,1.352
2026-04-15,1.356
2026-04-16,1.316
2026-04-17,1.12
2026-04-20,1.379
2026-04-21,1.374
2026-04-22,1.381
2026-04-23,1.288
2026-04-24,1.033
2026-04-27,1.371
2026-04-28,1.367
2026-04-29,0.911
2026-04-30,1.121
2026-05-06,1.432
2026-05-07,1.358
2026-05-08,1.087
2026-05-11,1.005
2026-05-12,0.943
2026-05-13,1.354
2026-05-14,1.329
2026-05-15,1.089
2026-05-18,1.406
2026-05-19,1.365
2026-05-20,1.38
2026-05-21,1.342
2026-05-22,1.03
2026-05-25,1.376
2026-05-26,1.344
2026-05-27,1.353
2026-05-28,1.324
