月份,周期划分,资产,月收益(%)
2015-01,宽货币紧信用,10年国债主连,1.916028322249863
2015-01,宽货币紧信用,30年国债主连,2.3345891707705624
2015-01,宽货币紧信用,PTA主连,-5.484536082748804
2015-01,宽货币紧信用,中证1000主连,8.611854435531118
2015-01,宽货币紧信用,中证500主连,8.611783950924035
2015-01,宽货币紧信用,原油主连,-6.299769952040435
2015-01,宽货币紧信用,沪深300主连,-6.082403306980522
2015-01,宽货币紧信用,沪金主连,5.545210014479607
2015-01,宽货币紧信用,沪铜主连,-14.10609478387289
2015-01,宽货币紧信用,沪铝主连,-2.3704547884450866
2015-01,宽货币紧信用,红利低波ETF,-2.596032805136461
2015-01,宽货币紧信用,豆粕主连,-6.099686301895291
2015-02,宽货币紧信用,10年国债主连,1.0494418093279334
2015-02,宽货币紧信用,30年国债主连,2.376793560904167
2015-02,宽货币紧信用,PTA主连,6.980802792438268
2015-02,宽货币紧信用,中证1000主连,9.093177552138986
2015-02,宽货币紧信用,中证500主连,9.093136479908924
2015-02,宽货币紧信用,原油主连,25.10812528886237
2015-02,宽货币紧信用,沪深300主连,3.582395185439591
2015-02,宽货币紧信用,沪金主连,-3.293471868460529
2015-02,宽货币紧信用,沪铜主连,9.781441884100994
2015-02,宽货币紧信用,沪铝主连,0.936768149789402
2015-02,宽货币紧信用,红利低波ETF,1.5540729212471627
2015-02,宽货币紧信用,豆粕主连,8.35189309590083
2015-03,宽货币紧信用,10年国债主连,-2.292114752774721
2015-03,宽货币紧信用,30年国债主连,-4.198883141891319
2015-03,宽货币紧信用,PTA主连,-7.9526916801609175
2015-03,宽货币紧信用,中证1000主连,22.94688136994214
2015-03,宽货币紧信用,中证500主连,22.947027452261494
2015-03,宽货币紧信用,原油主连,-11.81177976965987
2015-03,宽货币紧信用,沪深300主连,11.775929383606943
2015-03,宽货币紧信用,沪金主连,-3.5678086355362515
2015-03,宽货币紧信用,沪铜主连,1.5897866823422424
2015-03,宽货币紧信用,沪铝主连,3.0074460603074282
2015-03,宽货币紧信用,红利低波ETF,13.210153301803729
2015-03,宽货币紧信用,豆粕主连,-3.842123646775175
2015-04,宽货币紧信用,10年国债主连,2.4098274961595445
2015-04,宽货币紧信用,30年国债主连,4.0329714902859415
2015-04,宽货币紧信用,PTA主连,13.86392811291084
2015-04,宽货币紧信用,中证1000主连,15.941255069551573
2015-04,宽货币紧信用,中证500主连,17.563041713666074
2015-04,宽货币紧信用,原油主连,17.939598087061782
2015-04,宽货币紧信用,沪深300主连,18.004248562188717
2015-04,宽货币紧信用,沪金主连,1.408450704370967
2015-04,宽货币紧信用,沪铜主连,2.403112736430346
2015-04,宽货币紧信用,沪铝主连,-0.3381031459867123
2015-04,宽货币紧信用,红利低波ETF,17.738161659124295
2015-04,宽货币紧信用,豆粕主连,0.6901561932711076
2015-05,宽货币紧信用,10年国债主连,-3.0983614926066716
2015-05,宽货币紧信用,30年国债主连,-3.9644220568972433
2015-05,宽货币紧信用,PTA主连,-5.373919579130604
2015-05,宽货币紧信用,中证1000主连,27.96238725427238
2015-05,宽货币紧信用,中证500主连,23.5930018933888
2015-05,宽货币紧信用,原油主连,-3.362127279724736
2015-05,宽货币紧信用,沪深300主连,3.1733771355907603
2015-05,宽货币紧信用,沪金主连,-1.2471489666652902
2015-05,宽货币紧信用,沪铜主连,0.4068716092443303
2015-05,宽货币紧信用,沪铝主连,-1.1996323981975254
2015-05,宽货币紧信用,红利低波ETF,7.560677166507679
2015-05,宽货币紧信用,豆粕主连,-7.90043290072282
2015-06,宽货币紧信用,10年国债主连,-0.17383059419715519
2015-06,宽货币紧信用,30年国债主连,0.5897257892450325
2015-06,宽货币紧信用,PTA主连,-2.6608419381158543
2015-06,宽货币紧信用,中证1000主连,-12.633308657551135
2015-06,宽货币紧信用,中证500主连,-16.85534685475497
2015-06,宽货币紧信用,原油主连,-4.292025110708209
2015-06,宽货币紧信用,沪深300主连,-10.637564600000038
2015-06,宽货币紧信用,沪金主连,-1.1420265780930916
2015-06,宽货币紧信用,沪铜主连,-4.586312574650508
2015-06,宽货币紧信用,沪铝主连,-4.649127552127763
2015-06,宽货币紧信用,红利低波ETF,-3.6099693743555705
2015-06,宽货币紧信用,豆粕主连,0.11750881312888595
2015-07,宽货币宽信用,10年国债主连,0.8337290907727057
2015-07,宽货币宽信用,30年国债主连,2.839991212381232
2015-07,宽货币宽信用,PTA主连,-6.772745818274595
2015-07,宽货币宽信用,中证1000主连,-18.959363778807294
2015-07,宽货币宽信用,中证500主连,-7.602672593016324
2015-07,宽货币宽信用,原油主连,-17.16142284530925
2015-07,宽货币宽信用,沪深300主连,-15.00205235244425
2015-07,宽货币宽信用,沪金主连,-8.359588322106859
2015-07,宽货币宽信用,沪铜主连,-8.333699283591978
2015-07,宽货币宽信用,沪铝主连,-3.241688045333657
2015-07,宽货币宽信用,红利低波ETF,-15.573806826538682
2015-07,宽货币宽信用,豆粕主连,3.803647096090401
2015-08,宽货币宽信用,10年国债主连,1.0649103488167944
2015-08,宽货币宽信用,30年国债主连,1.5721391430394416
2015-08,宽货币宽信用,PTA主连,-3.7490756321229113
2015-08,宽货币宽信用,中证1000主连,-13.803467609779297
2015-08,宽货币宽信用,中证500主连,-14.82569251761734
2015-08,宽货币宽信用,原油主连,2.449373191852633
2015-08,宽货币宽信用,沪深300主连,-14.052199071394378
2015-08,宽货币宽信用,沪金主连,7.976163190553676
2015-08,宽货币宽信用,沪铜主连,2.8804734764795725
2015-08,宽货币宽信用,沪铝主连,-3.0190220145730584
2015-08,宽货币宽信用,红利低波ETF,-10.730762628589495
2015-08,宽货币宽信用,豆粕主连,-0.963319747925262
2015-09,宽货币宽信用,10年国债主连,0.5735841256897745
2015-09,宽货币宽信用,30年国债主连,-0.049666396484981945
2015-09,宽货币宽信用,PTA主连,0.8467023171506272
2015-09,宽货币宽信用,中证1000主连,-2.8043615246433062
2015-09,宽货币宽信用,中证500主连,2.33693122720926
2015-09,宽货币宽信用,原油主连,-6.62716294286092
2015-09,宽货币宽信用,沪深300主连,5.424715060701257
2015-09,宽货币宽信用,沪金主连,-1.931649331396279
2015-09,宽货币宽信用,沪铜主连,-1.758332753963887
2015-09,宽货币宽信用,沪铝主连,-2.013422818627497
2015-09,宽货币宽信用,红利低波ETF,-4.680350136796008
2015-09,宽货币宽信用,豆粕主连,-0.11223344552870884
2015-10,宽货币宽信用,10年国债主连,1.5568000823679595
2015-10,宽货币宽信用,30年国债主连,1.2886997728676297
2015-10,宽货币宽信用,PTA主连,2.872293415978522
2015-10,宽货币宽信用,中证1000主连,18.903260459049378
2015-10,宽货币宽信用,中证500主连,18.02937206833932
2015-10,宽货币宽信用,原油主连,-4.347826087105522
2015-10,宽货币宽信用,沪深300主连,12.733395986190654
2015-10,宽货币宽信用,沪金主连,1.6666666666536711
2015-10,宽货币宽信用,沪铜主连,1.2509773259891777
2015-10,宽货币宽信用,沪铝主连,-11.51097839137516
2015-10,宽货币宽信用,红利低波ETF,8.939627976989527
2015-10,宽货币宽信用,豆粕主连,-4.382022471880742
2015-11,宽货币宽信用,10年国债主连,0.24348368823010613
2015-11,宽货币宽信用,30年国债主连,-0.39696645503094485
2015-11,宽货币宽信用,PTA主连,-0.6187857961431398
2015-11,宽货币宽信用,中证1000主连,8.847535941756824
2015-11,宽货币宽信用,中证500主连,8.618204247498795
2015-11,宽货币宽信用,原油主连,-10.10101010097344
2015-11,宽货币宽信用,沪深300主连,3.6986263133685027
2015-11,宽货币宽信用,沪金主连,-7.650302897789718
2015-11,宽货币宽信用,沪铜主连,-10.216138284225085
2015-11,宽货币宽信用,沪铝主连,-2.304658068437304
2015-11,宽货币宽信用,红利低波ETF,2.512515782336311
2015-11,宽货币宽信用,豆粕主连,-5.457811035897098
2015-12,宽货币宽信用,10年国债主连,1.0301469474663927
2015-12,宽货币宽信用,30年国债主连,2.545297895720511
2015-12,宽货币宽信用,PTA主连,-0.31277926740923556
2015-12,宽货币宽信用,中证1000主连,6.131174929833461
2015-12,宽货币宽信用,中证500主连,6.182090123722173
2015-12,宽货币宽信用,原油主连,-14.878408385768472
2015-12,宽货币宽信用,沪深300主连,6.849352796798502
2015-12,宽货币宽信用,沪金主连,3.1485284054637575
2015-12,宽货币宽信用,沪铜主连,5.529713246681167
2015-12,宽货币宽信用,沪铝主连,8.123318614385955
2015-12,宽货币宽信用,红利低波ETF,2.910614254241062
2015-12,宽货币宽信用,豆粕主连,1.6225448336365078
2016-01,宽货币宽信用,10年国债主连,0.32988454057871763
2016-01,宽货币宽信用,30年国债主连,1.3641493276816075
2016-01,宽货币宽信用,PTA主连,-2.1066786194934295
2016-01,宽货币宽信用,中证1000主连,-30.417548332134015
2016-01,宽货币宽信用,中证500主连,-22.62180679953847
2016-01,宽货币宽信用,原油主连,-7.632978723355643
2016-01,宽货币宽信用,沪深300主连,-17.869448141707057
2016-01,宽货币宽信用,沪金主连,5.419155054156999
2016-01,宽货币宽信用,沪铜主连,-2.4070021882610537
2016-01,宽货币宽信用,沪铝主连,-0.7393071142561158
2016-01,宽货币宽信用,红利低波ETF,-18.393978267704693
2016-01,宽货币宽信用,豆粕主连,1.6386554623405436
2016-02,宽货币宽信用,10年国债主连,-0.18984581800743916
2016-02,宽货币宽信用,30年国债主连,0.45684832589394375
2016-02,宽货币宽信用,PTA主连,0.4120879120418808
2016-02,宽货币宽信用,中证1000主连,-2.736196730250362
2016-02,宽货币宽信用,中证500主连,-1.3928990398571317
2016-02,宽货币宽信用,原油主连,8.26516875539074
2016-02,宽货币宽信用,沪深300主连,-2.095387187209985
2016-02,宽货币宽信用,沪金主连,8.854385228526574
2016-02,宽货币宽信用,沪铜主连,0.19405911620984373
2016-02,宽货币宽信用,沪铝主连,4.741980474029117
2016-02,宽货币宽信用,红利低波ETF,-1.3253892484741958
2016-02,宽货币宽信用,豆粕主连,-4.878048780358702
2016-03,宽货币宽信用,10年国债主连,0.34184596831459135
2016-03,宽货币宽信用,30年国债主连,4.188370108767425
2016-03,宽货币宽信用,PTA主连,7.7457215914712
2016-03,宽货币宽信用,中证1000主连,17.588501003363866
2016-03,宽货币宽信用,中证500主连,21.581620035290715
2016-03,宽货币宽信用,原油主连,9.520438919862496
2016-03,宽货币宽信用,沪深300主连,16.310291000326327
2016-03,宽货币宽信用,沪金主连,-1.2528912876466514
2016-03,宽货币宽信用,沪铜主连,2.676667785052711
2016-03,宽货币宽信用,沪铝主连,4.203539822981628
2016-03,宽货币宽信用,红利低波ETF,9.92725441848572
2016-03,宽货币宽信用,豆粕主连,2.359028682901565
2016-04,宽货币宽信用,10年国债主连,-0.2855711421492768
2016-04,宽货币宽信用,30年国债主连,-0.28766292718857
2016-04,宽货币宽信用,PTA主连,3.2550473832863025
2016-04,宽货币宽信用,中证1000主连,-1.84067047948423
2016-04,宽货币宽信用,中证500主连,-0.37939893589326035
2016-04,宽货币宽信用,原油主连,25.4454653086998
2016-04,宽货币宽信用,沪深300主连,-0.9872636446223937
2016-04,宽货币宽信用,沪金主连,4.021081397677451
2016-04,宽货币宽信用,沪铜主连,2.1432806812762717
2016-04,宽货币宽信用,沪铝主连,7.95812875077706
2016-04,宽货币宽信用,红利低波ETF,-0.7535737644094431
2016-04,宽货币宽信用,豆粕主连,12.269412269263569
2016-05,宽货币宽信用,10年国债主连,1.0911584362567783
2016-05,宽货币宽信用,30年国债主连,-1.3278367610435438
2016-05,宽货币宽信用,PTA主连,-8.220271348729858
2016-05,宽货币宽信用,中证1000主连,-1.1354379844583429
2016-05,宽货币宽信用,中证500主连,4.5448208835551895
2016-05,宽货币宽信用,原油主连,8.635713251669962
2016-05,宽货币宽信用,沪深300主连,2.3092629881195093
2016-05,宽货币宽信用,沪金主连,-3.622718768521238
2016-05,宽货币宽信用,沪铜主连,-4.886287257510902
2016-05,宽货币宽信用,沪铝主连,-3.3123028392241682
2016-05,宽货币宽信用,红利低波ETF,0.907991118450413
2016-05,宽货币宽信用,豆粕主连,11.96025983937301
2016-06,宽货币宽信用,10年国债主连,1.2557365474894722
2016-06,宽货币宽信用,30年国债主连,0.8730972944931636
2016-06,宽货币宽信用,PTA主连,5.3043478259431565
2016-06,宽货币宽信用,中证1000主连,6.630688173644184
2016-06,宽货币宽信用,中证500主连,4.836845710893067
2016-06,宽货币宽信用,原油主连,4.1855562691403225
2016-06,宽货币宽信用,沪深300主连,0.41821467770750687
2016-06,宽货币宽信用,沪金主连,9.28750724095222
2016-06,宽货币宽信用,沪铜主连,4.950800812094203
2016-06,宽货币宽信用,沪铝主连,3.548711632325263
2016-06,宽货币宽信用,红利低波ETF,-1.3700960267618356
2016-06,宽货币宽信用,豆粕主连,15.836177474420587
2016-07,宽货币宽信用,10年国债主连,0.6723777269810327
2016-07,宽货币宽信用,30年国债主连,2.1689955702823616
2016-07,宽货币宽信用,PTA主连,-7.101568951252268
2016-07,宽货币宽信用,中证1000主连,-2.7458673770941244
2016-07,宽货币宽信用,中证500主连,2.7772942535232215
2016-07,宽货币宽信用,原油主连,-15.084473048967006
2016-07,宽货币宽信用,沪深300主连,3.2095549683319957
2016-07,宽货币宽信用,沪金主连,1.5724381626849748
2016-07,宽货币宽信用,沪铜主连,-0.1598721022086802
2016-07,宽货币宽信用,沪铝主连,-0.9839647710714217
2016-07,宽货币宽信用,红利低波ETF,3.721533448906711
2016-07,宽货币宽信用,豆粕主连,-12.649058140411695
2016-08,宽货币宽信用,10年国债主连,0.022829983115935093
2016-08,宽货币宽信用,30年国债主连,2.1361118172712468
2016-08,宽货币宽信用,PTA主连,1.3157232705537814
2016-08,宽货币宽信用,中证1000主连,3.967462952547507
2016-08,宽货币宽信用,中证500主连,5.424876259789935
2016-08,宽货币宽信用,原油主连,11.416390336381266
2016-08,宽货币宽信用,沪深300主连,4.795270888830538
2016-08,宽货币宽信用,沪金主连,-1.4089406853501019
2016-08,宽货币宽信用,沪铜主连,-3.480715606836582
2016-08,宽货币宽信用,沪铝主连,0.5309145758669587
2016-08,宽货币宽信用,红利低波ETF,4.396789446482474
2016-08,宽货币宽信用,豆粕主连,-2.086897023790879
2016-09,宽货币宽信用,10年国债主连,0.4865938433571859
2016-09,宽货币宽信用,30年国债主连,2.655087755222163
2016-09,宽货币宽信用,PTA主连,-0.6753904599299476
2016-09,宽货币宽信用,中证1000主连,-2.006748321161289
2016-09,宽货币宽信用,中证500主连,1.4369833610872407
2016-09,宽货币宽信用,原油主连,4.0918118059662945
2016-09,宽货币宽信用,沪深300主连,-0.49955490359392396
2016-09,宽货币宽信用,沪金主连,0.6704304867434452
2016-09,宽货币宽信用,沪铜主连,3.829788623913477
2016-09,宽货币宽信用,沪铝主连,3.576963383594256
2016-09,宽货币宽信用,红利低波ETF,-1.2222956195982904
2016-09,宽货币宽信用,豆粕主连,0.4891684136931751
2016-10,宽货币宽信用,10年国债主连,0.05435319693316565
2016-10,宽货币宽信用,30年国债主连,1.5238605572231778
2016-10,宽货币宽信用,PTA主连,4.632384190447558
2016-10,宽货币宽信用,中证1000主连,2.880648263923624
2016-10,宽货币宽信用,中证500主连,2.68839211462224
2016-10,宽货币宽信用,原油主连,-6.519636293354791
2016-10,宽货币宽信用,沪深300主连,3.0633066646177154
2016-10,宽货币宽信用,沪金主连,-1.9803715387689769
2016-10,宽货币宽信用,沪铜主连,1.8032352161262644
2016-10,宽货币宽信用,沪铝主连,14.914425427811828
2016-10,宽货币宽信用,红利低波ETF,2.4126138676992204
2016-10,宽货币宽信用,豆粕主连,1.1821974963359017
2016-11,宽货币宽信用,10年国债主连,-1.5389673768051004
2016-11,宽货币宽信用,30年国债主连,-2.620162919939606
2016-11,宽货币宽信用,PTA主连,1.8602695884043285
2016-11,宽货币宽信用,中证1000主连,0.757181408021057
2016-11,宽货币宽信用,中证500主连,3.2204264187601916
2016-11,宽货币宽信用,原油主连,4.408112582988566
2016-11,宽货币宽信用,沪深300主连,7.343688671128623
2016-11,宽货币宽信用,沪金主连,-4.0556530690258885
2016-11,宽货币宽信用,沪铜主连,19.537208214272294
2016-11,宽货币宽信用,沪铝主连,-3.35526082157106
2016-11,宽货币宽信用,红利低波ETF,5.700995980257817
2016-11,宽货币宽信用,豆粕主连,5.108054568471654
2016-12,宽货币宽信用,10年国债主连,-1.5527793230680875
2016-12,宽货币宽信用,30年国债主连,-4.914883462465324
2016-12,宽货币宽信用,PTA主连,6.479313036764456
2016-12,宽货币宽信用,中证1000主连,-6.480626242243314
2016-12,宽货币宽信用,中证500主连,-3.1677819663796125
2016-12,宽货币宽信用,原油主连,12.856423337669366
2016-12,宽货币宽信用,沪深300主连,-6.261689122339165
2016-12,宽货币宽信用,沪金主连,0.11068068639414896
2016-12,宽货币宽信用,沪铜主连,-1.474597756922591
2016-12,宽货币宽信用,沪铝主连,-2.662609357218726
2016-12,宽货币宽信用,红利低波ETF,-5.354175032005804
2016-12,宽货币宽信用,豆粕主连,-4.52997275192768
2017-01,紧货币宽信用,10年国债主连,-1.6999183752533065
2017-01,紧货币宽信用,30年国债主连,-1.8304116358807132
2017-01,紧货币宽信用,PTA主连,3.6656891494287303
2017-01,紧货币宽信用,中证1000主连,-2.2389588838302554
2017-01,紧货币宽信用,中证500主连,0.5133320585978929
2017-01,紧货币宽信用,原油主连,-1.004405286334853
2017-01,紧货币宽信用,沪深300主连,2.936479989505858
2017-01,紧货币宽信用,沪金主连,-1.3819789939994442
2017-01,紧货币宽信用,沪铜主连,5.5824175822474675
2017-01,紧货币宽信用,沪铝主连,7.785726374419055
2017-01,紧货币宽信用,红利低波ETF,3.195467934399998
2017-01,紧货币宽信用,豆粕主连,3.9243667495313383
2017-02,紧货币紧信用,10年国债主连,1.6548212579744037
2017-02,紧货币紧信用,30年国债主连,-0.7938009652532552
2017-02,紧货币紧信用,PTA主连,-1.5558698726666598
2017-02,紧货币紧信用,中证1000主连,3.9258648659830753
2017-02,紧货币紧信用,中证500主连,4.332972913501387
2017-02,紧货币紧信用,原油主连,-2.269129287709326
2017-02,紧货币紧信用,沪深300主连,2.034945592784254
2017-02,紧货币紧信用,沪金主连,5.082212257083563
2017-02,紧货币紧信用,沪铜主连,-1.0003483474389507
2017-02,紧货币紧信用,沪铝主连,-1.0478566090452834
2017-02,紧货币紧信用,红利低波ETF,2.3642018297240996
2017-02,紧货币紧信用,豆粕主连,-1.0985238584305224
2017-03,紧货币紧信用,10年国债主连,1.0539497023366984
2017-03,紧货币紧信用,30年国债主连,0.08440066572961147
2017-03,紧货币紧信用,PTA主连,-12.212643677951407
2017-03,紧货币紧信用,中证1000主连,-1.2592785166289366
2017-03,紧货币紧信用,中证500主连,1.1360698224819332
2017-03,紧货币紧信用,原油主连,-5.075593952431801
2017-03,紧货币紧信用,沪深300主连,1.3283505857833555
2017-03,紧货币紧信用,沪金主连,-0.9246088194102664
2017-03,紧货币紧信用,沪铜主连,-0.3173904455895826
2017-03,紧货币紧信用,沪铝主连,0.8991063284925049
2017-03,紧货币紧信用,红利低波ETF,1.4874935987131854
2017-03,紧货币紧信用,豆粕主连,-4.340741653604107
2017-04,紧货币紧信用,10年国债主连,-0.9603469639830164
2017-04,紧货币紧信用,30年国债主连,-1.0607091664392998
2017-04,紧货币紧信用,PTA主连,-1.7756145780843502
2017-04,紧货币紧信用,中证1000主连,-5.207252327085044
2017-04,紧货币紧信用,中证500主连,-2.5852376904432317
2017-04,紧货币紧信用,原油主连,-4.665326150224647
2017-04,紧货币紧信用,沪深300主连,-0.3798028846885626
2017-04,紧货币紧信用,沪金主连,1.6511127063288944
2017-04,紧货币紧信用,沪铜主连,-3.141723660197837
2017-04,紧货币紧信用,沪铝主连,-0.6097765254920784
2017-04,紧货币紧信用,红利低波ETF,2.064630215076302
2017-04,紧货币紧信用,豆粕主连,0.6834532375566305
2017-05,紧货币紧信用,10年国债主连,-0.5316819728741984
2017-05,紧货币紧信用,30年国债主连,-1.7745991727836419
2017-05,紧货币紧信用,PTA主连,-2.7541514783140375
2017-05,紧货币紧信用,中证1000主连,-6.950727401186352
2017-05,紧货币紧信用,中证500主连,-6.032264245906194
2017-05,紧货币紧信用,原油主连,-1.4623683424572986
2017-05,紧货币紧信用,沪深300主连,2.40137746551059
2017-05,紧货币紧信用,沪金主连,-1.6507892740097119
2017-05,紧货币紧信用,沪铜主连,-2.3742715302626727
2017-05,紧货币紧信用,沪铝主连,-2.5996660536526717
2017-05,紧货币紧信用,红利低波ETF,1.7768190111040028
2017-05,紧货币紧信用,豆粕主连,-6.6452304393405
2017-06,紧货币紧信用,10年国债主连,0.5965579135820853
2017-06,紧货币紧信用,30年国债主连,1.0607876511941505
2017-06,紧货币紧信用,PTA主连,1.082882132103835
2017-06,紧货币紧信用,中证1000主连,3.012155085573043
2017-06,紧货币紧信用,中证500主连,6.40587686138987
2017-06,紧货币紧信用,原油主连,-4.752435872098348
2017-06,紧货币紧信用,沪深300主连,5.185378981861466
2017-06,紧货币紧信用,沪金主连,-2.1835611574306912
2017-06,紧货币紧信用,沪铜主连,4.907218063025476
2017-06,紧货币紧信用,沪铝主连,1.3828129996018124
2017-06,紧货币紧信用,红利低波ETF,3.684784552416165
2017-06,紧货币紧信用,豆粕主连,1.6073478758290127
2017-07,紧货币紧信用,10年国债主连,-0.6192600366934364
2017-07,紧货币紧信用,30年国债主连,-1.033499945718408
2017-07,紧货币紧信用,PTA主连,7.210548001682393
2017-07,紧货币紧信用,中证1000主连,-8.170863233791792e-05
2017-07,紧货币紧信用,中证500主连,4.1533565557389185
2017-07,紧货币紧信用,原油主连,9.85386221300959
2017-07,紧货币紧信用,沪深300主连,2.790224184137524
2017-07,紧货币紧信用,沪金主连,0.9255898368708548
2017-07,紧货币紧信用,沪铜主连,6.623401572952536
2017-07,紧货币紧信用,沪铝主连,3.6787101431111413
2017-07,紧货币紧信用,红利低波ETF,0.4367383197673824
2017-07,紧货币紧信用,豆粕主连,6.5117395687207535
2017-08,紧货币紧信用,10年国债主连,0.28042943907315987
2017-08,紧货币紧信用,30年国债主连,-1.7072981528747366
2017-08,紧货币紧信用,PTA主连,0.42650155199430717
2017-08,紧货币紧信用,中证1000主连,3.3917399255056546
2017-08,紧货币紧信用,中证500主连,3.990457569139849
2017-08,紧货币紧信用,原油主连,-0.5891296085448805
2017-08,紧货币紧信用,沪深300主连,3.2711476791239757
2017-08,紧货币紧信用,沪金主连,0.6653479589350475
2017-08,紧货币紧信用,沪铜主连,3.8298513121164612
2017-08,紧货币紧信用,沪铝主连,12.541445078477299
2017-08,紧货币紧信用,红利低波ETF,-0.4505875307730056
2017-08,紧货币紧信用,豆粕主连,-5.168776371191641
2017-09,紧货币紧信用,10年国债主连,0.35846072730985057
2017-09,紧货币紧信用,30年国债主连,-0.4881915203450937
2017-09,紧货币紧信用,PTA主连,-3.0154542029321107
2017-09,紧货币紧信用,中证1000主连,2.262484825114308
2017-09,紧货币紧信用,中证500主连,2.7112989807360766
2017-09,紧货币紧信用,原油主连,9.940737908224694
2017-09,紧货币紧信用,沪深300主连,0.8062658363738873
2017-09,紧货币紧信用,沪金主连,-0.35727045362698995
2017-09,紧货币紧信用,沪铜主连,-2.0947799147299606
2017-09,紧货币紧信用,沪铝主连,-1.3524933065082956
2017-09,紧货币紧信用,红利低波ETF,0.3825554315332491
2017-09,紧货币紧信用,豆粕主连,1.1865035223918463
2017-10,紧货币紧信用,10年国债主连,-2.636831599944933
2017-10,紧货币紧信用,30年国债主连,-1.438625593352516
2017-10,紧货币紧信用,PTA主连,0.15546055176065554
2017-10,紧货币紧信用,中证1000主连,-2.4336338410951175
2017-10,紧货币紧信用,中证500主连,-1.1012358790813859
2017-10,紧货币紧信用,原油主连,10.129310344615106
2017-10,紧货币紧信用,沪深300主连,4.090827287106191
2017-10,紧货币紧信用,沪金主连,-1.5776263895888043
2017-10,紧货币紧信用,沪铜主连,3.7393986121133205
2017-10,紧货币紧信用,沪铝主连,-1.124377294897172
2017-10,紧货币紧信用,红利低波ETF,4.104298519399685
2017-10,紧货币紧信用,豆粕主连,2.308537925918963
2017-11,紧货币紧信用,10年国债主连,0.31271336485785284
2017-11,紧货币紧信用,30年国债主连,-0.43944870569995187
2017-11,紧货币紧信用,PTA主连,3.7707006554443367
2017-11,紧货币紧信用,中证1000主连,-5.441889552640344
2017-11,紧货币紧信用,中证500主连,-4.062405435415184
2017-11,紧货币紧信用,原油主连,3.6692759295345434
2017-11,紧货币紧信用,沪深300主连,-0.24194229838632175
2017-11,紧货币紧信用,沪金主连,0.2623443729053987
2017-11,紧货币紧信用,沪铜主连,-2.000699659883154
2017-11,紧货币紧信用,沪铝主连,-10.999083409566978
2017-11,紧货币紧信用,红利低波ETF,-1.5023981157925803
2017-11,紧货币紧信用,豆粕主连,3.5720296793359863
2017-12,紧货币紧信用,10年国债主连,0.13435081661805626
2017-12,紧货币紧信用,30年国债主连,-0.4295261248424054
2017-12,紧货币紧信用,PTA主连,2.6403867607312392
2017-12,紧货币紧信用,中证1000主连,-1.4390164507506853
2017-12,紧货币紧信用,中证500主连,1.8249897579726282
2017-12,紧货币紧信用,原油主连,5.446362238969438
2017-12,紧货币紧信用,沪深300主连,1.5220683181985217
2017-12,紧货币紧信用,沪金主连,-0.6260060812209423
2017-12,紧货币紧信用,沪铜主连,4.804256858372669
2017-12,紧货币紧信用,沪铝主连,3.7850118586955306
2017-12,紧货币紧信用,红利低波ETF,0.9036166385270938
2017-12,紧货币紧信用,豆粕主连,-1.953124999945255
2018-01,紧货币紧信用,10年国债主连,-1.3148714645344395
2018-01,紧货币紧信用,30年国债主连,0.595421497852211
2018-01,紧货币紧信用,PTA主连,3.731884057937118
2018-01,紧货币紧信用,中证1000主连,-3.041500859985058
2018-01,紧货币紧信用,中证500主连,-0.7253369644114938
2018-01,紧货币紧信用,原油主连,3.66256379441412
2018-01,紧货币紧信用,沪深300主连,5.6307290556436795
2018-01,紧货币紧信用,沪金主连,-0.4319654428762032
2018-01,紧货币紧信用,沪铜主连,-4.246131701973566
2018-01,紧货币紧信用,沪铝主连,-5.7809951225125555
2018-01,紧货币紧信用,红利低波ETF,6.491590366060218
2018-01,紧货币紧信用,豆粕主连,1.9558131110940513
2018-02,紧货币紧信用,10年国债主连,0.7066582089260143
2018-02,紧货币紧信用,30年国债主连,1.9610935624104986
2018-02,紧货币紧信用,PTA主连,2.1306322040740344
2018-02,紧货币紧信用,中证1000主连,-3.2622898237033127
2018-02,紧货币紧信用,中证500主连,-2.970724346339537
2018-02,紧货币紧信用,原油主连,-5.846550152345731
2018-02,紧货币紧信用,沪深300主连,-6.58414321948646
2018-02,紧货币紧信用,沪金主连,-1.6449746926468167
2018-02,紧货币紧信用,沪铜主连,-1.4599427919990027
2018-02,紧货币紧信用,沪铝主连,-1.3891796368213916
2018-02,紧货币紧信用,红利低波ETF,-5.748858614719055
2018-02,紧货币紧信用,豆粕主连,6.856127886442986
2018-03,紧货币紧信用,10年国债主连,1.0685951751580935
2018-03,紧货币紧信用,30年国债主连,2.242912857014945
2018-03,紧货币紧信用,PTA主连,-7.181729735209963
2018-03,紧货币紧信用,中证1000主连,3.6316977263233685
2018-03,紧货币紧信用,中证500主连,3.4669502540437325
2018-03,紧货币紧信用,原油主连,8.10104485639056
2018-03,紧货币紧信用,沪深300主连,-1.6228352849843253
2018-03,紧货币紧信用,沪金主连,-0.18378974466676246
2018-03,紧货币紧信用,沪铜主连,-4.909952618756785
2018-03,紧货币紧信用,沪铝主连,-4.339684125823185
2018-03,紧货币紧信用,红利低波ETF,-3.680449939275443
2018-03,紧货币紧信用,豆粕主连,6.423915746140585
2018-04,宽货币紧信用,10年国债主连,0.9237998613747633
2018-04,宽货币紧信用,30年国债主连,2.670715062119977
2018-04,宽货币紧信用,PTA主连,2.7624309392714874
2018-04,宽货币紧信用,中证1000主连,-4.130211134289718
2018-04,宽货币紧信用,中证500主连,-2.9112458695570664
2018-04,宽货币紧信用,原油主连,5.6864144658308025
2018-04,宽货币紧信用,沪深300主连,-2.8448822472894153
2018-04,宽货币紧信用,沪金主连,-0.1473025224266733
2018-04,宽货币紧信用,沪铜主连,2.5263761463867773
2018-04,宽货币紧信用,沪铝主连,4.640304044106891
2018-04,宽货币紧信用,红利低波ETF,-3.5234595513740308
2018-04,宽货币紧信用,豆粕主连,0.3166561115963251
2018-05,宽货币紧信用,10年国债主连,0.31765979725808524
2018-05,宽货币紧信用,30年国债主连,0.6286719072090552
2018-05,宽货币紧信用,PTA主连,2.186379928454718
2018-05,宽货币紧信用,中证1000主连,-2.3499423096367544
2018-05,宽货币紧信用,中证500主连,-1.1855523004587476
2018-05,宽货币紧信用,原油主连,6.371004052117968
2018-05,宽货币紧信用,沪深300主连,1.577780047642352
2018-05,宽货币紧信用,沪金主连,-0.14928546016622635
2018-05,宽货币紧信用,沪铜主连,-0.7168947335623455
2018-05,宽货币紧信用,沪铝主连,0.2386774611559117
2018-05,宽货币紧信用,红利低波ETF,3.634780758229139
2018-05,宽货币紧信用,豆粕主连,-4.671717171923584
2018-06,宽货币紧信用,10年国债主连,1.1553070267562804
2018-06,宽货币紧信用,30年国债主连,1.3671805992727437
2018-06,宽货币紧信用,PTA主连,2.59558049809272
2018-06,宽货币紧信用,中证1000主连,-10.561412428057249
2018-06,宽货币紧信用,中证500主连,-8.799062458288454
2018-06,宽货币紧信用,原油主连,4.719576719874863
2018-06,宽货币紧信用,沪深300主连,-7.3474035306400065
2018-06,宽货币紧信用,沪金主连,-1.129326047490975
2018-06,宽货币紧信用,沪铜主连,0.11797721135762274
2018-06,宽货币紧信用,沪铝主连,-3.3312940174651695
2018-06,宽货币紧信用,红利低波ETF,-7.786621297261731
2018-06,宽货币紧信用,豆粕主连,3.973509933713859
2018-07,宽货币紧信用,10年国债主连,0.026075619206045175
2018-07,宽货币紧信用,30年国债主连,1.0865742349903007
2018-07,宽货币紧信用,PTA主连,8.102564102532849
2018-07,宽货币紧信用,中证1000主连,-1.1957646435328706
2018-07,宽货币紧信用,中证500主连,0.47668295133380667
2018-07,宽货币紧信用,原油主连,3.7186742117557126
2018-07,宽货币紧信用,沪深300主连,0.756986954518557
2018-07,宽货币紧信用,沪金主连,0.09211495955947502
2018-07,宽货币紧信用,沪铜主连,-3.7739371336528604
2018-07,宽货币紧信用,沪铝主连,2.1375926326504535
2018-07,宽货币紧信用,红利低波ETF,-1.8116451499145314
2018-07,宽货币紧信用,豆粕主连,0.4632524032499141
2018-08,宽货币紧信用,10年国债主连,-0.7925326619558026
2018-08,宽货币紧信用,30年国债主连,-2.756233602764968
2018-08,宽货币紧信用,PTA主连,30.72693125810435
2018-08,宽货币紧信用,中证1000主连,-8.774575814064367
2018-08,宽货币紧信用,中证500主连,-6.503208055576659
2018-08,宽货币紧信用,原油主连,3.2782856819504103
2018-08,宽货币紧信用,沪深300主连,-4.753602214836661
2018-08,宽货币紧信用,沪金主连,-1.4172648627134077
2018-08,宽货币紧信用,沪铜主连,-2.645153682668988
2018-08,宽货币紧信用,沪铝主连,1.877277797845145
2018-08,宽货币紧信用,红利低波ETF,-5.838139973544843
2018-08,宽货币紧信用,豆粕主连,-3.9033457250788772
2018-09,宽货币紧信用,10年国债主连,-0.3521867113281729
2018-09,宽货币紧信用,30年国债主连,0.4174238715937584
2018-09,宽货币紧信用,PTA主连,-7.762789513974511
2018-09,宽货币紧信用,中证1000主连,-0.9949925684397565
2018-09,宽货币紧信用,中证500主连,1.3976782552405975
2018-09,宽货币紧信用,原油主连,7.5572519083487055
2018-09,宽货币紧信用,沪深300主连,3.936044593625021
2018-09,宽货币紧信用,沪金主连,-1.0828976847551575
2018-09,宽货币紧信用,沪铜主连,3.4895477879982595
2018-09,宽货币紧信用,沪铝主连,-4.316459611404511
2018-09,宽货币紧信用,红利低波ETF,4.621096075275011
2018-09,宽货币紧信用,豆粕主连,8.542875563974572
2018-10,宽货币紧信用,10年国债主连,1.0813947353639053
2018-10,宽货币紧信用,30年国债主连,2.2439915525997556
2018-10,宽货币紧信用,PTA主连,-3.835540838799656
2018-10,宽货币紧信用,中证1000主连,-11.892858858264221
2018-10,宽货币紧信用,中证500主连,-11.553758988741713
2018-10,宽货币紧信用,原油主连,-5.0567778568124115
2018-10,宽货币紧信用,沪深300主连,-9.230632653222893
2018-10,宽货币紧信用,沪金主连,3.7750094374369825
2018-10,宽货币紧信用,沪铜主连,-2.154397479709713
2018-10,宽货币紧信用,沪铝主连,-2.685954271615676
2018-10,宽货币紧信用,红利低波ETF,-8.261055002528927
2018-10,宽货币紧信用,豆粕主连,-1.7820017818293454
2018-11,宽货币紧信用,10年国债主连,0.9499003692787111
2018-11,宽货币紧信用,30年国债主连,2.7902863851174686
2018-11,宽货币紧信用,PTA主连,-13.486370157993498
2018-11,宽货币紧信用,中证1000主连,5.893212057334707
2018-11,宽货币紧信用,中证500主连,2.260393094467128
2018-11,宽货币紧信用,原油主连,-22.956711502953585
2018-11,宽货币紧信用,沪深300主连,0.42782827421565806
2018-11,宽货币紧信用,沪金主连,0.017895490263009073
2018-11,宽货币紧信用,沪铜主连,1.4673207291845847
2018-11,宽货币紧信用,沪铝主连,-2.9706513958284053
2018-11,宽货币紧信用,红利低波ETF,1.2385303354601085
2018-11,宽货币紧信用,豆粕主连,-6.336755827151352
2018-12,宽货币紧信用,10年国债主连,1.0912287961134748
2018-12,宽货币紧信用,30年国债主连,2.795211864613756
2018-12,宽货币紧信用,PTA主连,-3.5237769414802944
2018-12,宽货币紧信用,中证1000主连,-5.02696893488126
2018-12,宽货币紧信用,中证500主连,-4.094828515488313
2018-12,宽货币紧信用,原油主连,-11.748451128916015
2018-12,宽货币紧信用,沪深300主连,-5.990321446498992
2018-12,宽货币紧信用,沪金主连,3.0059044550526437
2018-12,宽货币紧信用,沪铜主连,-2.638469284853684
2018-12,宽货币紧信用,沪铝主连,-0.03515979909887168
2018-12,宽货币紧信用,红利低波ETF,0.5832551256532925
2018-12,宽货币紧信用,豆粕主连,-3.350515464031212
2019-01,宽货币宽信用,10年国债主连,0.3018365991302563
2019-01,宽货币宽信用,30年国债主连,0.8718543103294119
2019-01,宽货币宽信用,PTA主连,17.234042552997497
2019-01,宽货币宽信用,中证1000主连,-1.3231348371548823
2019-01,宽货币宽信用,中证500主连,1.2765471361944725
2019-01,宽货币宽信用,原油主连,13.848588762939551
2019-01,宽货币宽信用,沪深300主连,6.657569503899063
2019-01,宽货币宽信用,沪金主连,-1.7141843500212417e-11
2019-01,宽货币宽信用,沪铜主连,-0.47511431506465085
2019-01,宽货币宽信用,沪铝主连,-0.8476481616519704
2019-01,宽货币宽信用,红利低波ETF,3.7322926710010806
2019-01,宽货币宽信用,豆粕主连,-1.3714285714755192
2019-02,宽货币宽信用,10年国债主连,-0.6612023373092635
2019-02,宽货币宽信用,30年国债主连,-0.06388686696308099
2019-02,宽货币宽信用,PTA主连,-4.204476708908356
2019-02,宽货币宽信用,中证1000主连,22.22193395114047
2019-02,宽货币宽信用,中证500主连,20.570554409565965
2019-02,宽货币宽信用,原油主连,0.08710081798255498
2019-02,宽货币宽信用,沪深300主连,14.528884578669965
2019-02,宽货币宽信用,沪金主连,-0.3474031613523998
2019-02,宽货币宽信用,沪铜主连,4.066390041356405
2019-02,宽货币宽信用,沪铝主连,1.0701846026334616
2019-02,宽货币宽信用,红利低波ETF,6.882989183764998
2019-02,宽货币宽信用,豆粕主连,-3.9783700270114686
2019-03,宽货币宽信用,10年国债主连,1.00056733205669
2019-03,宽货币宽信用,30年国债主连,1.4972424867876866
2019-03,宽货币宽信用,PTA主连,2.68392800741184
2019-03,宽货币宽信用,中证1000主连,11.285202148175921
2019-03,宽货币宽信用,中证500主连,10.35211498674824
2019-03,宽货币宽信用,原油主连,4.508473701547744
2019-03,宽货币宽信用,沪深300主连,5.11379208260847
2019-03,宽货币宽信用,沪金主连,-1.6907791528292582
2019-03,宽货币宽信用,沪铜主连,-1.8447849472737254
2019-03,宽货币宽信用,沪铝主连,0.2923976606228562
2019-03,宽货币宽信用,红利低波ETF,7.635694572097962
2019-03,宽货币宽信用,豆粕主连,0.12067578437409132
2019-04,宽货币宽信用,10年国债主连,-1.266404534442378
2019-04,宽货币宽信用,30年国债主连,-4.610156395510801
2019-04,宽货币宽信用,PTA主连,-3.2861370146745617
2019-04,宽货币宽信用,中证1000主连,-3.943578507013945
2019-04,宽货币宽信用,中证500主连,-4.739005278900943
2019-04,宽货币宽信用,原油主连,5.547140624213753
2019-04,宽货币宽信用,沪深300主连,0.026377119343834465
2019-04,宽货币宽信用,沪金主连,-0.1595744683735023
2019-04,宽货币宽信用,沪铜主连,0.18537009416739192
2019-04,宽货币宽信用,沪铝主连,3.1686262782310015
2019-04,宽货币宽信用,红利低波ETF,-1.4529914529968546
2019-04,宽货币宽信用,豆粕主连,-0.11664074665932445
2019-05,宽货币宽信用,10年国债主连,0.8071072707191984
2019-05,宽货币宽信用,30年国债主连,1.267277078335316
2019-05,宽货币宽信用,PTA主连,-10.621242484810667
2019-05,宽货币宽信用,中证1000主连,-5.7184408971244105
2019-05,宽货币宽信用,中证500主连,-6.903670607087209
2019-05,宽货币宽信用,原油主连,-8.056641010541444
2019-05,宽货币宽信用,沪深300主连,-7.411486091274677
2019-05,宽货币宽信用,沪金主连,2.9340108058804715
2019-05,宽货币宽信用,沪铜主连,-5.6597963589284035
2019-05,宽货币宽信用,沪铝主连,-0.28022117418037285
2019-05,宽货币宽信用,红利低波ETF,-4.336513443338541
2019-05,宽货币宽信用,豆粕主连,13.779680809506845
2019-06,宽货币宽信用,10年国债主连,0.6293201278806837
2019-06,宽货币宽信用,30年国债主连,1.3044693327843637
2019-06,宽货币宽信用,PTA主连,10.612855007510792
2019-06,宽货币宽信用,中证1000主连,0.15546691080317032
2019-06,宽货币宽信用,中证500主连,3.0733437610634073
2019-06,宽货币宽信用,原油主连,-2.231801990088089
2019-06,宽货币宽信用,沪深300主连,6.733123945511843
2019-06,宽货币宽信用,沪金主连,7.974101209621809
2019-06,宽货币宽信用,沪铜主连,1.7535122237486656
2019-06,宽货币宽信用,沪铝主连,-1.945312169278357
2019-06,宽货币宽信用,红利低波ETF,1.9945602901736192
2019-06,宽货币宽信用,豆粕主连,-0.8894970918509659
2019-07,宽货币宽信用,10年国债主连,0.8714373591279356
2019-07,宽货币宽信用,30年国债主连,1.2387602006824316
2019-07,宽货币宽信用,PTA主连,-8.648648648613422
2019-07,宽货币宽信用,中证1000主连,0.6211543014954746
2019-07,宽货币宽信用,中证500主连,0.2562693185150122
2019-07,宽货币宽信用,原油主连,-0.07628818399054715
2019-07,宽货币宽信用,沪深300主连,0.7037149202534732
2019-07,宽货币宽信用,沪金主连,1.7042764716539205
2019-07,宽货币宽信用,沪铜主连,-0.7668537590558411
2019-07,宽货币宽信用,沪铝主连,0.39768618952735757
2019-07,宽货币宽信用,红利低波ETF,2.0444444443576515
2019-07,宽货币宽信用,豆粕主连,-3.3828098031369325
2019-08,宽货币宽信用,10年国债主连,0.8433330138000183
2019-08,宽货币宽信用,30年国债主连,2.9264216578658964
2019-08,宽货币宽信用,PTA主连,-3.580433246865833
2019-08,宽货币宽信用,中证1000主连,1.5432692026672523
2019-08,宽货币宽信用,中证500主连,0.8754584161001944
2019-08,宽货币宽信用,原油主连,-0.9831029184351192
2019-08,宽货币宽信用,沪深300主连,-0.8327215776506303
2019-08,宽货币宽信用,沪金主连,10.690457718879731
2019-08,宽货币宽信用,沪铜主连,-0.23610789995128778
2019-08,宽货币宽信用,沪铝主连,2.6268441888022354
2019-08,宽货币宽信用,红利低波ETF,-3.0487804877767144
2019-08,宽货币宽信用,豆粕主连,4.457678984799607
2019-09,宽货币宽信用,10年国债主连,-0.70753525058318
2019-09,宽货币宽信用,30年国债主连,-1.2497924264706528
2019-09,宽货币宽信用,PTA主连,0.2744021953720477
2019-09,宽货币宽信用,中证1000主连,0.7596359080767057
2019-09,宽货币宽信用,中证500主连,1.8199906355775841
2019-09,宽货币宽信用,原油主连,2.9635310809593918
2019-09,宽货币宽信用,沪深300主连,0.21093591334107042
2019-09,宽货币宽信用,沪金主连,-3.2660499020346956
2019-09,宽货币宽信用,沪铜主连,1.1567451257432193
2019-09,宽货币宽信用,沪铝主连,-1.6838599274214716
2019-09,宽货币宽信用,红利低波ETF,0.628930817526463
2019-09,宽货币宽信用,豆粕主连,-1.8739352639448925
2019-10,宽货币宽信用,10年国债主连,-0.7634753395526883
2019-10,宽货币宽信用,30年国债主连,-1.6343197729891012
2019-10,宽货币宽信用,PTA主连,-5.355746676831085
2019-10,宽货币宽信用,中证1000主连,0.9050543943234679
2019-10,宽货币宽信用,中证500主连,1.6712957718842514
2019-10,宽货币宽信用,原油主连,2.043445754156581
2019-10,宽货币宽信用,沪深300主连,2.940692457424454
2019-10,宽货币宽信用,沪金主连,-1.1447616286514584
2019-10,宽货币宽信用,沪铜主连,0.08340366839945101
2019-10,宽货币宽信用,沪铝主连,-1.17787265823186
2019-10,宽货币宽信用,红利低波ETF,1.0714285714668481
2019-10,宽货币宽信用,豆粕主连,2.638888889004254
2019-11,宽货币宽信用,10年国债主连,0.8871582988277282
2019-11,宽货币宽信用,30年国债主连,2.139906665551905
2019-11,宽货币宽信用,PTA主连,-1.445683602022907
2019-11,宽货币宽信用,中证1000主连,-2.0927552480216383
2019-11,宽货币宽信用,中证500主连,0.9073411755940342
2019-11,宽货币宽信用,原油主连,2.9315316058252883
2019-11,宽货币宽信用,沪深300主连,-1.2137226046163851
2019-11,宽货币宽信用,沪金主连,-2.827599525639024
2019-11,宽货币宽信用,沪铜主连,-0.14867943494747404
2019-11,宽货币宽信用,沪铝主连,0.7630862088667811
2019-11,宽货币宽信用,红利低波ETF,1.236749116590996
2019-11,宽货币宽信用,豆粕主连,-3.026129541571687
2019-12,宽货币宽信用,10年国债主连,0.12243024047178253
2019-12,宽货币宽信用,30年国债主连,1.1926622643132934
2019-12,宽货币宽信用,PTA主连,2.6449977161957072
2019-12,宽货币宽信用,中证1000主连,9.00759534654254
2019-12,宽货币宽信用,中证500主连,7.957356441268337
2019-12,宽货币宽信用,原油主连,5.0973011868017615
2019-12,宽货币宽信用,沪深300主连,7.14973096547169
2019-12,宽货币宽信用,沪金主连,3.5090854929193727
2019-12,宽货币宽信用,沪铜主连,3.547301080071885
2019-12,宽货币宽信用,沪铝主连,2.1677811259721347
2019-12,宽货币宽信用,红利低波ETF,5.759162303719423
2019-12,宽货币宽信用,豆粕主连,0.10834236187646784
2020-01,宽货币宽信用,10年国债主连,1.5845518926404178
2020-01,宽货币宽信用,30年国债主连,2.3798059726266585
2020-01,宽货币宽信用,PTA主连,-3.5398230088654947
2020-01,宽货币宽信用,中证1000主连,2.941045697421174
2020-01,宽货币宽信用,中证500主连,1.7080662918395273
2020-01,宽货币宽信用,原油主连,-7.378007307321022
2020-01,宽货币宽信用,沪深300主连,-3.2925035905271627
2020-01,宽货币宽信用,沪金主连,0.9324277657601465
2020-01,宽货币宽信用,沪铜主连,-2.538841283445048
2020-01,宽货币宽信用,沪铝主连,0.5719890030478902
2020-01,宽货币宽信用,红利低波ETF,-4.620462046112461
2020-01,宽货币宽信用,豆粕主连,-4.761904761832037
2020-02,宽货币宽信用,10年国债主连,1.9735077181315397
2020-02,宽货币宽信用,30年国债主连,3.166115692830207
2020-02,宽货币宽信用,PTA主连,-11.342785654719412
2020-02,宽货币宽信用,中证1000主连,3.2652746810621247
2020-02,宽货币宽信用,中证500主连,1.2117813489025187
2020-02,宽货币宽信用,原油主连,-21.46535277217687
2020-02,宽货币宽信用,沪深300主连,-1.823194344500001
2020-02,宽货币宽信用,沪金主连,5.491560218982583
2020-02,宽货币宽信用,沪铜主连,-7.859028193067763
2020-02,宽货币宽信用,沪铝主连,-7.190575072264016
2020-02,宽货币宽信用,红利低波ETF,-3.1141868509915294
2020-02,宽货币宽信用,豆粕主连,-1.1703919935117435
2020-03,宽货币宽信用,10年国债主连,0.8060528138183587
2020-03,宽货币宽信用,30年国债主连,1.6900912764020504
2020-03,宽货币宽信用,PTA主连,-24.51994586095151
2020-03,宽货币宽信用,中证1000主连,-7.1145520481528335
2020-03,宽货币宽信用,中证500主连,-7.712770128707391
2020-03,宽货币宽信用,原油主连,-27.589857076717806
2020-03,宽货币宽信用,沪深300主连,-6.938437598055214
2020-03,宽货币宽信用,沪金主连,-1.3730471916228004
2020-03,宽货币宽信用,沪铜主连,-12.13552480149087
2020-03,宽货币宽信用,沪铝主连,-12.01328365633697
2020-03,宽货币宽信用,红利低波ETF,-4.375000000140772
2020-03,宽货币宽信用,豆粕主连,9.41570524728117
2020-04,宽货币宽信用,10年国债主连,0.9958302672697261
2020-04,宽货币宽信用,30年国债主连,-0.11352460396979458
2020-04,宽货币宽信用,PTA主连,2.2740873729358624
2020-04,宽货币宽信用,中证1000主连,5.673739739834627
2020-04,宽货币宽信用,中证500主连,9.372780513640166
2020-04,宽货币宽信用,原油主连,-11.611620940630186
2020-04,宽货币宽信用,沪深300主连,8.43182973577452
2020-04,宽货币宽信用,沪金主连,4.214853384606787
2020-04,宽货币宽信用,沪铜主连,9.86447896194087
2020-04,宽货币宽信用,沪铝主连,9.564324965061012
2020-04,宽货币宽信用,红利低波ETF,4.388422035316086
2020-04,宽货币宽信用,豆粕主连,-7.176870748259223
2020-05,宽货币宽信用,10年国债主连,-1.2094423935638976
2020-05,宽货币宽信用,30年国债主连,-1.9938208850427963
2020-05,宽货币宽信用,PTA主连,5.383265067363885
2020-05,宽货币宽信用,中证1000主连,2.684465059924279
2020-05,宽货币宽信用,中证500主连,1.3687545436215087
2020-05,宽货币宽信用,原油主连,10.655408122504696
2020-05,宽货币宽信用,沪深300主连,-1.0175922622732259
2020-05,宽货币宽信用,沪金主连,3.1479293638014383
2020-05,宽货币宽信用,沪铜主连,2.5394322256325763
2020-05,宽货币宽信用,沪铝主连,5.719999999939263
2020-05,宽货币宽信用,红利低波ETF,-1.2522361358437317
2020-05,宽货币宽信用,豆粕主连,2.748259435600553
2020-06,宽货币宽信用,10年国债主连,-0.6634648707798063
2020-06,宽货币宽信用,30年国债主连,-1.0988158186786112
2020-06,宽货币宽信用,PTA主连,1.1660188782796288
2020-06,宽货币宽信用,中证1000主连,8.888767952613508
2020-06,宽货币宽信用,中证500主连,10.394403453385559
2020-06,宽货币宽信用,原油主连,1.3411913031961653
2020-06,宽货币宽信用,沪深300主连,9.209233145104179
2020-06,宽货币宽信用,沪金主连,1.5972820851112735
2020-06,宽货币宽信用,沪铜主连,11.270660036738356
2020-06,宽货币宽信用,沪铝主连,6.120731488102393
2020-06,宽货币宽信用,红利低波ETF,3.4420289855172648
2020-06,宽货币宽信用,豆粕主连,0.32097004276003815
2020-07,宽货币宽信用,10年国债主连,-1.4703683396118383
2020-07,宽货币宽信用,30年国债主连,-1.4744179091340293
2020-07,宽货币宽信用,PTA主连,-1.207464324770069
2020-07,宽货币宽信用,中证1000主连,15.606334718882131
2020-07,宽货币宽信用,中证500主连,12.704707909466407
2020-07,宽货币宽信用,原油主连,-6.165956051113652
2020-07,宽货币宽信用,沪深300主连,12.99567895391036
2020-07,宽货币宽信用,沪金主连,8.020562986477664
2020-07,宽货币宽信用,沪铜主连,6.373281955797361
2020-07,宽货币宽信用,沪铝主连,7.627120568445078
2020-07,宽货币宽信用,红利低波ETF,14.798598949085884
2020-07,宽货币宽信用,豆粕主连,4.338546194746162
2020-08,宽货币宽信用,10年国债主连,-0.16939731787994905
2020-08,宽货币宽信用,30年国债主连,-0.8095762105587823
2020-08,宽货币宽信用,PTA主连,-0.027196652676508837
2020-08,宽货币宽信用,中证1000主连,2.907517804127213
2020-08,宽货币宽信用,中证500主连,2.820486212747375
2020-08,宽货币宽信用,原油主连,0.8589341356901814
2020-08,宽货币宽信用,沪深300主连,3.3156121078334877
2020-08,宽货币宽信用,沪金主连,-2.3517996580226352
2020-08,宽货币宽信用,沪铜主连,0.09762516563245338
2020-08,宽货币宽信用,沪铝主连,-0.31223949326595335
2020-08,宽货币宽信用,红利低波ETF,4.27154843625166
2020-08,宽货币宽信用,豆粕主连,1.4981273410451301
2020-09,宽货币宽信用,10年国债主连,-0.2753837524593461
2020-09,宽货币宽信用,30年国债主连,-0.8669837267913594
2020-09,宽货币宽信用,PTA主连,-8.751334044855884
2020-09,宽货币宽信用,中证1000主连,-7.4672302581697
2020-09,宽货币宽信用,中证500主连,-6.433027284860149
2020-09,宽货币宽信用,原油主连,-19.7462597378249
2020-09,宽货币宽信用,沪深300主连,-5.385113066782299
2020-09,宽货币宽信用,沪金主连,-3.9225891928648227
2020-09,宽货币宽信用,沪铜主连,-2.076741911913771
2020-09,宽货币宽信用,沪铝主连,-1.7050921700845767
2020-09,宽货币宽信用,红利低波ETF,-5.852231163070676
2020-09,宽货币宽信用,豆粕主连,3.5558537404918766
2020-10,宽货币宽信用,10年国债主连,0.3170544617205895
2020-10,宽货币宽信用,30年国债主连,-0.11631589704100831
2020-10,宽货币宽信用,PTA主连,-1.7543859649859939
2020-10,宽货币宽信用,中证1000主连,-0.7634622097903998
2020-10,宽货币宽信用,中证500主连,-0.5529743826362066
2020-10,宽货币宽信用,原油主连,-16.09152288075353
2020-10,宽货币宽信用,沪深300主连,3.2498777308776816
2020-10,宽货币宽信用,沪金主连,-2.216202905574627
2020-10,宽货币宽信用,沪铜主连,-0.09502279404421943
2020-10,宽货币宽信用,沪铝主连,2.927387397572634
2020-10,宽货币宽信用,红利低波ETF,0.9324009324038096
2020-10,宽货币宽信用,豆粕主连,3.401360544429499
2020-11,宽货币紧信用,10年国债主连,-0.2435274205969118
2020-11,宽货币紧信用,30年国债主连,0.1299370885174067
2020-11,宽货币紧信用,PTA主连,1.8999284919047454
2020-11,宽货币紧信用,中证1000主连,2.307489562299936
2020-11,宽货币紧信用,中证500主连,4.642259852968911
2020-11,宽货币紧信用,原油主连,21.326280972896818
2020-11,宽货币紧信用,沪深300主连,6.2247012580923355
2020-11,宽货币紧信用,沪金主连,-6.870503317660592
2020-11,宽货币紧信用,沪铜主连,13.102848085270757
2020-11,宽货币紧信用,沪铝主连,15.694026228269497
2020-11,宽货币紧信用,红利低波ETF,10.315627405685523
2020-11,宽货币紧信用,豆粕主连,5.929182392549026
2020-12,宽货币紧信用,10年国债主连,0.33275314829690483
2020-12,宽货币紧信用,30年国债主连,2.235284716631747
2020-12,宽货币紧信用,PTA主连,7.909604519535596
2020-12,宽货币紧信用,中证1000主连,0.7520718770041679
2020-12,宽货币紧信用,中证500主连,1.6458911377909446
2020-12,宽货币紧信用,原油主连,2.6664321629132237
2020-12,宽货币紧信用,沪深300主连,5.446199217226999
2020-12,宽货币紧信用,沪金主连,6.139882541332509
2020-12,宽货币紧信用,沪铜主连,-0.03416239073233962
2020-12,宽货币紧信用,沪铝主连,-5.10952002189261
2020-12,宽货币紧信用,红利低波ETF,-7.327285415078732
2020-12,宽货币紧信用,豆粕主连,7.5092707044169815
2021-01,宽货币紧信用,10年国债主连,-0.2551150569627625
2021-01,宽货币紧信用,30年国债主连,0.262209671070579
2021-01,宽货币紧信用,PTA主连,5.654450261859045
2021-01,宽货币紧信用,中证1000主连,-4.797392191622274
2021-01,宽货币紧信用,中证500主连,0.07197790832949025
2021-01,宽货币紧信用,原油主连,9.182332920287761
2021-01,宽货币紧信用,沪深300主连,2.031417689798798
2021-01,宽货币紧信用,沪金主连,-2.3289738431473306
2021-01,宽货币紧信用,沪铜主连,-0.5277487600348185
2021-01,宽货币紧信用,沪铝主连,-2.4883276096042795
2021-01,宽货币紧信用,红利低波ETF,-3.3885542169774574
2021-01,宽货币紧信用,豆粕主连,0.14371945963504995
2021-02,宽货币紧信用,10年国债主连,-0.9374041623541274
2021-02,宽货币紧信用,30年国债主连,-0.6855572364453444
2021-02,宽货币紧信用,PTA主连,18.632309217065913
2021-02,宽货币紧信用,中证1000主连,0.33581678854055497
2021-02,宽货币紧信用,中证500主连,1.1353143896994933
2021-02,宽货币紧信用,原油主连,19.361240093200905
2021-02,宽货币紧信用,沪深300主连,-0.2767594465715395
2021-02,宽货币紧信用,沪金主连,-4.851418859655066
2021-02,宽货币紧信用,沪铜主连,17.993615019756714
2021-02,宽货币紧信用,沪铝主连,16.359296119101852
2021-02,宽货币紧信用,红利低波ETF,6.780982073318342
2021-02,宽货币紧信用,豆粕主连,-1.636050516786558
2021-03,宽货币紧信用,10年国债主连,1.088816301125095
2021-03,宽货币紧信用,30年国债主连,2.1662357817139766
2021-03,宽货币紧信用,PTA主连,-8.307231057249487
2021-03,宽货币紧信用,中证1000主连,-0.2229270164778252
2021-03,宽货币紧信用,中证500主连,-0.8621283381636369
2021-03,宽货币紧信用,原油主连,-2.9359853081851295
2021-03,宽货币紧信用,沪深300主连,-4.3611960740092215
2021-03,宽货币紧信用,沪金主连,-3.2801082541157545
2021-03,宽货币紧信用,沪铜主连,-3.590052970906299
2021-03,宽货币紧信用,沪铝主连,-1.3761530352023432
2021-03,宽货币紧信用,红利低波ETF,3.576642335901581
2021-03,宽货币紧信用,豆粕主连,-3.4643374430164298
2021-04,宽货币紧信用,10年国债主连,0.5436733857195453
2021-04,宽货币紧信用,30年国债主连,0.6700229993085394
2021-04,宽货币紧信用,PTA主连,7.7404921700098495
2021-04,宽货币紧信用,中证1000主连,1.6778837652158485
2021-04,宽货币紧信用,中证500主连,3.962506723358361
2021-04,宽货币紧信用,原油主连,4.7837146896441585
2021-04,宽货币紧信用,沪深300主连,2.3093785953158585
2021-04,宽货币紧信用,沪金主连,3.743914041066776
2021-04,宽货币紧信用,沪铜主连,9.424409224584407
2021-04,宽货币紧信用,沪铝主连,10.758105108393012
2021-04,宽货币紧信用,红利低波ETF,1.2684989427030668
2021-04,宽货币紧信用,豆粕主连,5.675436003503576
2021-05,宽货币紧信用,10年国债主连,0.7776778978167975
2021-05,宽货币紧信用,30年国债主连,1.6925950896244935
2021-05,宽货币紧信用,PTA主连,-1.4119601331432086
2021-05,宽货币紧信用,中证1000主连,7.480693249181525
2021-05,宽货币紧信用,中证500主连,3.9704623740043132
2021-05,宽货币紧信用,原油主连,1.5372946689875766
2021-05,宽货币紧信用,沪深300主连,4.931710513519394
2021-05,宽货币紧信用,沪金主连,5.849539150097827
2021-05,宽货币紧信用,沪铜主连,2.530467672112291
2021-05,宽货币紧信用,沪铝主连,-0.8185324340680977
2021-05,宽货币紧信用,红利低波ETF,6.958942240604027
2021-05,宽货币紧信用,豆粕主连,-1.5104895106063165
2021-06,宽货币紧信用,10年国债主连,0.04065867048139715
2021-06,宽货币紧信用,30年国债主连,-0.9241087003433734
2021-06,宽货币紧信用,PTA主连,6.866048862933383
2021-06,宽货币紧信用,中证1000主连,4.606181939685738
2021-06,宽货币紧信用,中证500主连,2.0416642008725727
2021-06,宽货币紧信用,原油主连,6.3931810974023895
2021-06,宽货币紧信用,沪深300主连,-1.777974961667661
2021-06,宽货币紧信用,沪金主连,-6.815761448112124
2021-06,宽货币紧信用,沪铜主连,-7.683078137586252
2021-06,宽货币紧信用,沪铝主连,-0.07843783652746739
2021-06,宽货币紧信用,红利低波ETF,-2.4723487311244408
2021-06,宽货币紧信用,豆粕主连,-0.9940357854065662
2021-07,宽货币紧信用,10年国债主连,1.9660638083841775
2021-07,宽货币紧信用,30年国债主连,3.6954022501970885
2021-07,宽货币紧信用,PTA主连,8.632242806569735
2021-07,宽货币紧信用,中证1000主连,3.229006800459522
2021-07,宽货币紧信用,中证500主连,0.9300171093092668
2021-07,宽货币紧信用,原油主连,-2.7215437509345852
2021-07,宽货币紧信用,沪深300主连,-7.3445117622182865
2021-07,宽货币紧信用,沪金主连,4.081632653207046
2021-07,宽货币紧信用,沪铜主连,4.87986886456071
2021-07,宽货币紧信用,沪铝主连,6.751160516609467
2021-07,宽货币紧信用,红利低波ETF,-5.2034689794240085
2021-07,宽货币紧信用,豆粕主连,4.761904761883562
2021-08,宽货币紧信用,10年国债主连,-0.013097731952893543
2021-08,宽货币紧信用,30年国债主连,0.5075470793386883
2021-08,宽货币紧信用,PTA主连,-9.794041793385489
2021-08,宽货币紧信用,中证1000主连,6.540385965063056
2021-08,宽货币紧信用,中证500主连,6.538446067222492
2021-08,宽货币紧信用,原油主连,-2.8350226420141067
2021-08,宽货币紧信用,沪深300主连,0.6905766265321578
2021-08,宽货币紧信用,沪金主连,-0.9568627452045342
2021-08,宽货币紧信用,沪铜主连,-2.1765200972317045
2021-08,宽货币紧信用,沪铝主连,6.419162336811901
2021-08,宽货币紧信用,红利低波ETF,12.596762842889175
2021-08,宽货币紧信用,豆粕主连,-2.5462227436833462
2021-09,宽货币紧信用,10年国债主连,-0.13500675013614627
2021-09,宽货币紧信用,30年国债主连,0.24541925034833323
2021-09,宽货币紧信用,PTA主连,3.204868154113183
2021-09,宽货币紧信用,中证1000主连,-4.44819218098983
2021-09,宽货币紧信用,中证500主连,-0.3915727269579006
2021-09,宽货币紧信用,原油主连,13.531028008382883
2021-09,宽货币紧信用,沪深300主连,1.4018468613703927
2021-09,宽货币紧信用,沪金主连,-4.239256678294567
2021-09,宽货币紧信用,沪铜主连,-2.842567809989538
2021-09,宽货币紧信用,沪铝主连,5.588846615251208
2021-09,宽货币紧信用,红利低波ETF,3.6250000002903127
2021-09,宽货币紧信用,豆粕主连,-1.5069661644975807
2021-10,宽货币紧信用,10年国债主连,-0.6759463249315534
2021-10,宽货币紧信用,30年国债主连,-0.897455331053898
2021-10,宽货币紧信用,PTA主连,1.336477987515794
2021-10,宽货币紧信用,中证1000主连,0.09317460881861361
2021-10,宽货币紧信用,中证500主连,-1.0514609787175333
2021-10,宽货币紧信用,原油主连,5.903891378147841
2021-10,宽货币紧信用,沪深300主连,1.0835857937194548
2021-10,宽货币紧信用,沪金主连,2.1224984839186334
2021-10,宽货币紧信用,沪铜主连,4.22630073570438
2021-10,宽货币紧信用,沪铝主连,-12.069637647400167
2021-10,宽货币紧信用,红利低波ETF,-6.822970081016477
2021-10,宽货币紧信用,豆粕主连,-6.668591223916942
2021-11,宽货币紧信用,10年国债主连,1.2711141986981644
2021-11,宽货币紧信用,30年国债主连,1.917732997306798
2021-11,宽货币紧信用,PTA主连,-14.274631497342527
2021-11,宽货币紧信用,中证1000主连,8.930485316938807
2021-11,宽货币紧信用,中证500主连,3.6190833217674356
2021-11,宽货币紧信用,原油主连,-14.472206188117841
2021-11,宽货币紧信用,沪深300主连,-1.4956482413769012
2021-11,宽货币紧信用,沪金主连,-0.41300582998886615
2021-11,宽货币紧信用,沪铜主连,-0.8256291069431265
2021-11,宽货币紧信用,沪铝主连,-4.983730791004137
2021-11,宽货币紧信用,红利低波ETF,-0.9271523179441798
2021-11,宽货币紧信用,豆粕主连,-0.9623397242418119
2021-12,宽货币紧信用,10年国债主连,0.5138694872092175
2021-12,宽货币紧信用,30年国债主连,1.0420567122299662
2021-12,宽货币紧信用,PTA主连,12.011115058502009
2021-12,宽货币紧信用,中证1000主连,-0.4270508245648563
2021-12,宽货币紧信用,中证500主连,2.468711116109712
2021-12,宽货币紧信用,原油主连,12.11429423946424
2021-12,宽货币紧信用,沪深300主连,2.033381452797234
2021-12,宽货币紧信用,沪金主连,1.2420060935482757
2021-12,宽货币紧信用,沪铜主连,1.5440253150255767
2021-12,宽货币紧信用,沪铝主连,7.662020312883033
2021-12,宽货币紧信用,红利低波ETF,6.283422460219978
2021-12,宽货币紧信用,豆粕主连,4.729064039172615
2022-01,宽货币紧信用,10年国债主连,0.6750384672278731
2022-01,宽货币紧信用,30年国债主连,1.1231566282347005
2022-01,宽货币紧信用,PTA主连,9.166998804273806
2022-01,宽货币紧信用,中证1000主连,-12.86444949430745
2022-01,宽货币紧信用,中证500主连,-11.275002039830595
2022-01,宽货币紧信用,原油主连,7.68208319249799
2022-01,宽货币紧信用,沪深300主连,-8.706657207552526
2022-01,宽货币紧信用,沪金主连,-1.6789756123314348
2022-01,宽货币紧信用,沪铜主连,-0.22561313294167107
2022-01,宽货币紧信用,沪铝主连,7.652755417563517
2022-01,宽货币紧信用,红利低波ETF,-0.5031446541796769
2022-01,宽货币紧信用,豆粕主连,5.9266227658342885
2022-02,宽货币紧信用,10年国债主连,-0.8281292611102775
2022-02,宽货币紧信用,30年国债主连,-0.8534015566114106
2022-02,宽货币紧信用,PTA主连,2.8112449799594152
2022-02,宽货币紧信用,中证1000主连,6.102334109326368
2022-02,宽货币紧信用,中证500主连,4.672877776591733
2022-02,宽货币紧信用,原油主连,15.28896791913481
2022-02,宽货币紧信用,沪深300主连,0.7400407588680658
2022-02,宽货币紧信用,沪金主连,5.112131856331503
2022-02,宽货币紧信用,沪铜主连,0.9106336607807464
2022-02,宽货币紧信用,沪铝主连,4.146053094837199
2022-02,宽货币紧信用,红利低波ETF,3.413400758362539
2022-02,宽货币紧信用,豆粕主连,14.328004736364353
2022-03,宽货币紧信用,10年国债主连,0.2045193794353528
2022-03,宽货币紧信用,30年国债主连,0.3414278620630373
2022-03,宽货币紧信用,PTA主连,7.8124999998280265
2022-03,宽货币紧信用,中证1000主连,-8.62714025135377
2022-03,宽货币紧信用,中证500主连,-7.226779787645721
2022-03,宽货币紧信用,原油主连,11.923715834518124
2022-03,宽货币紧信用,沪深300主连,-7.355338400873556
2022-03,宽货币紧信用,沪金主连,1.367538943818536
2022-03,宽货币紧信用,沪铜主连,3.353107453112991
2022-03,宽货币紧信用,沪铝主连,-0.5699531495083288
2022-03,宽货币紧信用,红利低波ETF,2.9339853300629715
2022-03,宽货币紧信用,豆粕主连,7.070619049598936
2022-04,宽货币紧信用,10年国债主连,-0.13938669840729556
2022-04,宽货币紧信用,30年国债主连,0.8527454297385217
2022-04,宽货币紧信用,PTA主连,5.563894674299341
2022-04,宽货币紧信用,中证1000主连,-15.228552388298656
2022-04,宽货币紧信用,中证500主连,-10.671799378679857
2022-04,宽货币紧信用,原油主连,-0.7550849066576548
2022-04,宽货币紧信用,沪深300主连,-4.453106904067916
2022-04,宽货币紧信用,沪金主连,2.9111933862040473
2022-04,宽货币紧信用,沪铜主连,0.8198778537208629
2022-04,宽货币紧信用,沪铝主连,-8.074060088645119
2022-04,宽货币紧信用,红利低波ETF,-1.0688836103101562
2022-04,宽货币紧信用,豆粕主连,0.8667657254414873
2022-05,宽货币紧信用,10年国债主连,0.6187415635689142
2022-05,宽货币紧信用,30年国债主连,0.9925293504798649
2022-05,宽货币紧信用,PTA主连,7.506281406798454
2022-05,宽货币紧信用,中证1000主连,10.778660894655845
2022-05,宽货币紧信用,中证500主连,7.169919667460589
2022-05,宽货币紧信用,原油主连,11.395843026994035
2022-05,宽货币紧信用,沪深300主连,1.595079001583266
2022-05,宽货币紧信用,沪金主连,-1.9428351281514877
2022-05,宽货币紧信用,沪铜主连,-1.5995537805919446
2022-05,宽货币紧信用,沪铝主连,-0.3829928663856119
2022-05,宽货币紧信用,红利低波ETF,1.3205282112646932
2022-05,宽货币紧信用,豆粕主连,3.412717898179074
2022-06,宽货币紧信用,10年国债主连,-0.5222841226808939
2022-06,宽货币紧信用,30年国债主连,-0.2141189202300109
2022-06,宽货币紧信用,PTA主连,-5.433829973555437
2022-06,宽货币紧信用,中证1000主连,10.378090072132862
2022-06,宽货币紧信用,中证500主连,8.271938451685656
2022-06,宽货币紧信用,原油主连,-4.910905671280208
2022-06,宽货币紧信用,沪深300主连,10.212068703131116
2022-06,宽货币紧信用,沪金主连,-1.5739769148945149
2022-06,宽货币紧信用,沪铜主连,-11.212863320376165
2022-06,宽货币紧信用,沪铝主连,-7.994493679800907
2022-06,宽货币紧信用,红利低波ETF,0.47393364936834104
2022-06,宽货币紧信用,豆粕主连,-7.193732193887515
2022-07,宽货币紧信用,10年国债主连,1.0550527527231512
2022-07,宽货币紧信用,30年国债主连,1.2284153227187566
2022-07,宽货币紧信用,PTA主连,-9.391411801111783
2022-07,宽货币紧信用,中证1000主连,2.356307452917683
2022-07,宽货币紧信用,中证500主连,-0.9021277381962789
2022-07,宽货币紧信用,原油主连,-3.1812589997889495
2022-07,宽货币紧信用,沪深300主连,-5.254377380835129
2022-07,宽货币紧信用,沪金主连,-1.995126408749337
2022-07,宽货币紧信用,沪铜主连,-5.591223925368416
2022-07,宽货币紧信用,沪铝主连,-1.461340338651973
2022-07,宽货币紧信用,红利低波ETF,-3.6556603772763263
2022-07,宽货币紧信用,豆粕主连,2.0209772319728314
2022-08,宽货币紧信用,10年国债主连,0.8207902384121057
2022-08,宽货币紧信用,30年国债主连,2.6624521175164784
2022-08,宽货币紧信用,PTA主连,-0.03300849079325152
2022-08,宽货币紧信用,中证1000主连,-4.691030991804778
2022-08,宽货币紧信用,中证500主连,-1.266184379697055
2022-08,宽货币紧信用,原油主连,8.465397463984669
2022-08,宽货币紧信用,沪深300主连,-1.4406699797945954
2022-08,宽货币紧信用,沪金主连,0.21238021239191607
2022-08,宽货币紧信用,沪铜主连,3.787570784486083
2022-08,宽货币紧信用,沪铝主连,-1.604647538406212
2022-08,宽货币紧信用,红利低波ETF,3.6719706241591155
2022-08,宽货币紧信用,豆粕主连,3.3636935228334996
2022-09,宽货币紧信用,10年国债主连,-0.8527628530605069
2022-09,宽货币紧信用,30年国债主连,-0.5232717264838538
2022-09,宽货币紧信用,PTA主连,-3.1643293779551662
2022-09,宽货币紧信用,中证1000主连,-6.96577844359031
2022-09,宽货币紧信用,中证500主连,-5.589016820471504
2022-09,宽货币紧信用,原油主连,-5.08868670806526
2022-09,宽货币紧信用,沪深300主连,-6.243323755259067
2022-09,宽货币紧信用,沪金主连,1.0079603015422212
2022-09,宽货币紧信用,沪铜主连,0.39540770787556134
2022-09,宽货币紧信用,沪铝主连,-0.3746318883027566
2022-09,宽货币紧信用,红利低波ETF,-1.4167650531179188
2022-09,宽货币紧信用,豆粕主连,8.181578252851596
2022-10,宽货币紧信用,10年国债主连,1.193198767011383
2022-10,宽货币紧信用,30年国债主连,1.4961373760992602
2022-10,宽货币紧信用,PTA主连,-6.943928704142843
2022-10,宽货币紧信用,中证1000主连,4.019477554428175
2022-10,宽货币紧信用,中证500主连,2.0262033873774232
2022-10,宽货币紧信用,原油主连,8.842009415608597
2022-10,宽货币紧信用,沪深300主连,-7.719480331503748
2022-10,宽货币紧信用,沪金主连,0.214932705530968
2022-10,宽货币紧信用,沪铜主连,2.9426077240544135
2022-10,宽货币紧信用,沪铝主连,-3.685771978821062
2022-10,宽货币紧信用,红利低波ETF,-7.544910179617837
2022-10,宽货币紧信用,豆粕主连,0.29275433008342233
2022-11,宽货币紧信用,10年国债主连,-1.6402677860860804
2022-11,宽货币紧信用,30年国债主连,-3.140585904787274
2022-11,宽货币紧信用,PTA主连,3.391859537352948
2022-11,宽货币紧信用,中证1000主连,4.945347138757161
2022-11,宽货币紧信用,中证500主连,6.355600262126582
2022-11,宽货币紧信用,原油主连,-15.299447493428131
2022-11,宽货币紧信用,沪深300主连,10.151385627355536
2022-11,宽货币紧信用,沪金主连,3.649550576350724
2022-11,宽货币紧信用,沪铜主连,4.511628344669605
2022-11,宽货币紧信用,沪铝主连,7.413018037346908
2022-11,宽货币紧信用,红利低波ETF,11.917098445746554
2022-11,宽货币紧信用,豆粕主连,4.548771588368572
2022-12,宽货币紧信用,10年国债主连,0.9366030516356538
2022-12,宽货币紧信用,30年国债主连,1.4840363144182467
2022-12,宽货币紧信用,PTA主连,7.424580351843613
2022-12,宽货币紧信用,中证1000主连,-4.757356749058806
2022-12,宽货币紧信用,中证500主连,-4.840920269766924
2022-12,宽货币紧信用,原油主连,-2.649444531254519
2022-12,宽货币紧信用,沪深300主连,-0.3778413673053205
2022-12,宽货币紧信用,沪金主连,1.0819745252838242
2022-12,宽货币紧信用,沪铜主连,2.4272335811680534
2022-12,宽货币紧信用,沪铝主连,-0.10340126231112023
2022-12,宽货币紧信用,红利低波ETF,-5.324074074137974
2022-12,宽货币紧信用,豆粕主连,5.983756799287154
2023-01,宽货币紧信用,10年国债主连,-0.01995510121498567
2023-01,宽货币紧信用,30年国债主连,-0.4636655717461302
2023-01,宽货币紧信用,PTA主连,3.6462093861257427
2023-01,宽货币紧信用,中证1000主连,7.988719341335693
2023-01,宽货币紧信用,中证500主连,6.921353877762426
2023-01,宽货币紧信用,原油主连,-4.688681398620409
2023-01,宽货币紧信用,沪深300主连,7.172894286364095
2023-01,宽货币紧信用,沪金主连,1.9491566615469802
2023-01,宽货币紧信用,沪铜主连,4.49743434955896
2023-01,宽货币紧信用,沪铝主连,1.1200733903044213
2023-01,宽货币紧信用,红利低波ETF,3.178484107401758
2023-01,宽货币紧信用,豆粕主连,-0.7621951217436806
2023-02,宽货币紧信用,10年国债主连,0.5169538640271032
2023-02,宽货币紧信用,30年国债主连,-0.010187917891335552
2023-02,宽货币紧信用,PTA主连,-2.1595262974716367
2023-02,宽货币紧信用,中证1000主连,1.730673079729228
2023-02,宽货币紧信用,中证500主连,0.6633672842657035
2023-02,宽货币紧信用,原油主连,1.26838873702535
2023-02,宽货币紧信用,沪深300主连,-2.423752267099921
2023-02,宽货币紧信用,沪金主连,-1.6305902545739936
2023-02,宽货币紧信用,沪铜主连,-0.48734506411238776
2023-02,宽货币紧信用,沪铝主连,-2.4830372681909685
2023-02,宽货币紧信用,红利低波ETF,3.6729857819620904
2023-02,宽货币紧信用,豆粕主连,-3.3538146443779837
2023-03,宽货币紧信用,10年国债主连,0.6311044327092397
2023-03,宽货币紧信用,30年国债主连,1.5075233623540463
2023-03,宽货币紧信用,PTA主连,10.715557137807386
2023-03,宽货币紧信用,中证1000主连,-0.5867871655248602
2023-03,宽货币紧信用,中证500主连,0.38806725845439427
2023-03,宽货币紧信用,原油主连,-4.416098035085858
2023-03,宽货币紧信用,沪深300主连,-0.11112787202068874
2023-03,宽货币紧信用,沪金主连,6.7092342669828
2023-03,宽货币紧信用,沪铜主连,0.5013048184278057
2023-03,宽货币紧信用,沪铝主连,1.747973666420255
2023-03,宽货币紧信用,红利低波ETF,1.371428571679112
2023-03,宽货币紧信用,豆粕主连,-6.993377483530228
2023-04,宽货币紧信用,10年国债主连,0.7963764871967038
2023-04,宽货币紧信用,30年国债主连,1.7453259868458693
2023-04,宽货币紧信用,PTA主连,-4.638384445777732
2023-04,宽货币紧信用,中证1000主连,-1.3442770049589825
2023-04,宽货币紧信用,中证500主连,-1.2244452864733746
2023-04,宽货币紧信用,原油主连,1.7635330607786992
2023-04,宽货币紧信用,沪深300主连,-0.3599774913235376
2023-04,宽货币紧信用,沪金主连,0.652708152914494
2023-04,宽货币紧信用,沪铜主连,-2.458847589282398
2023-04,宽货币紧信用,沪铝主连,-1.335040683399713
2023-04,宽货币紧信用,红利低波ETF,8.229988725843352
2023-04,宽货币紧信用,豆粕主连,-1.4667833301300615
2023-05,宽货币紧信用,10年国债主连,0.6927036247947438
2023-05,宽货币紧信用,30年国债主连,0.8494930864757055
2023-05,宽货币紧信用,PTA主连,-4.519572953500839
2023-05,宽货币紧信用,中证1000主连,-2.504104182762512
2023-05,宽货币紧信用,中证500主连,-3.1992087889628595
2023-05,宽货币紧信用,原油主连,-5.894710766080502
2023-05,宽货币紧信用,沪深300主连,-5.753468079525259
2023-05,宽货币紧信用,沪金主连,1.2713387242093477
2023-05,宽货币紧信用,沪铜主连,-3.4881257049197645
2023-05,宽货币紧信用,沪铝主连,-1.7186974239519426
2023-05,宽货币紧信用,红利低波ETF,-3.8541666668797436
2023-05,宽货币紧信用,豆粕主连,-3.3743208463641983
2023-06,宽货币紧信用,10年国债主连,0.46296296287107186
2023-06,宽货币紧信用,30年国债主连,1.0715021635006705
2023-06,宽货币紧信用,PTA主连,3.652627655438656
2023-06,宽货币紧信用,中证1000主连,0.9243188088204679
2023-06,宽货币紧信用,中证500主连,-0.4081769222046172
2023-06,宽货币紧信用,原油主连,8.039670784252895
2023-06,宽货币紧信用,沪深300主连,1.7486780066467533
2023-06,宽货币紧信用,沪金主连,-0.5373373713781882
2023-06,宽货币紧信用,沪铜主连,4.19852950344155
2023-06,宽货币紧信用,沪铝主连,1.394444657381655
2023-06,宽货币紧信用,红利低波ETF,-1.300108342035211
2023-06,宽货币紧信用,豆粕主连,11.157147084649166
2023-07,宽货币紧信用,10年国债主连,6.912248551316225e-11
2023-07,宽货币紧信用,30年国债主连,0.8970438326123098
2023-07,宽货币紧信用,PTA主连,8.162531463502942
2023-07,宽货币紧信用,中证1000主连,-0.9276181171018694
2023-07,宽货币紧信用,中证500主连,1.87750052536928
2023-07,宽货币紧信用,原油主连,11.711484598271715
2023-07,宽货币紧信用,沪深300主连,4.718987644938699
2023-07,宽货币紧信用,沪金主连,1.396486546628939
2023-07,宽货币紧信用,沪铜主连,3.463381599725812
2023-07,宽货币紧信用,沪铝主连,2.2777280307298753
2023-07,宽货币紧信用,红利低波ETF,6.366630076891244
2023-07,宽货币紧信用,豆粕主连,13.232161874364845
2023-08,宽货币紧信用,10年国债主连,0.724584324559352
2023-08,宽货币紧信用,30年国债主连,2.3399068730189487
2023-08,宽货币紧信用,PTA主连,2.6854237628762156
2023-08,宽货币紧信用,中证1000主连,-6.255922775091705
2023-08,宽货币紧信用,中证500主连,-5.785062734022784
2023-08,宽货币紧信用,原油主连,7.927387935951513
2023-08,宽货币紧信用,沪深300主连,-6.3906549199311495
2023-08,宽货币紧信用,沪金主连,1.5563300561028948
2023-08,宽货币紧信用,沪铜主连,0.14616173219854645
2023-08,宽货币紧信用,沪铝主连,3.6796903032979333
2023-08,宽货币紧信用,红利低波ETF,-3.8183694532529233
2023-08,宽货币紧信用,豆粕主连,10.488334073742124
2023-09,宽货币紧信用,10年国债主连,-0.6151442657771011
2023-09,宽货币紧信用,30年国债主连,-2.032318826061563
2023-09,宽货币紧信用,PTA主连,1.3084723587235114
2023-09,宽货币紧信用,中证1000主连,-0.5957025837497354
2023-09,宽货币紧信用,中证500主连,-0.7802552249926764
2023-09,宽货币紧信用,原油主连,15.828729199748114
2023-09,宽货币紧信用,沪深300主连,-2.459273565776776
2023-09,宽货币紧信用,沪金主连,-0.8886588155458064
2023-09,宽货币紧信用,沪铜主连,-2.883737247746132
2023-09,宽货币紧信用,沪铝主连,3.377216037153552
2023-09,宽货币紧信用,红利低波ETF,2.145922746810336
2023-09,宽货币紧信用,豆粕主连,-3.4082668601124078
2023-10,宽货币紧信用,10年国债主连,0.10315861846215135
2023-10,宽货币紧信用,30年国债主连,-0.3440599069124639
2023-10,宽货币紧信用,PTA主连,-4.617371649851454
2023-10,宽货币紧信用,中证1000主连,-1.7869140340753598
2023-10,宽货币紧信用,中证500主连,-3.2208979613980837
2023-10,宽货币紧信用,原油主连,-8.082744332296155
2023-10,宽货币紧信用,沪深300主连,-3.582843690366655
2023-10,宽货币紧信用,沪金主连,4.142624035036135
2023-10,宽货币紧信用,沪铜主连,0.2556398262073989
2023-10,宽货币紧信用,沪铝主连,-0.6049451218237856
2023-10,宽货币紧信用,红利低波ETF,-3.1512605043512942
2023-10,宽货币紧信用,豆粕主连,-2.002002001985159
2023-11,宽货币紧信用,10年国债主连,0.10787778892151767
2023-11,宽货币紧信用,30年国债主连,1.0155133458140897
2023-11,宽货币紧信用,PTA主连,-2.640487474503983
2023-11,宽货币紧信用,中证1000主连,1.8050960872988853
2023-11,宽货币紧信用,中证500主连,0.15988942592477517
2023-11,宽货币紧信用,原油主连,-10.162095819148897
2023-11,宽货币紧信用,沪深300主连,-2.364015218094928
2023-11,宽货币紧信用,沪金主连,-0.8338197282195536
2023-11,宽货币紧信用,沪铜主连,1.6198442735786633
2023-11,宽货币紧信用,沪铝主连,-2.9959746695812584
2023-11,宽货币紧信用,红利低波ETF,-0.10845986977395805
2023-11,宽货币紧信用,豆粕主连,-0.7916241061474372
2023-12,宽货币紧信用,10年国债主连,0.9125251435284865
2023-12,宽货币紧信用,30年国债主连,2.2834724878402435
2023-12,宽货币紧信用,PTA主连,2.6225584787967104
2023-12,宽货币紧信用,中证1000主连,-1.6178282886220252
2023-12,宽货币紧信用,中证500主连,-1.0258690585768782
2023-12,宽货币紧信用,原油主连,-8.373141585526422
2023-12,宽货币紧信用,沪深300主连,-1.6986166229919775
2023-12,宽货币紧信用,沪金主连,1.2570419573788572
2023-12,宽货币紧信用,沪铜主连,1.0407398864004325
2023-12,宽货币紧信用,沪铝主连,5.086943569427915
2023-12,宽货币紧信用,红利低波ETF,-0.7600434309571913
2023-12,宽货币紧信用,豆粕主连,-2.6129933821585016
2024-01,宽货币紧信用,10年国债主连,0.7049443337134642
2024-01,宽货币紧信用,30年国债主连,3.688040912669832
2024-01,宽货币紧信用,PTA主连,0.5390835579921482
2024-01,宽货币紧信用,中证1000主连,-18.7152993218189
2024-01,宽货币紧信用,中证500主连,-12.881650540581791
2024-01,宽货币紧信用,原油主连,7.098544973633492
2024-01,宽货币紧信用,沪深300主连,-5.897234633189353
2024-01,宽货币紧信用,沪金主连,-0.12029201929352196
2024-01,宽货币紧信用,沪铜主连,0.6239117818732876
2024-01,宽货币紧信用,沪铝主连,-2.5632778126672084
2024-01,宽货币紧信用,红利低波ETF,4.595185995813433
2024-01,宽货币紧信用,豆粕主连,-9.628735285195
2024-02,宽货币紧信用,10年国债主连,0.37601192058203114
2024-02,宽货币紧信用,30年国债主连,2.0648670977438943
2024-02,宽货币紧信用,PTA主连,-0.4691689007115918
2024-02,宽货币紧信用,中证1000主连,14.232312268763692
2024-02,宽货币紧信用,中证500主连,16.112440058641987
2024-02,宽货币紧信用,原油主连,2.67384247393323
2024-02,宽货币紧信用,沪深300主连,9.623211982696578
2024-02,宽货币紧信用,沪金主连,0.04970160008062052
2024-02,宽货币紧信用,沪铜主连,-0.649944512057743
2024-02,宽货币紧信用,沪铝主连,-0.3944177757602474
2024-02,宽货币紧信用,红利低波ETF,5.020920502079185
2024-02,宽货币紧信用,豆粕主连,0.9018036073105362
2024-03,宽货币紧信用,10年国债主连,0.019214141288825815
2024-03,宽货币紧信用,30年国债主连,-0.680081982399694
2024-03,宽货币紧信用,PTA主连,-0.20202020196775639
2024-03,宽货币紧信用,中证1000主连,2.395462709816809
2024-03,宽货币紧信用,中证500主连,-0.776088346321957
2024-03,宽货币紧信用,原油主连,7.316613240109993
2024-03,宽货币紧信用,沪深300主连,0.7448246910791712
2024-03,宽货币紧信用,沪金主连,10.091172813939874
2024-03,宽货币紧信用,沪铜主连,5.025896850812384
2024-03,宽货币紧信用,沪铝主连,4.2023662119502925
2024-03,宽货币紧信用,红利低波ETF,1.0956175298362014
2024-03,宽货币紧信用,豆粕主连,7.954885403233636
2024-04,宽货币紧信用,10年国债主连,0.004802612639553949
2024-04,宽货币紧信用,30年国债主连,-0.384579307656574
2024-04,宽货币紧信用,PTA主连,-1.526988763651782
2024-04,宽货币紧信用,中证1000主连,2.5864931406391234
2024-04,宽货币紧信用,中证500主连,3.224552271246761
2024-04,宽货币紧信用,原油主连,0.4704655077017561
2024-04,宽货币紧信用,沪深300主连,1.9946718976085132
2024-04,宽货币紧信用,沪金主连,3.4255599473499654
2024-04,宽货币紧信用,沪铜主连,13.051827125701386
2024-04,宽货币紧信用,沪铝主连,4.388635210591474
2024-04,宽货币紧信用,红利低波ETF,2.4630541868313927
2024-04,宽货币紧信用,豆粕主连,2.3486901537979055
2024-05,宽货币紧信用,10年国债主连,0.28818482664407785
2024-05,宽货币紧信用,30年国债主连,0.44276573209338643
2024-05,宽货币紧信用,PTA主连,1.3879485443131
2024-05,宽货币紧信用,中证1000主连,-2.533385890125439
2024-05,宽货币紧信用,中证500主连,-2.4596144064537695
2024-05,宽货币紧信用,原油主连,-6.369142110923464
2024-05,宽货币紧信用,沪深300主连,-0.7433124897566534
2024-05,宽货币紧信用,沪金主连,0.9316319873354795
2024-05,宽货币紧信用,沪铜主连,0.0687744645746946
2024-05,宽货币紧信用,沪铝主连,4.537840652646374
2024-05,宽货币紧信用,红利低波ETF,4.32692307679996
2024-05,宽货币紧信用,豆粕主连,2.8243601055960132
2024-06,宽货币紧信用,10年国债主连,0.9295639675580558
2024-06,宽货币紧信用,30年国债主连,2.8461393951903613
2024-06,宽货币紧信用,PTA主连,0.1335559266475439
2024-06,宽货币紧信用,中证1000主连,-7.5884851115016865
2024-06,宽货币紧信用,中证500主连,-6.216803790022729
2024-06,宽货币紧信用,原油主连,5.173131199167669
2024-06,宽货币紧信用,沪深300主连,-2.991139062973669
2024-06,宽货币紧信用,沪金主连,-0.9589483891659034
2024-06,宽货币紧信用,沪铜主连,-5.256672757577685
2024-06,宽货币紧信用,沪铝主连,-5.971593993963875
2024-06,宽货币紧信用,红利低波ETF,-2.3963133641800805
2024-06,宽货币紧信用,豆粕主连,-3.4620886979960797
2024-07,宽货币紧信用,10年国债主连,0.7548423849343511
2024-07,宽货币紧信用,30年国债主连,1.4613206686734603
2024-07,宽货币紧信用,PTA主连,-3.7012337444797594
2024-07,宽货币紧信用,中证1000主连,2.3367866981143015
2024-07,宽货币紧信用,中证500主连,0.1144778683304093
2024-07,宽货币紧信用,原油主连,-7.713345311693665
2024-07,宽货币紧信用,沪深300主连,0.8503768227559494
2024-07,宽货币紧信用,沪金主连,2.298508963945367
2024-07,宽货币紧信用,沪铜主连,-5.17451465577079
2024-07,宽货币紧信用,沪铝主连,-5.9713049329795815
2024-07,宽货币紧信用,红利低波ETF,-3.3050047212868194
2024-07,宽货币紧信用,豆粕主连,-8.328393598085327
2024-08,宽货币紧信用,10年国债主连,-0.3156996909368881
2024-08,宽货币紧信用,30年国债主连,0.6402600279003856
2024-08,宽货币紧信用,PTA主连,-6.878569107281796
2024-08,宽货币紧信用,中证1000主连,-4.8219277297521295
2024-08,宽货币紧信用,中证500主连,-4.9648644816374095
2024-08,宽货币紧信用,原油主连,-3.7548465492106
2024-08,宽货币紧信用,沪深300主连,-3.457225151499721
2024-08,宽货币紧信用,沪金主连,1.3856053112449862
2024-08,宽货币紧信用,沪铜主连,-0.3896146699744363
2024-08,宽货币紧信用,沪铝主连,3.5478982630817057
2024-08,宽货币紧信用,红利低波ETF,-2.050781250026812
2024-08,宽货币紧信用,豆粕主连,-4.558175060738712
2024-09,宽货币紧信用,10年国债主连,-0.36877689007212
2024-09,宽货币紧信用,30年国债主连,-0.8538558332821355
2024-09,宽货币紧信用,PTA主连,-3.779177473011186
2024-09,宽货币紧信用,中证1000主连,26.520770099704393
2024-09,宽货币紧信用,中证500主连,27.790858258834184
2024-09,宽货币紧信用,原油主连,-2.1745680596661265
2024-09,宽货币紧信用,沪深300主连,24.891523581275333
2024-09,宽货币紧信用,沪金主连,3.615210974141525
2024-09,宽货币紧信用,沪铜主连,6.253590297060274
2024-09,宽货币紧信用,沪铝主连,3.177663994938862
2024-09,宽货币紧信用,红利低波ETF,12.362911266204012
2024-09,宽货币紧信用,豆粕主连,4.063429137649299
2024-10,宽货币紧信用,10年国债主连,0.5552128315580163
2024-10,宽货币紧信用,30年国债主连,1.1422355181572863
2024-10,宽货币紧信用,PTA主连,-5.313823642511428
2024-10,宽货币紧信用,中证1000主连,5.183733293235671
2024-10,宽货币紧信用,中证500主连,0.25359482172675474
2024-10,宽货币紧信用,原油主连,-2.1575624615372435
2024-10,宽货币紧信用,沪深300主连,-6.918567547164811
2024-10,宽货币紧信用,沪金主连,6.525673682866717
2024-10,宽货币紧信用,沪铜主连,-2.930204895956501
2024-10,宽货币紧信用,沪铝主连,1.125033324445912
2024-10,宽货币紧信用,红利低波ETF,-5.678793256434833
2024-10,宽货币紧信用,豆粕主连,-5.015873015896033
2024-11,宽货币紧信用,10年国债主连,0.9956439397500461
2024-11,宽货币紧信用,30年国债主连,2.6163296362209376
2024-11,宽货币紧信用,PTA主连,-2.1960146401685865
2024-11,宽货币紧信用,中证1000主连,1.4708712122363243
2024-11,宽货币紧信用,中证500主连,-0.7511712447628272
2024-11,宽货币紧信用,原油主连,2.000134891109373
2024-11,宽货币紧信用,沪深300主连,0.5195496045220072
2024-11,宽货币紧信用,沪金主连,-2.978343659324456
2024-11,宽货币紧信用,沪铜主连,-3.6311195606511637
2024-11,宽货币紧信用,沪铝主连,-1.5686785464006592
2024-11,宽货币紧信用,红利低波ETF,2.0696142990062505
2024-11,宽货币紧信用,豆粕主连,-0.7445574956669643
2024-12,宽货币宽信用,10年国债主连,1.7135119994161174
2024-12,宽货币宽信用,30年国债主连,3.745416448484451
2024-12,宽货币宽信用,PTA主连,-0.1322504770847832
2024-12,宽货币宽信用,中证1000主连,-2.9225714913233447
2024-12,宽货币宽信用,中证500主连,-1.7638073842621838
2024-12,宽货币宽信用,原油主连,6.019420656414565
2024-12,宽货币宽信用,沪深300主连,0.3884986362911569
2024-12,宽货币宽信用,沪金主连,-0.19392372337145858
2024-12,宽货币宽信用,沪铜主连,-0.12185764819974132
2024-12,宽货币宽信用,沪铝主连,-3.206124637294716
2024-12,宽货币宽信用,红利低波ETF,3.5944700459955348
2024-12,宽货币宽信用,豆粕主连,-3.7486611925023783
2025-01,宽货币宽信用,10年国债主连,0.380996098399522
2025-01,宽货币宽信用,30年国债主连,2.0281073803623206
2025-01,宽货币宽信用,PTA主连,2.044153720285591
2025-01,宽货币宽信用,中证1000主连,-1.0209173244305925
2025-01,宽货币宽信用,中证500主连,-1.8520485934711672
2025-01,宽货币宽信用,原油主连,9.585328630286693
2025-01,宽货币宽信用,沪深300主连,-2.916463809208192
2025-01,宽货币宽信用,沪金主连,4.536355417967597
2025-01,宽货币宽信用,沪铜主连,2.304560193282734
2025-01,宽货币宽信用,沪铝主连,2.170110772664846
2025-01,宽货币宽信用,红利低波ETF,-2.402135231219893
2025-01,宽货币宽信用,豆粕主连,4.673590504500691
2025-02,宽货币宽信用,10年国债主连,-1.0334109348612786
2025-02,宽货币宽信用,30年国债主连,-2.2692165498937933
2025-02,宽货币宽信用,PTA主连,0.04006410239709712
2025-02,宽货币宽信用,中证1000主连,7.5647590534065
2025-02,宽货币宽信用,中证500主连,5.433382855946323
2025-02,宽货币宽信用,原油主连,-5.949450605222895
2025-02,宽货币宽信用,沪深300主连,2.729108238288691
2025-02,宽货币宽信用,沪金主连,3.772939193767111
2025-02,宽货币宽信用,沪铜主连,1.4204182466305504
2025-02,宽货币宽信用,沪铝主连,1.803107973655771
2025-02,宽货币宽信用,红利低波ETF,-1.1850501367396737
2025-02,宽货币宽信用,豆粕主连,3.89794472010645
2025-03,宽货币宽信用,10年国债主连,-0.3556417720297689
2025-03,宽货币宽信用,30年国债主连,-1.5846114735889039
2025-03,宽货币宽信用,PTA主连,-3.0436523829245665
2025-03,宽货币宽信用,中证1000主连,0.7633689370060814
2025-03,宽货币宽信用,中证500主连,0.696079542520267
2025-03,宽货币宽信用,原油主连,0.16907902707115063
2025-03,宽货币宽信用,沪深300主连,-0.11961620159516295
2025-03,宽货币宽信用,沪金主连,8.3625348932155
2025-03,宽货币宽信用,沪铜主连,3.890219687696961
2025-03,宽货币宽信用,沪铝主连,-0.8465443303462217
2025-03,宽货币宽信用,红利低波ETF,2.5830258301613895
2025-03,宽货币宽信用,豆粕主连,-2.5259496235390255
2025-04,宽货币宽信用,10年国债主连,1.0475572447876003
2025-04,宽货币宽信用,30年国债主连,3.977957637351359
2025-04,宽货币宽信用,PTA主连,-9.38276231921985
2025-04,宽货币宽信用,中证1000主连,-3.037354840824835
2025-04,宽货币宽信用,中证500主连,-2.757678716721701
2025-04,宽货币宽信用,原油主连,-12.060356226125357
2025-04,宽货币宽信用,沪深300主连,-2.6852571896203825
2025-04,宽货币宽信用,沪金主连,6.919704028500107
2025-04,宽货币宽信用,沪铜主连,-3.3513077851494155
2025-04,宽货币宽信用,沪铝主连,-2.4804256624289422
2025-04,宽货币宽信用,红利低波ETF,-0.26978417275066446
2025-04,宽货币宽信用,豆粕主连,-2.308464369041352
2025-05,宽货币宽信用,10年国债主连,-0.4585164386186169
2025-05,宽货币宽信用,30年国债主连,-1.3993757412639751
2025-05,宽货币宽信用,PTA主连,5.9990978800265715
2025-05,宽货币宽信用,中证1000主连,2.831794139205557
2025-05,宽货币宽信用,中证500主连,2.169622676951488
2025-05,宽货币宽信用,原油主连,-2.868516517811881
2025-05,宽货币宽信用,沪深300主连,2.7257078136913915
2025-05,宽货币宽信用,沪金主连,-1.3522840563577554
2025-05,宽货币宽信用,沪铜主连,0.8920048714351259
2025-05,宽货币宽信用,沪铝主连,1.184774388736809
2025-05,宽货币宽信用,红利低波ETF,4.508566275934789
2025-05,宽货币宽信用,豆粕主连,1.643835616624889
2025-06,宽货币宽信用,10年国债主连,0.1563577835016705
2025-06,宽货币宽信用,30年国债主连,0.8458253078522437
2025-06,宽货币宽信用,PTA主连,2.0851063829557592
2025-06,宽货币宽信用,中证1000主连,6.73659747561175
2025-06,宽货币宽信用,中证500主连,5.286590985013184
2025-06,宽货币宽信用,原油主连,12.70573952195475
2025-06,宽货币宽信用,沪深300主连,3.4010343115493002
2025-06,宽货币宽信用,沪金主连,-0.8366041600596841
2025-06,宽货币宽信用,沪铜主连,3.095317258012509
2025-06,宽货币宽信用,沪铝主连,3.142373303740076
2025-06,宽货币宽信用,红利低波ETF,2.3295944782322664
2025-06,宽货币宽信用,豆粕主连,-0.235849056694859
2025-07,宽货币宽信用,10年国债主连,-0.37650948182889055
2025-07,宽货币宽信用,30年国债主连,-1.0795548912371
2025-07,宽货币宽信用,PTA主连,0.20842017505393606
2025-07,宽货币宽信用,中证1000主连,5.962753015445599
2025-07,宽货币宽信用,中证500主连,6.439482139054098
2025-07,宽货币宽信用,原油主连,9.98938020178375
2025-07,宽货币宽信用,沪深300主连,4.110850032714941
2025-07,宽货币宽信用,沪金主连,0.35175486613279183
2025-07,宽货币宽信用,沪铜主连,-2.376997182855445
2025-07,宽货币宽信用,沪铝主连,-0.1691090754783353
2025-07,宽货币宽信用,红利低波ETF,-0.5059021921273055
2025-07,宽货币宽信用,豆粕主连,1.317122593719855
2025-08,宽货币紧信用,10年国债主连,-0.525543784287974
2025-08,宽货币紧信用,30年国债主连,-1.6491714487626097
2025-08,宽货币紧信用,PTA主连,-1.215001376784608
2025-08,宽货币紧信用,中证1000主连,12.66926734455469
2025-08,宽货币紧信用,中证500主连,14.222612216263597
2025-08,宽货币紧信用,原油主连,-8.881590885875701
2025-08,宽货币紧信用,沪深300主连,11.06921253220845
2025-08,宽货币紧信用,沪金主连,1.9265721551800397
2025-08,宽货币紧信用,沪铜主连,1.7943924977101844
2025-08,宽货币紧信用,沪铝主连,1.2188706069067967
2025-08,宽货币紧信用,红利低波ETF,1.186440677978351
2025-08,宽货币紧信用,豆粕主连,0.799999999860046
2025-09,宽货币紧信用,10年国债主连,0.03246452095138075
2025-09,宽货币紧信用,30年国债主连,-2.273702273819267
2025-09,宽货币紧信用,PTA主连,-3.971571906237259
2025-09,宽货币紧信用,中证1000主连,4.0346887989911595
2025-09,宽货币紧信用,中证500主连,6.88273847266323
2025-09,宽货币紧信用,原油主连,-1.4239098458551758
2025-09,宽货币紧信用,沪深300主连,3.372144168167579
2025-09,宽货币紧信用,沪金主连,11.046201518752774
2025-09,宽货币紧信用,沪铜主连,4.659362800714373
2025-09,宽货币紧信用,沪铝主连,-0.31300846084579836
2025-09,宽货币紧信用,红利低波ETF,-4.606365159109904
2025-09,宽货币紧信用,豆粕主连,-4.157119476200155
2025-10,宽货币紧信用,10年国债主连,0.7742593536252729
2025-10,宽货币紧信用,30年国债主连,2.4407374888897992
2025-10,宽货币紧信用,PTA主连,-0.1741401829340239
2025-10,宽货币紧信用,中证1000主连,0.2570943859513619
2025-10,宽货币紧信用,中证500主连,0.5669324036985834
2025-10,宽货币紧信用,原油主连,-4.590419056497852
2025-10,宽货币紧信用,沪深300主连,1.1180433345208796
2025-10,宽货币紧信用,沪金主连,5.434583714835584
2025-10,宽货币紧信用,沪铜主连,4.631601976695743
2025-10,宽货币紧信用,沪铝主连,2.9240551778053403
2025-10,宽货币紧信用,红利低波ETF,4.302019314981331
2025-10,宽货币紧信用,豆粕主连,3.176229508084938
2025-11,宽货币紧信用,10年国债主连,-0.5065574232975156
2025-11,宽货币紧信用,30年国债主连,-1.6987695660634738
2025-11,宽货币紧信用,PTA主连,2.48582642793862
2025-11,宽货币紧信用,中证1000主连,-1.435040104312657
2025-11,宽货币紧信用,中证500主连,-3.644808598454352
2025-11,宽货币紧信用,原油主连,-1.5827111284969053
2025-11,宽货币紧信用,沪深300主连,-2.674365336014062
2025-11,宽货币紧信用,沪金主连,3.1918936820199084
2025-11,宽货币紧信用,沪铜主连,0.4476958085886107
2025-11,宽货币紧信用,沪铝主连,1.266072447296951
2025-11,宽货币紧信用,红利低波ETF,1.3468013468337592
2025-11,宽货币紧信用,豆粕主连,0.7613373055969319
2025-12,宽货币紧信用,10年国债主连,-0.07411524912573908
2025-12,宽货币紧信用,30年国债主连,-2.690191283360499
2025-12,宽货币紧信用,PTA主连,7.387962187164376
2025-12,宽货币紧信用,中证1000主连,5.12634684323956
2025-12,宽货币紧信用,中证500主连,7.3216570239388545
2025-12,宽货币紧信用,原油主连,-4.954983480944208
2025-12,宽货币紧信用,沪深300主连,3.034054682004461
2025-12,宽货币紧信用,沪金主连,2.4781952364789195
2025-12,宽货币紧信用,沪铜主连,12.242452240684475
2025-12,宽货币紧信用,沪铝主连,5.824668845399272
2025-12,宽货币紧信用,红利低波ETF,-2.325581395520948
2025-12,宽货币紧信用,豆粕主连,-3.374340948987975
