资产,周期划分,样本月数,样本用途,月均收益(%),月收益中位数(%),月收益标准差(%),年化收益(%),年化波动率(%),胜率(%),25%分位数(%),75%分位数(%),最小月收益(%),最大月收益(%)
10年国债主连,宽货币宽信用,48,主检验,0.22954434634415918,0.32346950114965356,0.8915564140089454,2.741718923741243,3.088442013754812,64.58333333333334,-0.3608586994795493,0.8753675940528838,-1.5527793230680875,1.9735077181315397
10年国债主连,宽货币紧信用,69,主检验,0.26036058326615374,0.33275314829690483,0.8949102049320082,3.120598290093124,3.1000598863082285,66.66666666666666,-0.17383059419715519,0.8207902384121057,-3.0983614926066716,2.4098274961595445
10年国债主连,紧货币宽信用,1,仅描述,-1.6999183752533065,-1.6999183752533065,,-18.595850828840987,,0.0,-1.6999183752533065,-1.6999183752533065,-1.6999183752533065,-1.6999183752533065
10年国债主连,紧货币紧信用,14,主检验,0.007396040557585058,0.29657140196550635,1.1245100738690326,0.017876810610695237,3.8954171631283914,64.28571428571429,-0.5973655207386269,0.679133135090032,-2.636831599944933,1.6548212579744037
30年国债主连,宽货币宽信用,48,主检验,0.498396133377432,0.8724758024112877,2.0602292110708222,5.883833305790298,7.136843337624417,56.25,-1.0843701230974778,2.055108489589552,-4.914883462465324,4.188370108767425
30年国债主连,宽货币紧信用,69,主检验,0.6651207977799389,0.8970438326123098,1.7857989591083585,8.077037660688724,6.186189058558585,69.56521739130434,-0.384579307656574,2.0648670977438943,-4.198883141891319,4.0329714902859415
30年国债主连,紧货币宽信用,1,仅描述,-1.8304116358807132,-1.8304116358807132,,-19.883191711134597,,0.0,-1.8304116358807132,-1.8304116358807132,-1.8304116358807132,-1.8304116358807132
30年国债主连,紧货币紧信用,14,主检验,-0.23007736522199235,-0.4638201130225228,1.276876178274407,-2.8144870709659653,4.423228831491296,35.714285714285715,-1.053906861259077,0.4676662898215611,-1.7745991727836419,2.242912857014945
PTA主连,宽货币宽信用,48,主检验,-0.8963944870064221,-0.07972356488064603,6.532668601453295,-12.595428427817767,22.629827853454056,47.91666666666667,-3.6225938431801024,2.3668149587508234,-24.51994586095151,17.234042552997497
PTA主连,宽货币紧信用,69,主检验,1.0532373837908444,0.5390835579921482,7.39501401389685,9.973519023764199,25.617079989506404,52.17391304347826,-3.835540838799656,5.654450261859045,-14.274631497342527,30.72693125810435
PTA主连,紧货币宽信用,1,仅描述,3.6656891494287303,3.6656891494287303,,54.03537481256493,,100.0,3.6656891494287303,3.6656891494287303,3.6656891494287303,3.6656891494287303
PTA主连,紧货币紧信用,14,主检验,-0.5247476878164721,0.29098105187748136,4.900155444487604,-7.418008066744363,16.97463638967557,57.14285714285714,-2.5095172532566155,2.512948121566938,-12.212643677951407,7.210548001682393
中证1000主连,宽货币宽信用,48,主检验,1.2437061984967357,0.7615024225413936,8.930994505665502,10.490099690128684,30.937872491862276,58.333333333333336,-2.7386143919613026,6.004858494042564,-30.417548332134015,22.22193395114047
中证1000主连,宽货币紧信用,69,主检验,1.202052329803542,0.33581678854055497,8.61738562801204,10.688690951570855,29.851499472261377,53.62318840579711,-4.130211134289718,5.12634684323956,-18.7152993218189,27.96238725427238
中证1000主连,紧货币宽信用,1,仅描述,-2.2389588838302554,-2.2389588838302554,,-23.793886044241354,,0.0,-2.2389588838302554,-2.2389588838302554,-2.2389588838302554,-2.2389588838302554
中证1000主连,紧货币紧信用,14,主检验,-0.9151234323719813,-1.349147483689811,3.6908179542182102,-11.136628253561454,12.785368436386724,35.714285714285715,-3.207092582773749,2.824737520458359,-6.950727401186352,3.9258648659830753
中证500主连,宽货币宽信用,48,主检验,2.2362298541862953,1.7640284637085557,7.779709211474804,25.928600045364234,26.949703244771936,70.83333333333334,-0.7629555469414379,5.4270029088290315,-22.62180679953847,21.581620035290715
中证500主连,宽货币紧信用,69,主检验,1.2847354843351848,0.25359482172675474,8.0197763625226,12.461744897557935,27.781320250458126,55.072463768115945,-2.9112458695570664,3.9704623740043132,-16.85534685475497,27.790858258834184
中证500主连,紧货币宽信用,1,仅描述,0.5133320585978929,0.5133320585978929,,6.336911724916505,,100.0,0.5133320585978929,0.5133320585978929,0.5133320585978929,0.5133320585978929
中证500主连,紧货币紧信用,14,主检验,0.7531977252433834,1.4805297902272807,3.712481122531126,8.59083751643135,12.860411852728497,57.14285714285714,-2.21423723760277,3.85958074036582,-6.032264245906194,6.40587686138987
原油主连,宽货币宽信用,48,主检验,-0.9375334115312152,0.514006581380666,10.676145977564305,-16.79112474894562,36.98325452432695,54.166666666666664,-7.4417501613296775,5.665210632263956,-27.589857076717806,25.4454653086998
原油主连,宽货币紧信用,69,主检验,1.4558084706311825,1.26838873702535,9.166587623952012,13.322151155919304,31.753990993433913,52.17391304347826,-4.688681398620409,7.5572519083487055,-22.956711502953585,25.10812528886237
原油主连,紧货币宽信用,1,仅描述,-1.004405286334853,-1.004405286334853,,-11.408831903007377,,0.0,-1.004405286334853,-1.004405286334853,-1.004405286334853,-1.004405286334853
原油主连,紧货币紧信用,14,主检验,1.8673302799532874,1.5367170929346197,6.100440679771183,22.396473230587976,21.132546411847414,50.0,-4.066276934595817,7.437374202035279,-5.846550152345731,10.129310344615106
沪深300主连,宽货币宽信用,48,主检验,1.466129780193046,2.5174854009054504,6.912843485415266,15.779412440595841,23.946792283021527,62.5,-1.366090539587289,5.191522827131667,-17.869448141707057,16.310291000326327
沪深300主连,宽货币紧信用,69,主检验,0.16557776392309442,-0.11112787202068874,6.292910931017395,-0.25223272363001925,21.799282920055386,49.275362318840585,-4.3611960740092215,2.3093785953158585,-10.637564600000038,24.891523581275333
沪深300主连,紧货币宽信用,1,仅描述,2.936479989505858,2.936479989505858,,41.5245415370517,,100.0,2.936479989505858,2.936479989505858,2.936479989505858,2.936479989505858
沪深300主连,紧货币紧信用,14,主检验,1.4451850927841268,1.778506955491388,3.105829052250959,18.156271723445872,10.758907436244309,71.42857142857143,0.020109735303730503,3.1509168053773626,-6.58414321948646,5.6307290556436795
沪金主连,宽货币宽信用,48,主检验,1.3529612040772552,0.5110926764381185,4.385798004200262,16.218869698435647,15.192849950018067,54.166666666666664,-1.479400302219891,4.069524394409784,-8.359588322106859,10.690457718879731
沪金主连,宽货币紧信用,69,主检验,0.9542873132847111,0.9316319873354795,3.4029097677010576,11.326675159423427,11.788025222461274,59.42028985507246,-1.129326047490975,3.0059044550526437,-6.870503317660592,11.046201518752774
沪金主连,紧货币宽信用,1,仅描述,-1.3819789939994442,-1.3819789939994442,,-15.379536820810669,,0.0,-1.3819789939994442,-1.3819789939994442,-1.3819789939994442,-1.3819789939994442
沪金主连,紧货币紧信用,14,主检验,-0.07099892309667354,-0.3946179482515966,1.8425609926710522,-1.0330056077017535,6.382818510701616,35.714285714285715,-1.41437199704417,0.5645970624276353,-2.1835611574306912,5.082212257083563
沪铜主连,宽货币宽信用,48,主检验,0.5194504538640224,0.14149762989992265,5.249446680309621,4.74823041850887,18.18461672384008,54.166666666666664,-1.9027741884337368,2.7276192079094264,-12.13552480149087,19.537208214272294
沪铜主连,宽货币紧信用,69,主检验,0.9402054910747915,0.4476958085886107,5.213695775826692,10.1495463211974,18.06077195787813,59.42028985507246,-2.1765200972317045,3.463381599725812,-14.10609478387289,17.993615019756714
沪铜主连,紧货币宽信用,1,仅描述,5.5824175822474675,5.5824175822474675,,91.91071561398391,,100.0,5.5824175822474675,5.5824175822474675,5.5824175822474675,5.5824175822474675
沪铜主连,紧货币紧信用,14,主检验,0.1684918391249251,-1.2301455697189767,3.8084234778253565,1.2291586899473295,13.192765920663362,35.714285714285715,-2.304398626379495,3.807238137115676,-4.909952618756785,6.623401572952536
沪铝主连,宽货币宽信用,48,主检验,0.6648955493217028,0.3450419250751069,4.805310134641934,6.833829706379557,16.646082598650942,52.083333333333336,-1.9623398316156422,3.1489365473628075,-12.01328365633697,14.914425427811828
沪铝主连,宽货币紧信用,69,主检验,0.7708295432816588,-0.07843783652746739,4.93159552657146,8.132033917568183,17.08354802880232,47.82608695652174,-2.3704547884450866,3.5478982630817057,-12.069637647400167,16.359296119101852
沪铝主连,紧货币宽信用,1,仅描述,7.785726374419055,7.785726374419055,,145.88669731728623,,100.0,7.785726374419055,7.785726374419055,7.785726374419055,7.785726374419055
沪铝主连,紧货币紧信用,14,主检验,-0.4968589768529515,-1.0861169519712277,5.341387342672174,-7.283645144021023,18.503108520827038,35.714285714285715,-2.2970444494448516,1.2618863318244855,-10.999083409566978,12.541445078477299
红利低波ETF,宽货币宽信用,48,主检验,0.4467738201970776,1.0019147519353289,5.853880626392004,3.3278703323534664,20.27843733270815,56.25,-1.6902773975526142,3.7242232544303033,-18.393978267704693,14.798598949085884
红利低波ETF,宽货币紧信用,69,主检验,1.1097835161260496,1.186440677978351,5.506125498758561,12.213318423800246,19.073778233400702,55.072463768115945,-3.1512605043512942,3.6729857819620904,-8.261055002528927,17.738161659124295
红利低波ETF,紧货币宽信用,1,仅描述,3.195467934399998,3.195467934399998,,45.857073669444844,,100.0,3.195467934399998,3.195467934399998,3.195467934399998,3.195467934399998
红利低波ETF,紧货币紧信用,14,主检验,0.8796024486972357,1.1955551186201396,3.1275776087485383,10.481999051098079,10.834246645934487,71.42857142857143,-0.24230179019644194,2.28930892606215,-5.748858614719055,6.491590366060218
豆粕主连,宽货币宽信用,48,主检验,0.8866554741383815,0.22082291356706474,5.38342093058653,9.362545448965376,18.64871714061119,54.166666666666664,-2.3628356826657706,3.4399838434450936,-12.649058140411695,15.836177474420587
豆粕主连,宽货币紧信用,69,主检验,0.529058900723628,0.11750881312888595,5.343995007084451,4.793941814267599,18.51214173532934,50.72463768115942,-3.374340948987975,4.063429137649299,-9.628735285195,14.328004736364353
豆粕主连,紧货币宽信用,1,仅描述,3.9243667495313383,3.9243667495313383,,58.71158995848502,,100.0,3.9243667495313383,3.9243667495313383,3.9243667495313383,3.9243667495313383
豆粕主连,紧货币紧信用,14,主检验,0.8499336593513422,1.3969256991104295,4.311645727298878,9.559788270687797,14.935978927837843,64.28571428571429,-1.7394747145665717,3.2561567409817305,-6.6452304393405,6.856127886442986
