资产,周期划分,年化收益(%),月均收益(%),胜率(%),该资产最佳周期,该资产最佳周期年化收益(%),与最佳周期差距(百分点),三周期年化收益中位数(%),明显较差判定阈值(百分点),是否剔除,剔除原因
10年国债主连,宽货币紧信用,3.120598290093124,0.26036058326615374,66.66666666666666,宽货币紧信用,3.120598290093124,0.0,2.741718923741243,10.0,False,保留
10年国债主连,宽货币宽信用,2.741718923741243,0.22954434634415918,64.58333333333334,宽货币紧信用,3.120598290093124,0.3788793663518808,2.741718923741243,10.0,False,保留
10年国债主连,紧货币紧信用,0.017876810610695237,0.007396040557585058,64.28571428571429,宽货币紧信用,3.120598290093124,3.1027214794824287,2.741718923741243,10.0,False,保留
30年国债主连,宽货币紧信用,8.077037660688724,0.6651207977799389,69.56521739130434,宽货币紧信用,8.077037660688724,0.0,5.883833305790298,10.0,False,保留
30年国债主连,宽货币宽信用,5.883833305790298,0.498396133377432,56.25,宽货币紧信用,8.077037660688724,2.193204354898426,5.883833305790298,10.0,False,保留
30年国债主连,紧货币紧信用,-2.8144870709659653,-0.23007736522199235,35.714285714285715,宽货币紧信用,8.077037660688724,10.89152473165469,5.883833305790298,10.0,True,较最佳周期低 10.9 个百分点，且不高于三周期中位数
PTA主连,宽货币紧信用,9.973519023764199,1.0532373837908444,52.17391304347826,宽货币紧信用,9.973519023764199,0.0,-7.418008066744363,10.0,False,保留
PTA主连,宽货币宽信用,-12.595428427817767,-0.8963944870064221,47.91666666666667,宽货币紧信用,9.973519023764199,22.568947451581966,-7.418008066744363,10.0,True,较最佳周期低 22.6 个百分点，且不高于三周期中位数
PTA主连,紧货币紧信用,-7.418008066744363,-0.5247476878164721,57.14285714285714,宽货币紧信用,9.973519023764199,17.39152709050856,-7.418008066744363,10.0,True,较最佳周期低 17.4 个百分点，且不高于三周期中位数
中证1000主连,宽货币紧信用,10.688690951570855,1.202052329803542,53.62318840579711,宽货币紧信用,10.688690951570855,0.0,10.490099690128684,10.0,False,保留
中证1000主连,宽货币宽信用,10.490099690128684,1.2437061984967357,58.333333333333336,宽货币紧信用,10.688690951570855,0.19859126144217143,10.490099690128684,10.0,False,保留
中证1000主连,紧货币紧信用,-11.136628253561454,-0.9151234323719813,35.714285714285715,宽货币紧信用,10.688690951570855,21.82531920513231,10.490099690128684,10.0,True,较最佳周期低 21.8 个百分点，且不高于三周期中位数
中证500主连,宽货币紧信用,12.461744897557935,1.2847354843351848,55.072463768115945,宽货币宽信用,25.928600045364234,13.4668551478063,12.461744897557935,10.0,True,较最佳周期低 13.5 个百分点，且不高于三周期中位数
中证500主连,宽货币宽信用,25.928600045364234,2.2362298541862953,70.83333333333334,宽货币宽信用,25.928600045364234,0.0,12.461744897557935,10.0,False,保留
中证500主连,紧货币紧信用,8.59083751643135,0.7531977252433834,57.14285714285714,宽货币宽信用,25.928600045364234,17.337762528932885,12.461744897557935,10.0,True,较最佳周期低 17.3 个百分点，且不高于三周期中位数
原油主连,宽货币紧信用,13.322151155919304,1.4558084706311825,52.17391304347826,紧货币紧信用,22.396473230587976,9.074322074668672,13.322151155919304,10.0,False,保留
原油主连,宽货币宽信用,-16.79112474894562,-0.9375334115312152,54.166666666666664,紧货币紧信用,22.396473230587976,39.18759797953359,13.322151155919304,10.0,True,较最佳周期低 39.2 个百分点，且不高于三周期中位数
原油主连,紧货币紧信用,22.396473230587976,1.8673302799532874,50.0,紧货币紧信用,22.396473230587976,0.0,13.322151155919304,10.0,False,保留
沪深300主连,宽货币紧信用,-0.25223272363001925,0.16557776392309442,49.275362318840585,紧货币紧信用,18.156271723445872,18.40850444707589,15.779412440595841,10.0,True,较最佳周期低 18.4 个百分点，且不高于三周期中位数
沪深300主连,宽货币宽信用,15.779412440595841,1.466129780193046,62.5,紧货币紧信用,18.156271723445872,2.376859282850031,15.779412440595841,10.0,False,保留
沪深300主连,紧货币紧信用,18.156271723445872,1.4451850927841268,71.42857142857143,紧货币紧信用,18.156271723445872,0.0,15.779412440595841,10.0,False,保留
沪金主连,宽货币紧信用,11.326675159423427,0.9542873132847111,59.42028985507246,宽货币宽信用,16.218869698435647,4.89219453901222,11.326675159423427,10.0,False,保留
沪金主连,宽货币宽信用,16.218869698435647,1.3529612040772552,54.166666666666664,宽货币宽信用,16.218869698435647,0.0,11.326675159423427,10.0,False,保留
沪金主连,紧货币紧信用,-1.0330056077017535,-0.07099892309667354,35.714285714285715,宽货币宽信用,16.218869698435647,17.2518753061374,11.326675159423427,10.0,True,较最佳周期低 17.3 个百分点，且不高于三周期中位数
沪铜主连,宽货币紧信用,10.1495463211974,0.9402054910747915,59.42028985507246,宽货币紧信用,10.1495463211974,0.0,4.74823041850887,10.0,False,保留
沪铜主连,宽货币宽信用,4.74823041850887,0.5194504538640224,54.166666666666664,宽货币紧信用,10.1495463211974,5.4013159026885305,4.74823041850887,10.0,False,保留
沪铜主连,紧货币紧信用,1.2291586899473295,0.1684918391249251,35.714285714285715,宽货币紧信用,10.1495463211974,8.92038763125007,4.74823041850887,10.0,False,保留
沪铝主连,宽货币紧信用,8.132033917568183,0.7708295432816588,47.82608695652174,宽货币紧信用,8.132033917568183,0.0,6.833829706379557,10.0,False,保留
沪铝主连,宽货币宽信用,6.833829706379557,0.6648955493217028,52.083333333333336,宽货币紧信用,8.132033917568183,1.2982042111886258,6.833829706379557,10.0,False,保留
沪铝主连,紧货币紧信用,-7.283645144021023,-0.4968589768529515,35.714285714285715,宽货币紧信用,8.132033917568183,15.415679061589206,6.833829706379557,10.0,True,较最佳周期低 15.4 个百分点，且不高于三周期中位数
红利低波ETF,宽货币紧信用,12.213318423800246,1.1097835161260496,55.072463768115945,宽货币紧信用,12.213318423800246,0.0,10.481999051098079,10.0,False,保留
红利低波ETF,宽货币宽信用,3.3278703323534664,0.4467738201970776,56.25,宽货币紧信用,12.213318423800246,8.88544809144678,10.481999051098079,10.0,False,保留
红利低波ETF,紧货币紧信用,10.481999051098079,0.8796024486972357,71.42857142857143,宽货币紧信用,12.213318423800246,1.731319372702167,10.481999051098079,10.0,False,保留
豆粕主连,宽货币紧信用,4.793941814267599,0.529058900723628,50.72463768115942,紧货币紧信用,9.559788270687797,4.765846456420197,9.362545448965376,10.0,False,保留
豆粕主连,宽货币宽信用,9.362545448965376,0.8866554741383815,54.166666666666664,紧货币紧信用,9.559788270687797,0.1972428217224209,9.362545448965376,10.0,False,保留
豆粕主连,紧货币紧信用,9.559788270687797,0.8499336593513422,64.28571428571429,紧货币紧信用,9.559788270687797,0.0,9.362545448965376,10.0,False,保留
