date,策略名称,周期划分,资产池,风险平价资产池,风险平价入选资产数,股指期货信号,股指期货仓位,沪深300主连,10年国债主连,沪金主连,豆粕主连,中证1000主连,中证500主连,30年国债主连,红利低波ETF,沪铜主连,沪铝主连,PTA主连,原油主连,资金占用比例
2018-01-02,货币信用周期策略0.2（股指信号）,紧货币紧信用,10年国债主连、原油主连、沪深300主连、沪铜主连、红利低波ETF、豆粕主连,10年国债主连、沪铜主连、豆粕主连,3,1.0,0.3,0.15,0.45174738491830657,0.0,0.13909493412558277,0.0,0.15,0.0,0.0,0.1091576809561105,0.0,0.0,0.0,0.08884125501226112
2018-02-01,货币信用周期策略0.2（股指信号）,紧货币紧信用,10年国债主连、原油主连、沪深300主连、沪铜主连、红利低波ETF、豆粕主连,10年国债主连、沪铜主连、豆粕主连,3,1.0,0.3,0.15,0.44479650524932995,0.0,0.15739381247882156,0.0,0.15,0.0,0.0,0.0978096822718484,0.0,0.0,0.0,0.0892306574169758
2018-03-01,货币信用周期策略0.2（股指信号）,紧货币紧信用,10年国债主连、原油主连、沪深300主连、沪铜主连、红利低波ETF、豆粕主连,10年国债主连、沪铜主连、豆粕主连,3,1.0,0.3,0.15,0.4354772268437987,0.0,0.17079302883397393,0.0,0.15,0.0,0.0,0.09372974432222732,0.0,0.0,0.0,0.09008678351106796
2018-04-02,货币信用周期策略0.2（股指信号）,宽货币紧信用,10年国债主连、30年国债主连、PTA主连、中证1000主连、原油主连、沪金主连、沪铜主连、沪铝主连、红利低波ETF、豆粕主连,10年国债主连、PTA主连、原油主连、沪金主连、沪铜主连、沪铝主连、豆粕主连,7,-1.0,0.0,0.0,0.477863832379789,0.13033915628980336,0.11421084191450952,0.0,0.0,0.0,0.0,0.058321960353288654,0.07746974911038113,0.08818616209830098,0.05360829785392742,0.11716194540368102
2018-05-02,货币信用周期策略0.2（股指信号）,宽货币紧信用,10年国债主连、30年国债主连、PTA主连、中证1000主连、原油主连、沪金主连、沪铜主连、沪铝主连、红利低波ETF、豆粕主连,10年国债主连、PTA主连、原油主连、沪金主连、沪铜主连、沪铝主连、豆粕主连,7,-1.0,0.0,0.0,0.4274382012276151,0.15320971775878503,0.10537154081031275,0.0,0.0,0.0,0.0,0.0779431182000188,0.0618748120604744,0.11424653275978612,0.0599160771830078,0.1282489004178959
2018-06-01,货币信用周期策略0.2（股指信号）,宽货币紧信用,10年国债主连、30年国债主连、PTA主连、中证1000主连、原油主连、沪金主连、沪铜主连、沪铝主连、红利低波ETF、豆粕主连,10年国债主连、PTA主连、原油主连、沪金主连、沪铜主连、沪铝主连、豆粕主连,7,-1.0,0.0,0.0,0.38685979807526233,0.17397925204138795,0.08576122898520727,0.0,0.0,0.0,0.0,0.09558023490085692,0.08268116920098922,0.11207402562921599,0.06306429116708039,0.13728962747827497
2018-07-02,货币信用周期策略0.2（股指信号）,宽货币紧信用,10年国债主连、30年国债主连、PTA主连、中证1000主连、原油主连、沪金主连、沪铜主连、沪铝主连、红利低波ETF、豆粕主连,10年国债主连、PTA主连、原油主连、沪金主连、沪铜主连、沪铝主连、豆粕主连,7,-1.0,0.0,0.0,0.4416560184560171,0.17155109788563705,0.0873184461084203,0.0,0.0,0.0,0.0,0.06840030007002094,0.07295719235828876,0.08945438094491792,0.06866256417669797,0.13022356994918238
2018-08-01,货币信用周期策略0.2（股指信号）,宽货币紧信用,10年国债主连、30年国债主连、PTA主连、中证1000主连、原油主连、沪金主连、沪铜主连、沪铝主连、红利低波ETF、豆粕主连,10年国债主连、PTA主连、原油主连、沪金主连、沪铜主连、沪铝主连、豆粕主连,7,-1.0,0.0,0.0,0.38314650534455236,0.19418230358300986,0.09322558731981437,0.0,0.0,0.0,0.0,0.05955150635744788,0.08826325650178293,0.1151256214829735,0.06650521941041909,0.140572421909349
2018-09-03,货币信用周期策略0.2（股指信号）,宽货币紧信用,10年国债主连、30年国债主连、PTA主连、中证1000主连、原油主连、沪金主连、沪铜主连、沪铝主连、红利低波ETF、豆粕主连,10年国债主连、PTA主连、原油主连、沪金主连、沪铜主连、沪铝主连、豆粕主连,7,-1.0,0.0,0.0,0.3737639070413076,0.18564429707849348,0.07455979744471236,0.0,0.0,0.0,0.0,0.07190978841822154,0.10649060462094512,0.12245818129647268,0.06517342409984733,0.14123472394444164
2018-10-08,货币信用周期策略0.2（股指信号）,宽货币紧信用,10年国债主连、30年国债主连、PTA主连、中证1000主连、原油主连、沪金主连、沪铜主连、沪铝主连、红利低波ETF、豆粕主连,10年国债主连、PTA主连、原油主连、沪金主连、沪铜主连、沪铝主连、豆粕主连,7,-1.0,0.0,0.0,0.3864525969042258,0.18351068143992344,0.0884728249197478,0.0,0.0,0.0,0.0,0.08257718067595864,0.1016256654941589,0.07796941633764072,0.07939163422834473,0.14067835208303947
2018-11-01,货币信用周期策略0.2（股指信号）,宽货币紧信用,10年国债主连、30年国债主连、PTA主连、中证1000主连、原油主连、沪金主连、沪铜主连、沪铝主连、红利低波ETF、豆粕主连,10年国债主连、PTA主连、原油主连、沪金主连、沪铜主连、沪铝主连、豆粕主连,7,-1.0,0.0,0.0,0.46962354689900987,0.19157090812054936,0.07706179942605484,0.0,0.0,0.0,0.0,0.07180656480171595,0.08387274792418442,0.05737352318498818,0.048690909643497274,0.12564175693512739
2018-12-03,货币信用周期策略0.2（股指信号）,宽货币紧信用,10年国债主连、30年国债主连、PTA主连、中证1000主连、原油主连、沪金主连、沪铜主连、沪铝主连、红利低波ETF、豆粕主连,10年国债主连、PTA主连、原油主连、沪金主连、沪铜主连、沪铝主连、豆粕主连,7,-1.0,0.0,0.0,0.4512258690991647,0.22824808334613322,0.05252466215872331,0.0,0.0,0.0,0.0,0.09402295874181137,0.10283782750171613,0.04089470818917328,0.030245890963278146,0.1301468274444033
2019-01-02,货币信用周期策略0.2（股指信号）,宽货币宽信用,10年国债主连、30年国债主连、中证1000主连、中证500主连、沪深300主连、沪金主连、沪铜主连、沪铝主连、红利低波ETF、豆粕主连,10年国债主连、沪金主连、沪铜主连、沪铝主连、豆粕主连,5,-1.0,0.0,0.0,0.44858579385139086,0.2577580763797316,0.06960522194268001,0.0,0.0,0.0,0.0,0.10144703150525235,0.12260387632094519,0.0,0.0,0.12828373033734963
2019-02-01,货币信用周期策略0.2（股指信号）,宽货币宽信用,10年国债主连、30年国债主连、中证1000主连、中证500主连、沪深300主连、沪金主连、沪铜主连、沪铝主连、红利低波ETF、豆粕主连,10年国债主连、沪金主连、沪铜主连、沪铝主连、红利低波ETF、豆粕主连,6,1.0,0.3,0.15,0.29752408784614376,0.1646854020210653,0.045220144296035596,0.0,0.15,0.0,0.05673747871159423,0.06482231768670224,0.07101056943845889,0.0,0.0,0.1798993741721565
2019-03-01,货币信用周期策略0.2（股指信号）,宽货币宽信用,10年国债主连、30年国债主连、中证1000主连、中证500主连、沪深300主连、沪金主连、沪铜主连、沪铝主连、红利低波ETF、豆粕主连,10年国债主连、沪金主连、沪铜主连、沪铝主连、红利低波ETF、豆粕主连,6,1.0,0.3,0.15,0.27216794941046885,0.15123629471729721,0.05109048910472681,0.0,0.15,0.0,0.060164229316687974,0.08106340380224401,0.08427763364857506,0.0,0.0,0.18441092014853847
2019-04-01,货币信用周期策略0.2（股指信号）,宽货币宽信用,10年国债主连、30年国债主连、中证1000主连、中证500主连、沪深300主连、沪金主连、沪铜主连、沪铝主连、红利低波ETF、豆粕主连,10年国债主连、沪金主连、沪铜主连、沪铝主连、红利低波ETF、豆粕主连,6,1.0,0.3,0.15,0.3271722465360736,0.0913571053363485,0.05484709676280135,0.0,0.15,0.0,0.05482741397773897,0.07313156123049865,0.09866457615653884,0.0,0.0,0.16520421419640857
2019-05-06,货币信用周期策略0.2（股指信号）,宽货币宽信用,10年国债主连、30年国债主连、中证1000主连、中证500主连、沪深300主连、沪金主连、沪铜主连、沪铝主连、红利低波ETF、豆粕主连,10年国债主连、沪金主连、沪铜主连、沪铝主连、红利低波ETF、豆粕主连,6,1.0,0.3,0.15,0.2550482487154705,0.10943086784516,0.06549904283847977,0.0,0.15,0.0,0.04742227202830551,0.0916281564412877,0.1309714121312965,0.0,0.0,0.17056992778345292
2019-06-03,货币信用周期策略0.2（股指信号）,宽货币宽信用,10年国债主连、30年国债主连、中证1000主连、中证500主连、沪深300主连、沪金主连、沪铜主连、沪铝主连、红利低波ETF、豆粕主连,10年国债主连、沪金主连、沪铜主连、沪铝主连、红利低波ETF、豆粕主连,6,1.0,0.3,0.15,0.30260621871692583,0.12555624454478154,0.07244660355641028,0.0,0.15,0.0,0.039610364910521716,0.065666801262393,0.09411376700896756,0.0,0.0,0.15931421823673472
2019-07-01,货币信用周期策略0.2（股指信号）,宽货币宽信用,10年国债主连、30年国债主连、中证1000主连、中证500主连、沪深300主连、沪金主连、沪铜主连、沪铝主连、红利低波ETF、豆粕主连,10年国债主连、沪金主连、沪铜主连、沪铝主连、红利低波ETF、豆粕主连,6,1.0,0.3,0.15,0.3305779834860085,0.0960614425031187,0.05590102327797605,0.0,0.15,0.0,0.051369667860755454,0.07647485342710061,0.08961502944504066,0.0,0.0,0.1623728356344584
2019-08-01,货币信用周期策略0.2（股指信号）,宽货币宽信用,10年国债主连、30年国债主连、中证1000主连、中证500主连、沪深300主连、沪金主连、沪铜主连、沪铝主连、红利低波ETF、豆粕主连,10年国债主连、沪金主连、沪铜主连、沪铝主连、红利低波ETF、豆粕主连,6,1.0,0.3,0.15,0.36778311487467635,0.06963863016798937,0.047143953202152034,0.0,0.15,0.0,0.057216831316268736,0.06518856483841057,0.09302890560050282,0.0,0.0,0.15935373482167858
2019-09-02,货币信用周期策略0.2（股指信号）,宽货币宽信用,10年国债主连、30年国债主连、中证1000主连、中证500主连、沪深300主连、沪金主连、沪铜主连、沪铝主连、红利低波ETF、豆粕主连,10年国债主连、沪金主连、沪铜主连、沪铝主连、红利低波ETF、豆粕主连,6,1.0,0.3,0.15,0.35781675297445875,0.05129995942935905,0.044676060786411745,0.0,0.15,0.0,0.05705063044508472,0.08014545832500825,0.10901113803967744,0.0,0.0,0.15843298123024996
2019-10-08,货币信用周期策略0.2（股指信号）,宽货币宽信用,10年国债主连、30年国债主连、中证1000主连、中证500主连、沪深300主连、沪金主连、沪铜主连、沪铝主连、红利低波ETF、豆粕主连,10年国债主连、沪金主连、沪铜主连、沪铝主连、红利低波ETF、豆粕主连,6,1.0,0.3,0.15,0.31405971041058217,0.050187944909961056,0.0559636747765237,0.0,0.15,0.0,0.07150551979022836,0.10274591606604103,0.10553723404666364,0.0,0.0,0.17601021886426282
2019-11-01,货币信用周期策略0.2（股指信号）,宽货币宽信用,10年国债主连、30年国债主连、中证1000主连、中证500主连、沪深300主连、沪金主连、沪铜主连、沪铝主连、红利低波ETF、豆粕主连,10年国债主连、沪金主连、沪铜主连、沪铝主连、红利低波ETF、豆粕主连,6,1.0,0.3,0.15,0.27646213697039407,0.05863056074404186,0.0588105931818108,0.0,0.15,0.0,0.07670410345286995,0.1147158471169603,0.11467675853392295,0.0,0.0,0.18638040790323826
2019-12-02,货币信用周期策略0.2（股指信号）,宽货币宽信用,10年国债主连、30年国债主连、中证1000主连、中证500主连、沪深300主连、沪金主连、沪铜主连、沪铝主连、红利低波ETF、豆粕主连,10年国债主连、沪金主连、沪铜主连、沪铝主连、红利低波ETF、豆粕主连,6,1.0,0.3,0.15,0.303028227590682,0.053415218344716166,0.05367849233372125,0.0,0.15,0.0,0.066488485451449,0.12430133652360928,0.09908823975582229,0.0,0.0,0.1737409884858294
2020-01-02,货币信用周期策略0.2（股指信号）,宽货币宽信用,10年国债主连、30年国债主连、中证1000主连、中证500主连、沪深300主连、沪金主连、沪铜主连、沪铝主连、红利低波ETF、豆粕主连,10年国债主连、沪金主连、沪铜主连、沪铝主连、红利低波ETF、豆粕主连,6,1.0,0.3,0.15,0.2810737565944948,0.05898573646384661,0.056232145928136135,0.0,0.15,0.0,0.08097843982127673,0.12600858589425318,0.09672133529799251,0.0,0.0,0.18946825630743316
2020-02-03,货币信用周期策略0.2（股指信号）,宽货币宽信用,10年国债主连、30年国债主连、中证1000主连、中证500主连、沪深300主连、沪金主连、沪铜主连、沪铝主连、红利低波ETF、豆粕主连,10年国债主连、沪金主连、沪铜主连、沪铝主连、红利低波ETF、豆粕主连,6,0.0,0.0,0.0,0.5580598354933677,0.07238964329086381,0.07096481788036729,0.0,0.0,0.0,0.0660105180112763,0.11207695705203331,0.12049822827209165,0.0,0.0,0.1466685699963601
2020-03-02,货币信用周期策略0.2（股指信号）,宽货币宽信用,10年国债主连、30年国债主连、中证1000主连、中证500主连、沪深300主连、沪金主连、沪铜主连、沪铝主连、红利低波ETF、豆粕主连,10年国债主连、沪金主连、沪铜主连、沪铝主连、红利低波ETF、豆粕主连,6,0.0,0.0,0.0,0.6691984083567895,0.10178389574065083,0.0752261566462617,0.0,0.0,0.0,0.03514949550800211,0.050683449697107,0.06795859405118884,0.0,0.0,0.10914107388804543
2020-04-01,货币信用周期策略0.2（股指信号）,宽货币宽信用,10年国债主连、30年国债主连、中证1000主连、中证500主连、沪深300主连、沪金主连、沪铜主连、沪铝主连、红利低波ETF、豆粕主连,10年国债主连、沪金主连、沪铜主连、沪铝主连、红利低波ETF、豆粕主连,6,0.0,0.0,0.0,0.6148234207005356,0.0893775334195167,0.13530557488352912,0.0,0.0,0.0,0.058002978398106295,0.04374500623328252,0.05874548636502979,0.0,0.0,0.13238747682367313
2020-05-06,货币信用周期策略0.2（股指信号）,宽货币宽信用,10年国债主连、30年国债主连、中证1000主连、中证500主连、沪深300主连、沪金主连、沪铜主连、沪铝主连、红利低波ETF、豆粕主连,10年国债主连、沪金主连、沪铜主连、沪铝主连、红利低波ETF、豆粕主连,6,0.0,0.0,0.0,0.5795231533135807,0.10129348667905635,0.11407071315594741,0.0,0.0,0.0,0.07589424702636917,0.056461489473818134,0.07275691035122829,0.0,0.0,0.15424863881162507
2020-06-01,货币信用周期策略0.2（股指信号）,宽货币宽信用,10年国债主连、30年国债主连、中证1000主连、中证500主连、沪深300主连、沪金主连、沪铜主连、沪铝主连、红利低波ETF、豆粕主连,10年国债主连、沪金主连、沪铜主连、沪铝主连、红利低波ETF、豆粕主连,6,1.0,0.3,0.15,0.3441141303818242,0.0842261949857484,0.09443109443680403,0.0,0.15,0.0,0.06409546972750597,0.048909912280856026,0.0642231981872613,0.0,0.0,0.16865899753474445
2020-07-01,货币信用周期策略0.2（股指信号）,宽货币宽信用,10年国债主连、30年国债主连、中证1000主连、中证500主连、沪深300主连、沪金主连、沪铜主连、沪铝主连、红利低波ETF、豆粕主连,10年国债主连、沪金主连、沪铜主连、沪铝主连、红利低波ETF、豆粕主连,6,1.0,0.3,0.15,0.3130073988852994,0.09429461511795721,0.09411409530690479,0.0,0.15,0.0,0.07058159646933876,0.0563498393429156,0.07165245487758427,0.0,0.0,0.17952447313967687
2020-08-03,货币信用周期策略0.2（股指信号）,宽货币宽信用,10年国债主连、30年国债主连、中证1000主连、中证500主连、沪深300主连、沪金主连、沪铜主连、沪铝主连、红利低波ETF、豆粕主连,10年国债主连、沪金主连、沪铜主连、沪铝主连、红利低波ETF、豆粕主连,6,1.0,0.3,0.15,0.28487796146374056,0.12290782992901704,0.09552875842775084,0.0,0.15,0.0,0.06675051058492305,0.058261662713007964,0.07167327688156064,0.0,0.0,0.18349498093237993
2020-09-01,货币信用周期策略0.2（股指信号）,宽货币宽信用,10年国债主连、30年国债主连、中证1000主连、中证500主连、沪深300主连、沪金主连、沪铜主连、沪铝主连、红利低波ETF、豆粕主连,10年国债主连、沪金主连、沪铜主连、沪铝主连、红利低波ETF、豆粕主连,6,1.0,0.3,0.15,0.30126767942138866,0.06491020296370632,0.11332919102725679,0.0,0.15,0.0,0.0743398902521354,0.06554976754391068,0.08060326879160211,0.0,0.0,0.18016371971473333
2020-10-09,货币信用周期策略0.2（股指信号）,宽货币宽信用,10年国债主连、30年国债主连、中证1000主连、中证500主连、沪深300主连、沪金主连、沪铜主连、沪铝主连、红利低波ETF、豆粕主连,10年国债主连、沪金主连、沪铜主连、沪铝主连、红利低波ETF、豆粕主连,6,1.0,0.3,0.15,0.33386324484951824,0.06160552956763197,0.10360155184666293,0.0,0.15,0.0,0.07029287507028503,0.06523895917253568,0.06539783949336628,0.0,0.0,0.17225909399707043
2020-11-02,货币信用周期策略0.2（股指信号）,宽货币紧信用,10年国债主连、30年国债主连、PTA主连、中证1000主连、原油主连、沪金主连、沪铜主连、沪铝主连、红利低波ETF、豆粕主连,10年国债主连、PTA主连、原油主连、沪金主连、沪铜主连、沪铝主连、红利低波ETF、豆粕主连,8,1.0,0.3,0.15,0.32369744875855877,0.05490375005641263,0.07657154583806533,0.0,0.15,0.0,0.05898100840841173,0.05655168070828027,0.06875496100749227,0.0432243839242095,0.017315221298569394,0.16733887435930117
2020-12-01,货币信用周期策略0.2（股指信号）,宽货币紧信用,10年国债主连、30年国债主连、PTA主连、中证1000主连、原油主连、沪金主连、沪铜主连、沪铝主连、红利低波ETF、豆粕主连,10年国债主连、PTA主连、原油主连、沪金主连、沪铜主连、沪铝主连、红利低波ETF、豆粕主连,8,1.0,0.3,0.15,0.30112466504475155,0.04437353645928297,0.07555631927546101,0.0,0.15,0.0,0.061301271999818954,0.06734576558590284,0.08694944230936567,0.04324855942190974,0.020100439903507215,0.17154792947443684
2021-01-04,货币信用周期策略0.2（股指信号）,宽货币紧信用,10年国债主连、30年国债主连、PTA主连、中证1000主连、原油主连、沪金主连、沪铜主连、沪铝主连、红利低波ETF、豆粕主连,10年国债主连、PTA主连、原油主连、沪金主连、沪铜主连、沪铝主连、红利低波ETF、豆粕主连,8,1.0,0.3,0.15,0.3471698739103373,0.05846893045939415,0.07192909424720592,0.0,0.15,0.0,0.05257452547493402,0.056165812892924494,0.03866967196724978,0.05298893544124761,0.022033155606706767,0.16020826150024572
2021-02-01,货币信用周期策略0.2（股指信号）,宽货币紧信用,10年国债主连、30年国债主连、PTA主连、中证1000主连、原油主连、沪金主连、沪铜主连、沪铝主连、红利低波ETF、豆粕主连,10年国债主连、PTA主连、原油主连、沪金主连、沪铜主连、沪铝主连、红利低波ETF、豆粕主连,8,1.0,0.3,0.15,0.35481406817781946,0.06105504449777338,0.05519615152534511,0.0,0.15,0.0,0.05685289582195822,0.05017237141511648,0.050471902403756874,0.045215693349308375,0.026221872808922145,0.16417491066333237
2021-03-01,货币信用周期策略0.2（股指信号）,宽货币紧信用,10年国债主连、30年国债主连、PTA主连、中证1000主连、原油主连、沪金主连、沪铜主连、沪铝主连、红利低波ETF、豆粕主连,10年国债主连、PTA主连、原油主连、沪金主连、沪铜主连、沪铝主连、红利低波ETF、豆粕主连,8,1.0,0.3,0.15,0.3439667164799756,0.05291579803048133,0.04065867693616903,0.0,0.15,0.0,0.06237236139112327,0.04659436389761956,0.0709537783792665,0.05207300452912863,0.030465300356235958,0.17048259040160854
2021-04-01,货币信用周期策略0.2（股指信号）,宽货币紧信用,10年国债主连、30年国债主连、PTA主连、中证1000主连、原油主连、沪金主连、沪铜主连、沪铝主连、红利低波ETF、豆粕主连,10年国债主连、PTA主连、原油主连、沪金主连、沪铜主连、沪铝主连、红利低波ETF、豆粕主连,8,1.0,0.3,0.15,0.4115742946294189,0.052075453022245505,0.03830919212330464,0.0,0.15,0.0,0.05880219160581744,0.04365017335853646,0.04851927413977225,0.027496142942139902,0.019573278178764746,0.15633777571090915
2021-05-06,货币信用周期策略0.2（股指信号）,宽货币紧信用,10年国债主连、30年国债主连、PTA主连、中证1000主连、原油主连、沪金主连、沪铜主连、沪铝主连、红利低波ETF、豆粕主连,10年国债主连、PTA主连、原油主连、沪金主连、沪铜主连、沪铝主连、红利低波ETF、豆粕主连,8,1.0,0.3,0.15,0.4060945869935842,0.05202464831391627,0.03740526698204154,0.0,0.15,0.0,0.06319837947021326,0.0417778763824599,0.051540316584102484,0.02823421711697018,0.01972470815671221,0.16082296477529764
2021-06-01,货币信用周期策略0.2（股指信号）,宽货币紧信用,10年国债主连、30年国债主连、PTA主连、中证1000主连、原油主连、沪金主连、沪铜主连、沪铝主连、红利低波ETF、豆粕主连,10年国债主连、PTA主连、原油主连、沪金主连、沪铜主连、沪铝主连、红利低波ETF、豆粕主连,8,1.0,0.3,0.15,0.4354830605641991,0.065533722632871,0.0312404693845892,0.0,0.15,0.0,0.07089229338787252,0.028583964293504276,0.02917383018187685,0.021588671148931423,0.017503988406155618,0.1647026707605271
2021-07-01,货币信用周期策略0.2（股指信号）,宽货币紧信用,10年国债主连、30年国债主连、PTA主连、中证1000主连、原油主连、沪金主连、沪铜主连、沪铝主连、红利低波ETF、豆粕主连,10年国债主连、PTA主连、原油主连、沪金主连、沪铜主连、沪铝主连、红利低波ETF、豆粕主连,8,1.0,0.3,0.15,0.43645473583242606,0.049781422878729546,0.030302899383562346,0.0,0.15,0.0,0.07306416116754866,0.027518101361029647,0.034151628844839806,0.024860238295210415,0.023866812236653462,0.1655844821481207
2021-08-02,货币信用周期策略0.2（股指信号）,宽货币紧信用,10年国债主连、30年国债主连、PTA主连、中证1000主连、原油主连、沪金主连、沪铜主连、沪铝主连、红利低波ETF、豆粕主连,10年国债主连、PTA主连、原油主连、沪金主连、沪铜主连、沪铝主连、红利低波ETF、豆粕主连,8,1.0,0.3,0.15,0.4035775207397968,0.07025718584903062,0.039436169359231034,0.0,0.15,0.0,0.0554662803353645,0.04117396175856433,0.04375096270235758,0.02462805599495409,0.021709863260700974,0.15707634608460205
2021-09-01,货币信用周期策略0.2（股指信号）,宽货币紧信用,10年国债主连、30年国债主连、PTA主连、中证1000主连、原油主连、沪金主连、沪铜主连、沪铝主连、红利低波ETF、豆粕主连,10年国债主连、PTA主连、原油主连、沪金主连、沪铜主连、沪铝主连、红利低波ETF、豆粕主连,8,1.0,0.3,0.15,0.34280779578547893,0.07454487683452304,0.05270411265035521,0.0,0.15,0.0,0.07981238989897801,0.04142710791340332,0.058180350139992544,0.026822074085535306,0.02370129269173362,0.18618804449626672
2021-10-08,货币信用周期策略0.2（股指信号）,宽货币紧信用,10年国债主连、30年国债主连、PTA主连、中证1000主连、原油主连、沪金主连、沪铜主连、沪铝主连、红利低波ETF、豆粕主连,10年国债主连、PTA主连、原油主连、沪金主连、沪铜主连、沪铝主连、红利低波ETF、豆粕主连,8,1.0,0.3,0.15,0.3716772943628628,0.07606521588257724,0.06136665992766163,0.0,0.15,0.0,0.041548797125832274,0.04454856137553077,0.042213864456025305,0.03176915964866158,0.03081044722084835,0.1512587441066144
2021-11-01,货币信用周期策略0.2（股指信号）,宽货币紧信用,10年国债主连、30年国债主连、PTA主连、中证1000主连、原油主连、沪金主连、沪铜主连、沪铝主连、红利低波ETF、豆粕主连,10年国债主连、PTA主连、原油主连、沪金主连、沪铜主连、沪铝主连、红利低波ETF、豆粕主连,8,1.0,0.3,0.15,0.3655153221561559,0.0910655828422517,0.0613031515777491,0.0,0.15,0.0,0.040935490008532124,0.045152264020968516,0.025273818727704424,0.03234917159171081,0.03840519907492733,0.15459834207772916
2021-12-01,货币信用周期策略0.2（股指信号）,宽货币紧信用,10年国债主连、30年国债主连、PTA主连、中证1000主连、原油主连、沪金主连、沪铜主连、沪铝主连、红利低波ETF、豆粕主连,10年国债主连、PTA主连、原油主连、沪金主连、沪铜主连、沪铝主连、红利低波ETF、豆粕主连,8,0.0,0.0,0.0,0.5830878138536449,0.12109547931629354,0.07945195901033428,0.0,0.0,0.0,0.06280833053521494,0.060012105641829724,0.034653473600763374,0.030338332108048115,0.028552505933871077,0.15106182579748353
2022-01-04,货币信用周期策略0.2（股指信号）,宽货币紧信用,10年国债主连、30年国债主连、PTA主连、中证1000主连、原油主连、沪金主连、沪铜主连、沪铝主连、红利低波ETF、豆粕主连,10年国债主连、PTA主连、原油主连、沪金主连、沪铜主连、沪铝主连、红利低波ETF、豆粕主连,8,-1.0,0.0,0.0,0.5650648924579793,0.12592604859859424,0.07462656484975935,0.0,0.0,0.0,0.07191740147594676,0.06088677239678471,0.038467334417386576,0.03442097550388597,0.028690010299663123,0.16193379704729158
2022-02-07,货币信用周期策略0.2（股指信号）,宽货币紧信用,10年国债主连、30年国债主连、PTA主连、中证1000主连、原油主连、沪金主连、沪铜主连、沪铝主连、红利低波ETF、豆粕主连,10年国债主连、PTA主连、原油主连、沪金主连、沪铜主连、沪铝主连、红利低波ETF、豆粕主连,8,-1.0,0.0,0.0,0.5835397870822695,0.10467232896679281,0.073553491981927,0.0,0.0,0.0,0.056825693199616674,0.05696327825261726,0.04858707063927963,0.04109680174761521,0.034761548129882004,0.14528260146638625
2022-03-01,货币信用周期策略0.2（股指信号）,宽货币紧信用,10年国债主连、30年国债主连、PTA主连、中证1000主连、原油主连、沪金主连、沪铜主连、沪铝主连、红利低波ETF、豆粕主连,10年国债主连、PTA主连、原油主连、沪金主连、沪铜主连、沪铝主连、红利低波ETF、豆粕主连,8,-1.0,0.0,0.0,0.5351095577053812,0.10688808764369519,0.06382082605056577,0.0,0.0,0.0,0.07961011956991722,0.07310684103086536,0.05426881952569227,0.04141851794521711,0.04577723052866589,0.17328319794826916
2022-04-01,货币信用周期策略0.2（股指信号）,宽货币紧信用,10年国债主连、30年国债主连、PTA主连、中证1000主连、原油主连、沪金主连、沪铜主连、沪铝主连、红利低波ETF、豆粕主连,10年国债主连、PTA主连、原油主连、沪金主连、沪铜主连、沪铝主连、红利低波ETF、豆粕主连,8,-1.0,0.0,0.0,0.5401525464006817,0.09291219469486836,0.07407752409090619,0.0,0.0,0.0,0.06389854397161504,0.10368512091018776,0.06435356807526955,0.035594317280440116,0.025326184576031224,0.15408945351769102
2022-05-05,货币信用周期策略0.2（股指信号）,宽货币紧信用,10年国债主连、30年国债主连、PTA主连、中证1000主连、原油主连、沪金主连、沪铜主连、沪铝主连、红利低波ETF、豆粕主连,10年国债主连、PTA主连、原油主连、沪金主连、沪铜主连、沪铝主连、红利低波ETF、豆粕主连,8,-1.0,0.0,0.0,0.5977049293499098,0.10694692939556166,0.05606053097682896,0.0,0.0,0.0,0.04751310841821698,0.09344220695114977,0.04187076845788085,0.03445752297187813,0.022004003478573838,0.13423787699351758
2022-06-01,货币信用周期策略0.2（股指信号）,宽货币紧信用,10年国债主连、30年国债主连、PTA主连、中证1000主连、原油主连、沪金主连、沪铜主连、沪铝主连、红利低波ETF、豆粕主连,10年国债主连、PTA主连、原油主连、沪金主连、沪铜主连、沪铝主连、红利低波ETF、豆粕主连,8,-1.0,0.0,0.0,0.6088256673571156,0.09934161811573874,0.053892205823196454,0.0,0.0,0.0,0.04772315398083543,0.09053590480383221,0.04147540662138388,0.035557786409719606,0.02264825688817818,0.13217951121608965
2022-07-01,货币信用周期策略0.2（股指信号）,宽货币紧信用,10年国债主连、30年国债主连、PTA主连、中证1000主连、原油主连、沪金主连、沪铜主连、沪铝主连、红利低波ETF、豆粕主连,10年国债主连、PTA主连、原油主连、沪金主连、沪铜主连、沪铝主连、红利低波ETF、豆粕主连,8,-1.0,0.0,0.0,0.618352998166476,0.11808236926036611,0.047045938275267686,0.0,0.0,0.0,0.07088073607009153,0.048995754699875854,0.04099017614271998,0.031060640301020834,0.024591387084182,0.15306589804586787
2022-08-01,货币信用周期策略0.2（股指信号）,宽货币紧信用,10年国债主连、30年国债主连、PTA主连、中证1000主连、原油主连、沪金主连、沪铜主连、沪铝主连、红利低波ETF、豆粕主连,10年国债主连、PTA主连、原油主连、沪金主连、沪铜主连、沪铝主连、红利低波ETF、豆粕主连,8,-1.0,0.0,0.0,0.6971421084871373,0.08407561110803351,0.0451770700729574,0.0,0.0,0.0,0.060505568804059634,0.030933109341770425,0.04082654235588953,0.02177415948516326,0.019565830344988887,0.1287925288304717
2022-09-01,货币信用周期策略0.2（股指信号）,宽货币紧信用,10年国债主连、30年国债主连、PTA主连、中证1000主连、原油主连、沪金主连、沪铜主连、沪铝主连、红利低波ETF、豆粕主连,10年国债主连、PTA主连、原油主连、沪金主连、沪铜主连、沪铝主连、红利低波ETF、豆粕主连,8,-1.0,0.0,0.0,0.6870164550562738,0.08876911508820681,0.044269639352857104,0.0,0.0,0.0,0.06565579153873828,0.03155138301252719,0.036852873901008276,0.024388232416182456,0.021496509634206074,0.13541117195557711
2022-10-10,货币信用周期策略0.2（股指信号）,宽货币紧信用,10年国债主连、30年国债主连、PTA主连、中证1000主连、原油主连、沪金主连、沪铜主连、沪铝主连、红利低波ETF、豆粕主连,10年国债主连、PTA主连、原油主连、沪金主连、沪铜主连、沪铝主连、红利低波ETF、豆粕主连,8,-1.0,0.0,0.0,0.5573292873827045,0.13060198453709396,0.08356441059682233,0.0,0.0,0.0,0.07553539166292111,0.046392441166610225,0.04799433273078897,0.031593634354541926,0.02698851756851694,0.16600968018124337
2022-11-01,货币信用周期策略0.2（股指信号）,宽货币紧信用,10年国债主连、30年国债主连、PTA主连、中证1000主连、原油主连、沪金主连、沪铜主连、沪铝主连、红利低波ETF、豆粕主连,10年国债主连、PTA主连、原油主连、沪金主连、沪铜主连、沪铝主连、红利低波ETF、豆粕主连,8,-1.0,0.0,0.0,0.5998993502055473,0.1325641978932836,0.06826711308949605,0.0,0.0,0.0,0.05622519664800747,0.04677332784064811,0.039293296042789604,0.028180755136989775,0.028796763143238095,0.14499173291537454
2022-12-01,货币信用周期策略0.2（股指信号）,宽货币紧信用,10年国债主连、30年国债主连、PTA主连、中证1000主连、原油主连、沪金主连、沪铜主连、沪铝主连、红利低波ETF、豆粕主连,10年国债主连、PTA主连、原油主连、沪金主连、沪铜主连、沪铝主连、红利低波ETF、豆粕主连,8,-1.0,0.0,0.0,0.4238880283213627,0.19854638116141693,0.08238003630532452,0.0,0.0,0.0,0.08695201495178509,0.06610750940649932,0.06602180947820761,0.04286262767162429,0.03324159270377967,0.20291625449564682
2023-01-03,货币信用周期策略0.2（股指信号）,宽货币紧信用,10年国债主连、30年国债主连、PTA主连、中证1000主连、原油主连、沪金主连、沪铜主连、沪铝主连、红利低波ETF、豆粕主连,10年国债主连、PTA主连、原油主连、沪金主连、沪铜主连、沪铝主连、红利低波ETF、豆粕主连,8,1.0,0.3,0.09999999999999999,0.32494226913303426,0.11584864199659826,0.05533176477405578,0.09999999999999999,0.09999999999999999,0.0,0.05282944252143193,0.04930065216631396,0.044946808506963844,0.03329052297346961,0.023509897928132246,0.17084589837964917
2023-02-01,货币信用周期策略0.2（股指信号）,宽货币紧信用,10年国债主连、30年国债主连、PTA主连、中证1000主连、原油主连、沪金主连、沪铜主连、沪铝主连、红利低波ETF、豆粕主连,10年国债主连、PTA主连、原油主连、沪金主连、沪铜主连、沪铝主连、红利低波ETF、豆粕主连,8,1.0,0.3,0.09999999999999999,0.3337042047166708,0.11999577432241296,0.04694399060596884,0.09999999999999999,0.09999999999999999,0.0,0.06359227595166751,0.04472712066484366,0.0391580571790694,0.03252013806248479,0.01935843849688199,0.1787811689032866
2023-03-01,货币信用周期策略0.2（股指信号）,宽货币紧信用,10年国债主连、30年国债主连、PTA主连、中证1000主连、原油主连、沪金主连、沪铜主连、沪铝主连、红利低波ETF、豆粕主连,10年国债主连、PTA主连、原油主连、沪金主连、沪铜主连、沪铝主连、红利低波ETF、豆粕主连,8,1.0,0.3,0.09999999999999999,0.3698512015553463,0.08995002301090146,0.044934222246391646,0.09999999999999999,0.09999999999999999,0.0,0.0676863083102441,0.042809417355368945,0.03712240421203196,0.028630152145881722,0.019016271163833864,0.17370146777222195
2023-04-03,货币信用周期策略0.2（股指信号）,宽货币紧信用,10年国债主连、30年国债主连、PTA主连、中证1000主连、原油主连、沪金主连、沪铜主连、沪铝主连、红利低波ETF、豆粕主连,10年国债主连、PTA主连、原油主连、沪金主连、沪铜主连、沪铝主连、红利低波ETF、豆粕主连,8,1.0,0.3,0.09999999999999999,0.4223389559750449,0.08168868847551182,0.033054750401011655,0.09999999999999999,0.09999999999999999,0.0,0.05130906033094113,0.032409291024182864,0.037387358715520166,0.02812242390024765,0.013689471177539754,0.1513663913537994
2023-05-04,货币信用周期策略0.2（股指信号）,宽货币紧信用,10年国债主连、30年国债主连、PTA主连、中证1000主连、原油主连、沪金主连、沪铜主连、沪铝主连、红利低波ETF、豆粕主连,10年国债主连、30年国债主连、PTA主连、原油主连、沪金主连、沪铜主连、沪铝主连、红利低波ETF、豆粕主连,9,-1.0,0.0,0.0,0.3852126185934832,0.06426976194741892,0.02694868302372734,0.0,0.0,0.3639375017049233,0.05364992116760935,0.032725478918796014,0.03488920004599286,0.025437392368791892,0.012929442229257309,0.12225610070647763
2023-06-01,货币信用周期策略0.2（股指信号）,宽货币紧信用,10年国债主连、30年国债主连、PTA主连、中证1000主连、原油主连、沪金主连、沪铜主连、沪铝主连、红利低波ETF、豆粕主连,10年国债主连、30年国债主连、PTA主连、原油主连、沪金主连、沪铜主连、沪铝主连、红利低波ETF、豆粕主连,9,-1.0,0.0,0.0,0.43503520794349987,0.06834866126028094,0.033068204327665295,0.0,0.0,0.3161508550056248,0.03803487655432173,0.03567546023911295,0.037554623106589934,0.02269986582838759,0.013432245734516983,0.10802890037984941
2023-07-03,货币信用周期策略0.2（股指信号）,宽货币紧信用,10年国债主连、30年国债主连、PTA主连、中证1000主连、原油主连、沪金主连、沪铜主连、沪铝主连、红利低波ETF、豆粕主连,10年国债主连、30年国债主连、PTA主连、原油主连、沪金主连、沪铜主连、沪铝主连、红利低波ETF、豆粕主连,9,-1.0,0.0,0.0,0.38728022212348734,0.0957600609020725,0.05344907276477273,0.0,0.0,0.25664801757958317,0.04761551129089587,0.058598335215292854,0.04661865916193472,0.03249723660318471,0.02153288435877609,0.13314088655266912
2023-08-01,货币信用周期策略0.2（股指信号）,宽货币紧信用,10年国债主连、30年国债主连、PTA主连、中证1000主连、原油主连、沪金主连、沪铜主连、沪铝主连、红利低波ETF、豆粕主连,10年国债主连、30年国债主连、PTA主连、原油主连、沪金主连、沪铜主连、沪铝主连、红利低波ETF、豆粕主连,9,-1.0,0.0,0.0,0.33112546364315554,0.11109710099657921,0.06979463170255122,0.0,0.0,0.21409942116883993,0.06557461773270466,0.07519683153145314,0.06319007961593526,0.039395225542909675,0.030526628065871395,0.163345830889555
2023-09-01,货币信用周期策略0.2（股指信号）,宽货币紧信用,10年国债主连、30年国债主连、PTA主连、中证1000主连、原油主连、沪金主连、沪铜主连、沪铝主连、红利低波ETF、豆粕主连,10年国债主连、30年国债主连、PTA主连、原油主连、沪金主连、沪铜主连、沪铝主连、红利低波ETF、豆粕主连,9,-1.0,0.0,0.0,0.34961051603527926,0.1174675009877151,0.05366669725967851,0.0,0.0,0.22200834948820902,0.06165621922231954,0.06329275053488072,0.07006747349407749,0.03462137285246824,0.027609120125371908,0.15742265818760234
2023-10-09,货币信用周期策略0.2（股指信号）,宽货币紧信用,10年国债主连、30年国债主连、PTA主连、中证1000主连、原油主连、沪金主连、沪铜主连、沪铝主连、红利低波ETF、豆粕主连,10年国债主连、30年国债主连、PTA主连、原油主连、沪金主连、沪铜主连、沪铝主连、红利低波ETF、豆粕主连,9,-1.0,0.0,0.0,0.3601717789617069,0.11700229022525781,0.046371334428884387,0.0,0.0,0.16143919731957085,0.08890497339543976,0.06880654556802462,0.07365494117151183,0.039606687403772926,0.04404225152583099,0.18839063769952127
2023-11-01,货币信用周期策略0.2（股指信号）,宽货币紧信用,10年国债主连、30年国债主连、PTA主连、中证1000主连、原油主连、沪金主连、沪铜主连、沪铝主连、红利低波ETF、豆粕主连,10年国债主连、30年国债主连、PTA主连、原油主连、沪金主连、沪铜主连、沪铝主连、红利低波ETF、豆粕主连,9,-1.0,0.0,0.0,0.3870802792036654,0.11115015531394026,0.04024054344515005,0.0,0.0,0.19109259448993213,0.061827534532390226,0.07662943829559819,0.0701063260948985,0.03595685137816553,0.02591627724625986,0.15529608112832202
2023-12-01,货币信用周期策略0.2（股指信号）,宽货币紧信用,10年国债主连、30年国债主连、PTA主连、中证1000主连、原油主连、沪金主连、沪铜主连、沪铝主连、红利低波ETF、豆粕主连,10年国债主连、30年国债主连、PTA主连、原油主连、沪金主连、沪铜主连、沪铝主连、红利低波ETF、豆粕主连,9,0.0,0.0,0.0,0.3705207931523924,0.10847159508672181,0.03668203335244852,0.0,0.0,0.19374937553474528,0.07069181761648148,0.09566332550424386,0.06663963821213914,0.035292424221142635,0.022288997319684912,0.16388368263664368
2024-01-02,货币信用周期策略0.2（股指信号）,宽货币紧信用,10年国债主连、30年国债主连、PTA主连、中证1000主连、原油主连、沪金主连、沪铜主连、沪铝主连、红利低波ETF、豆粕主连,10年国债主连、30年国债主连、PTA主连、原油主连、沪金主连、沪铜主连、沪铝主连、红利低波ETF、豆粕主连,9,0.0,0.0,0.0,0.40828629459114085,0.08962473154401332,0.03639441871271765,0.0,0.0,0.20851554697034128,0.06424309031808097,0.07828340202410611,0.06768671215622128,0.031495619691068594,0.015470183992309953,0.1483621567902268
2024-02-01,货币信用周期策略0.2（股指信号）,宽货币紧信用,10年国债主连、30年国债主连、PTA主连、中证1000主连、原油主连、沪金主连、沪铜主连、沪铝主连、红利低波ETF、豆粕主连,10年国债主连、30年国债主连、PTA主连、原油主连、沪金主连、沪铜主连、沪铝主连、红利低波ETF、豆粕主连,9,0.0,0.0,0.0,0.40725022925104837,0.09510801714194535,0.030612559964855946,0.0,0.0,0.22461539728640695,0.04752690055564286,0.08621602257722288,0.05536435117771165,0.035722626225799484,0.01758389581936649,0.1339013566677881
2024-03-01,货币信用周期策略0.2（股指信号）,宽货币紧信用,10年国债主连、30年国债主连、PTA主连、中证1000主连、原油主连、沪金主连、沪铜主连、沪铝主连、红利低波ETF、豆粕主连,10年国债主连、30年国债主连、PTA主连、原油主连、沪金主连、沪铜主连、沪铝主连、红利低波ETF、豆粕主连,9,0.0,0.0,0.0,0.4010044385822991,0.12238124055995975,0.04229987337235782,0.0,0.0,0.17457042238386689,0.047376943644517694,0.08261019372169541,0.06662533194400298,0.0416738507449933,0.02145770504630696,0.1437250109714426
2024-04-01,货币信用周期策略0.2（股指信号）,宽货币紧信用,10年国债主连、30年国债主连、PTA主连、中证1000主连、原油主连、沪金主连、沪铜主连、沪铝主连、红利低波ETF、豆粕主连,10年国债主连、30年国债主连、PTA主连、原油主连、沪金主连、沪铜主连、沪铝主连、红利低波ETF、豆粕主连,9,-1.0,0.0,0.0,0.3563146036418307,0.1404708861442113,0.04912016626474787,0.0,0.0,0.10524864189639994,0.06066048456076842,0.08680725830065197,0.1071676765053864,0.06265397288090076,0.031556309805102566,0.17233343557778266
2024-05-06,货币信用周期策略0.2（股指信号）,宽货币紧信用,10年国债主连、30年国债主连、PTA主连、中证1000主连、原油主连、沪金主连、沪铜主连、沪铝主连、红利低波ETF、豆粕主连,10年国债主连、30年国债主连、PTA主连、原油主连、沪金主连、沪铜主连、沪铝主连、红利低波ETF、豆粕主连,9,-1.0,0.0,0.0,0.36328353746171993,0.07163851053297327,0.0694749408292297,0.0,0.0,0.11725815006348617,0.0624236012377959,0.0940488294414948,0.09090727592428977,0.08983889077637369,0.041126263732636864,0.16448511511949845
2024-06-03,货币信用周期策略0.2（股指信号）,宽货币紧信用,10年国债主连、30年国债主连、PTA主连、中证1000主连、原油主连、沪金主连、沪铜主连、沪铝主连、红利低波ETF、豆粕主连,10年国债主连、30年国债主连、PTA主连、原油主连、沪金主连、沪铜主连、沪铝主连、红利低波ETF、豆粕主连,9,-1.0,0.0,0.0,0.42971266422331145,0.054242674761598615,0.07304047910264726,0.0,0.0,0.13046806147896384,0.07045944340430062,0.040798516129008776,0.0698930337903167,0.09622272081467233,0.035162406295180415,0.15772935484046746
2024-07-01,货币信用周期策略0.2（股指信号）,宽货币紧信用,10年国债主连、30年国债主连、PTA主连、中证1000主连、原油主连、沪金主连、沪铜主连、沪铝主连、红利低波ETF、豆粕主连,10年国债主连、30年国债主连、PTA主连、原油主连、沪金主连、沪铜主连、沪铝主连、红利低波ETF、豆粕主连,9,-1.0,0.0,0.0,0.5081280456904481,0.04612841223791117,0.051538763056264765,0.0,0.0,0.15519582331606707,0.04737032048474148,0.03397468709602658,0.04610095743486337,0.07286794430674336,0.03869504637693419,0.1250313759144433
2024-08-01,货币信用周期策略0.2（股指信号）,宽货币紧信用,10年国债主连、30年国债主连、PTA主连、中证1000主连、原油主连、沪金主连、沪铜主连、沪铝主连、红利低波ETF、豆粕主连,10年国债主连、30年国债主连、PTA主连、原油主连、沪金主连、沪铜主连、沪铝主连、红利低波ETF、豆粕主连,9,-1.0,0.0,0.0,0.5004628802362954,0.04872161097074838,0.04628945377233511,0.0,0.0,0.18559867662990387,0.04968716635080498,0.03180403959884467,0.045785551684428175,0.05797251667124244,0.033678104085396864,0.12418500799718253
2024-09-02,货币信用周期策略0.2（股指信号）,宽货币紧信用,10年国债主连、30年国债主连、PTA主连、中证1000主连、原油主连、沪金主连、沪铜主连、沪铝主连、红利低波ETF、豆粕主连,10年国债主连、30年国债主连、PTA主连、原油主连、沪金主连、沪铜主连、沪铝主连、红利低波ETF、豆粕主连,9,-1.0,0.0,0.0,0.413616286160014,0.07061521377530637,0.06295561188295047,0.0,0.0,0.17250322030334247,0.06784704322126649,0.048353027164860236,0.07137675116954763,0.05885099615067143,0.03388185017204091,0.1547727267264758
2024-10-08,货币信用周期策略0.2（股指信号）,宽货币紧信用,10年国债主连、30年国债主连、PTA主连、中证1000主连、原油主连、沪金主连、沪铜主连、沪铝主连、红利低波ETF、豆粕主连,10年国债主连、30年国债主连、PTA主连、原油主连、沪金主连、沪铜主连、沪铝主连、红利低波ETF、豆粕主连,9,1.0,0.3,0.09999999999999999,0.23850723498036236,0.07368413117442606,0.05253927077687353,0.09999999999999999,0.09999999999999999,0.09046810191320682,0.0667091657590519,0.0504426130139193,0.0650773767501197,0.035431353722041446,0.027140751909998866,0.1798484827652471
2024-11-01,货币信用周期策略0.2（股指信号）,宽货币紧信用,10年国债主连、30年国债主连、PTA主连、中证1000主连、原油主连、沪金主连、沪铜主连、沪铝主连、红利低波ETF、豆粕主连,10年国债主连、30年国债主连、PTA主连、原油主连、沪金主连、沪铜主连、沪铝主连、红利低波ETF、豆粕主连,9,0.0,0.0,0.0,0.39633448732655413,0.11714651342975989,0.06532870317177156,0.0,0.0,0.14418922565187314,0.045562904698447225,0.06960710113624707,0.08236497785608449,0.04561818634530989,0.03384790038395273,0.1468764357772084
2024-12-02,货币信用周期策略0.2（股指信号）,宽货币宽信用,10年国债主连、30年国债主连、中证1000主连、中证500主连、沪深300主连、沪金主连、沪铜主连、沪铝主连、红利低波ETF、豆粕主连,10年国债主连、30年国债主连、沪金主连、沪铜主连、沪铝主连、红利低波ETF、豆粕主连,7,0.0,0.0,0.0,0.491383210409271,0.08747399576899606,0.06644996723764714,0.0,0.0,0.1607341692139661,0.057026915097309394,0.07017697114495838,0.0667547711278518,0.0,0.0,0.13238849713810213
2025-01-02,货币信用周期策略0.2（股指信号）,宽货币宽信用,10年国债主连、30年国债主连、中证1000主连、中证500主连、沪深300主连、沪金主连、沪铜主连、沪铝主连、红利低波ETF、豆粕主连,10年国债主连、30年国债主连、沪金主连、沪铜主连、沪铝主连、红利低波ETF、豆粕主连,7,0.0,0.0,0.0,0.4786682499387304,0.08909690410348832,0.06239653142033501,0.0,0.0,0.15736014069326895,0.0625049220538507,0.08151605503224327,0.06845719675808326,0.0,0.0,0.13939403785705495
2025-02-05,货币信用周期策略0.2（股指信号）,宽货币宽信用,10年国债主连、30年国债主连、中证1000主连、中证500主连、沪深300主连、沪金主连、沪铜主连、沪铝主连、红利低波ETF、豆粕主连,10年国债主连、30年国债主连、沪金主连、沪铜主连、沪铝主连、红利低波ETF、豆粕主连,7,0.0,0.0,0.0,0.45310916020204106,0.10822446822239062,0.06346557097578412,0.0,0.0,0.16332499893063296,0.05794692236792912,0.08226592119071059,0.07166295811051143,0.0,0.0,0.14062289733682865
2025-03-03,货币信用周期策略0.2（股指信号）,宽货币宽信用,10年国债主连、30年国债主连、中证1000主连、中证500主连、沪深300主连、沪金主连、沪铜主连、沪铝主连、红利低波ETF、豆粕主连,10年国债主连、30年国债主连、沪金主连、沪铜主连、沪铝主连、红利低波ETF、豆粕主连,7,1.0,0.3,0.09999999999999999,0.28638014764124436,0.07088053208270628,0.05169003457820091,0.09999999999999999,0.09999999999999999,0.09179736817601619,0.057958739181654936,0.06808621985425702,0.0732069584859203,0.0,0.0,0.1608812732942391
2025-04-01,货币信用周期策略0.2（股指信号）,宽货币宽信用,10年国债主连、30年国债主连、中证1000主连、中证500主连、沪深300主连、沪金主连、沪铜主连、沪铝主连、红利低波ETF、豆粕主连,10年国债主连、30年国债主连、沪金主连、沪铜主连、沪铝主连、红利低波ETF、豆粕主连,7,0.0,0.0,0.0,0.33797003648890905,0.14291194579262884,0.06845102938824554,0.0,0.0,0.11455670011793136,0.12072759777175768,0.10347096300669269,0.11191172743383483,0.0,0.0,0.21827989280276938
2025-05-06,货币信用周期策略0.2（股指信号）,宽货币宽信用,10年国债主连、30年国债主连、中证1000主连、中证500主连、沪深300主连、沪金主连、沪铜主连、沪铝主连、红利低波ETF、豆粕主连,10年国债主连、30年国债主连、沪金主连、沪铜主连、沪铝主连、红利低波ETF、豆粕主连,7,0.0,0.0,0.0,0.4743787030135506,0.06213263929483377,0.08278643230502308,0.0,0.0,0.17541247469714402,0.0650419125476585,0.05520430406534312,0.0850435340764469,0.0,0.0,0.13627103316274733
2025-06-03,货币信用周期策略0.2（股指信号）,宽货币宽信用,10年国债主连、30年国债主连、中证1000主连、中证500主连、沪深300主连、沪金主连、沪铜主连、沪铝主连、红利低波ETF、豆粕主连,10年国债主连、30年国债主连、沪金主连、沪铜主连、沪铝主连、红利低波ETF、豆粕主连,7,1.0,0.3,0.09999999999999999,0.30424599059879337,0.04090216398404539,0.07270619397941039,0.09999999999999999,0.09999999999999999,0.11157529168870818,0.05736438471596105,0.047060988167044286,0.06614498686603719,0.0,0.0,0.1515666662035154
2025-07-01,货币信用周期策略0.2（股指信号）,宽货币宽信用,10年国债主连、30年国债主连、中证1000主连、中证500主连、沪深300主连、沪金主连、沪铜主连、沪铝主连、红利低波ETF、豆粕主连,10年国债主连、30年国债主连、沪金主连、沪铜主连、沪铝主连、红利低波ETF、豆粕主连,7,1.0,0.3,0.09999999999999999,0.31055573669544556,0.040044089024463006,0.061039911088981116,0.09999999999999999,0.09999999999999999,0.11480738212442892,0.05626383978363926,0.05047254717026431,0.06681649411277778,0.0,0.0,0.14968188228095078
2025-08-01,货币信用周期策略0.2（股指信号）,宽货币紧信用,10年国债主连、30年国债主连、PTA主连、中证1000主连、原油主连、沪金主连、沪铜主连、沪铝主连、红利低波ETF、豆粕主连,10年国债主连、30年国债主连、PTA主连、原油主连、沪金主连、沪铜主连、沪铝主连、红利低波ETF、豆粕主连,9,1.0,0.3,0.09999999999999999,0.28803417181208774,0.04046985441879782,0.050646868689018,0.09999999999999999,0.09999999999999999,0.09894856399492763,0.053778256880851506,0.05215022972675872,0.06779270447967997,0.028458936475573456,0.019720413522305153,0.15618161254375115
2025-09-01,货币信用周期策略0.2（股指信号）,宽货币紧信用,10年国债主连、30年国债主连、PTA主连、中证1000主连、原油主连、沪金主连、沪铜主连、沪铝主连、红利低波ETF、豆粕主连,10年国债主连、30年国债主连、PTA主连、原油主连、沪金主连、沪铜主连、沪铝主连、红利低波ETF、豆粕主连,9,1.0,0.3,0.09999999999999999,0.26395315762562416,0.05300768699009691,0.0490832799047307,0.09999999999999999,0.09999999999999999,0.08271075080039127,0.05620255942257658,0.06280587726885017,0.07811263640139698,0.033003639177954146,0.021120412408378943,0.1650760174662519
2025-10-09,货币信用周期策略0.2（股指信号）,宽货币紧信用,10年国债主连、30年国债主连、PTA主连、中证1000主连、原油主连、沪金主连、沪铜主连、沪铝主连、红利低波ETF、豆粕主连,10年国债主连、30年国债主连、PTA主连、原油主连、沪金主连、沪铜主连、沪铝主连、红利低波ETF、豆粕主连,9,1.0,0.3,0.09999999999999999,0.25959852465290395,0.06264524589379744,0.037959588342706525,0.09999999999999999,0.09999999999999999,0.08201953755161648,0.050327271666527604,0.06785078210251616,0.083216668784594,0.03524884994322373,0.02113353106211402,0.16231945356740832
2025-11-03,货币信用周期策略0.2（股指信号）,宽货币紧信用,10年国债主连、30年国债主连、PTA主连、中证1000主连、原油主连、沪金主连、沪铜主连、沪铝主连、红利低波ETF、豆粕主连,10年国债主连、30年国债主连、PTA主连、原油主连、沪金主连、沪铜主连、沪铝主连、红利低波ETF、豆粕主连,9,1.0,0.3,0.09999999999999999,0.30257264561641206,0.029304511772693356,0.04134564010820959,0.09999999999999999,0.09999999999999999,0.08928320705176487,0.06358813944498165,0.046183516149509614,0.07346286067703509,0.03429567276633433,0.01996380641305945,0.16255891516310458
2025-12-01,货币信用周期策略0.2（股指信号）,宽货币紧信用,10年国债主连、30年国债主连、PTA主连、中证1000主连、原油主连、沪金主连、沪铜主连、沪铝主连、红利低波ETF、豆粕主连,10年国债主连、30年国债主连、PTA主连、原油主连、沪金主连、沪铜主连、沪铝主连、红利低波ETF、豆粕主连,9,0.5,0.15,0.049999999999999996,0.36402275285535746,0.036980581068537306,0.058993300339325545,0.049999999999999996,0.049999999999999996,0.11491364967751581,0.06464253150372785,0.05883010986392826,0.07307522722292027,0.05195197267550926,0.02658987479317829,0.15695792377483975
