date,货币信用周期策略0.2（股指信号）
2018-01-02,1.002183617124334
2018-01-03,1.0035592197943153
2018-01-04,1.0043510070183248
2018-01-05,1.004311876402893
2018-01-08,1.0058221080178893
2018-01-09,1.0082175085311944
2018-01-10,1.0058536507320548
2018-01-11,1.0050560420278474
2018-01-12,1.0041949037662956
2018-01-15,1.0017854932048007
2018-01-16,1.0020229558894123
2018-01-17,0.9988859838286865
2018-01-18,0.9997198630260461
2018-01-19,1.0008961150933218
2018-01-22,1.007966959199835
2018-01-23,1.0090445648832225
2018-01-24,1.0076531664844903
2018-01-25,1.0099231325262623
2018-01-26,1.0099457085686088
2018-01-29,1.0070603791406638
2018-01-30,1.0033087101593277
2018-01-31,1.0028418325732082
2018-02-01,0.995789494509702
2018-02-02,0.9957674733898482
2018-02-05,0.9938273021262946
2018-02-06,0.9825576760771483
2018-02-07,0.9808472467858257
2018-02-08,0.979136435462125
2018-02-09,0.965239237984771
2018-02-12,0.9748337131163266
2018-02-13,0.9782634418824061
2018-02-14,0.982102180316799
2018-02-22,0.9926531363038332
2018-02-23,0.9956973104711113
2018-02-26,1.0055690709172993
2018-02-27,1.0040174810832068
2018-02-28,1.0033024373769568
2018-03-01,1.0086128851758063
2018-03-02,1.0114858781656424
2018-03-05,1.0093613302414097
2018-03-06,1.017239843614835
2018-03-07,1.0125208306411058
2018-03-08,1.015262733715133
2018-03-09,1.016828956700264
2018-03-12,1.0188795041901157
2018-03-13,1.014893277702172
2018-03-14,1.0141983195059026
2018-03-15,1.0140119147916535
2018-03-16,1.0160257121150222
2018-03-19,1.013702421744923
2018-03-20,1.0150567382061573
2018-03-21,1.0116327530632467
2018-03-22,1.0126892394547782
2018-03-23,1.0002448986907873
2018-03-26,1.0063063908770795
2018-03-27,1.0112799180450625
2018-03-28,1.004166779910712
2018-03-29,1.008993799259263
2018-03-30,1.0198705831544113
2018-04-02,1.0220000157401645
2018-04-03,1.0208274147170229
2018-04-04,1.0219053752077114
2018-04-09,1.0282556412812418
2018-04-10,1.0273283076798678
2018-04-11,1.0303455734388758
2018-04-12,1.031533597386362
2018-04-13,1.0315734960129155
2018-04-16,1.0337348569084612
2018-04-17,1.0394150464025853
2018-04-18,1.0446634217829303
2018-04-19,1.0496435426326305
2018-04-20,1.0453374738447843
2018-04-23,1.0446981701604885
2018-04-24,1.04182736583512
2018-04-25,1.0390409386155635
2018-04-26,1.0388717318458847
2018-04-27,1.0384938922824245
2018-05-02,1.0405997629384391
2018-05-03,1.0422718926918981
2018-05-04,1.042866127775621
2018-05-07,1.0428680102143053
2018-05-08,1.0392767165077503
2018-05-09,1.0384141112534466
2018-05-10,1.0434273645970724
2018-05-11,1.0434677146933207
2018-05-14,1.0413761112808237
2018-05-15,1.0423218090473296
2018-05-16,1.0393381017561762
2018-05-17,1.0392155523102256
2018-05-18,1.040458092618427
2018-05-21,1.0410677946222548
2018-05-22,1.0417400806797548
2018-05-23,1.0428737422479124
2018-05-24,1.0458513377961884
2018-05-25,1.0482768587816567
2018-05-28,1.0429567762345824
2018-05-29,1.0458473516150903
2018-05-30,1.0440207899989886
2018-05-31,1.043873037753357
2018-06-01,1.045862456439259
2018-06-04,1.0446030555956776
2018-06-05,1.0424781636187477
2018-06-06,1.045639109822228
2018-06-07,1.0470940614251416
2018-06-08,1.0436205665354519
2018-06-11,1.0454024813347842
2018-06-12,1.0445447003042228
2018-06-13,1.0423982200496953
2018-06-14,1.0462589151486232
2018-06-15,1.0452868571912535
2018-06-19,1.039763232681113
2018-06-20,1.0387624400404925
2018-06-21,1.0379004670486562
2018-06-22,1.0388514445481485
2018-06-25,1.0401109400375237
2018-06-26,1.042462751805078
2018-06-27,1.0517697986573395
2018-06-28,1.0526605426722382
2018-06-29,1.0560809714242025
2018-07-02,1.0583837440350692
2018-07-03,1.0576969902988385
2018-07-04,1.053892862708763
2018-07-05,1.0531294953504093
2018-07-06,1.051444590683173
2018-07-09,1.0534654017257872
2018-07-10,1.053180542272784
2018-07-11,1.0522844913508704
2018-07-12,1.0502147378662987
2018-07-13,1.0488115055396297
2018-07-16,1.0502905172879904
2018-07-17,1.0489436096769613
2018-07-18,1.0465586441337729
2018-07-19,1.052403588004869
2018-07-20,1.0512211480469265
2018-07-23,1.0536708826934806
2018-07-24,1.0556197293708807
2018-07-25,1.059114199308578
2018-07-26,1.0608939298219717
2018-07-27,1.0617566742359617
2018-07-30,1.0651022222390967
2018-07-31,1.0684280442180722
2018-08-01,1.0674878661182423
2018-08-02,1.0702780214841594
2018-08-03,1.075825862094615
2018-08-06,1.0812703896523137
2018-08-07,1.081032972343307
2018-08-08,1.0840722450629379
2018-08-09,1.0831909078223814
2018-08-10,1.0831994831744103
2018-08-13,1.0840522421046388
2018-08-14,1.0864134211348582
2018-08-15,1.0838986750266388
2018-08-16,1.0809865557708318
2018-08-17,1.0776877556649396
2018-08-20,1.0839377025782624
2018-08-21,1.0881758085671138
2018-08-22,1.0914795373181585
2018-08-23,1.0876418608280753
2018-08-24,1.087001216948963
2018-08-27,1.0873825151550391
2018-08-28,1.097980793573457
2018-08-29,1.0961088469301703
2018-08-30,1.1008494195344969
2018-08-31,1.100426800242314
2018-09-03,1.0995289205978382
2018-09-04,1.0943122688379514
2018-09-05,1.0910780037320122
2018-09-06,1.0925424047784398
2018-09-07,1.0912934721706147
2018-09-10,1.0932182457220194
2018-09-11,1.0895702795227333
2018-09-12,1.0907191873516586
2018-09-13,1.0896878974199469
2018-09-14,1.0879541588573178
2018-09-17,1.0867783968029527
2018-09-18,1.0858290290849983
2018-09-19,1.0873114139459652
2018-09-20,1.0873284326751518
2018-09-21,1.0912849180321902
2018-09-25,1.0941534988523944
2018-09-26,1.0968383667298889
2018-09-27,1.0972705298939298
2018-09-28,1.0984089010397682
2018-10-08,1.107079928280518
2018-10-09,1.1153923307138338
2018-10-10,1.1169593382375826
2018-10-11,1.1112970390180528
2018-10-12,1.114008639229852
2018-10-15,1.1135739702887733
2018-10-16,1.1108000733886176
2018-10-17,1.1115981134938544
2018-10-18,1.1071094290735155
2018-10-19,1.1069604609594326
2018-10-22,1.1055902950276333
2018-10-23,1.1060687236817648
2018-10-24,1.1058550245981598
2018-10-25,1.1037838042738897
2018-10-26,1.1036324528269745
2018-10-29,1.1048984191576432
2018-10-30,1.1033263949729064
2018-10-31,1.0988437836853542
2018-11-01,1.0954389903481148
2018-11-02,1.0894104774824418
2018-11-05,1.090647759466496
2018-11-06,1.091757564075487
2018-11-07,1.091300627393194
2018-11-08,1.0907288059120481
2018-11-09,1.0871963690734086
2018-11-12,1.0859180994948023
2018-11-13,1.0834927271337913
2018-11-14,1.0805789553222827
2018-11-15,1.083448191184255
2018-11-16,1.0898414061227406
2018-11-19,1.0897652339760497
2018-11-20,1.087172627082499
2018-11-21,1.0854055893722974
2018-11-22,1.0837151209166986
2018-11-23,1.0803867496065787
2018-11-26,1.0754596896200626
2018-11-27,1.0740792456827666
2018-11-28,1.076704132516791
2018-11-29,1.078236366713009
2018-11-30,1.0780734872268936
2018-12-03,1.0830048615758632
2018-12-04,1.082786267836995
2018-12-05,1.083252672942415
2018-12-06,1.082583830369493
2018-12-07,1.0841564154433325
2018-12-10,1.086413978297083
2018-12-11,1.0850030290225383
2018-12-12,1.0846463504240822
2018-12-13,1.0820430037090263
2018-12-14,1.0799099653554267
2018-12-17,1.0790245749733667
2018-12-18,1.0809539664978713
2018-12-19,1.0789392206041013
2018-12-20,1.0802839501232464
2018-12-21,1.0810927933153827
2018-12-24,1.0790555004716522
2018-12-25,1.078767222776691
2018-12-26,1.0808391369164931
2018-12-27,1.0811134530797921
2018-12-28,1.083230649498446
2019-01-02,1.0833148863996795
2019-01-03,1.0847305934691165
2019-01-04,1.0853000509761779
2019-01-07,1.0845025283234266
2019-01-08,1.0843301982779519
2019-01-09,1.0840621363861176
2019-01-10,1.0822487561058283
2019-01-11,1.0787277551035614
2019-01-14,1.074278578571354
2019-01-15,1.0742475987945839
2019-01-16,1.0775541058935991
2019-01-17,1.0783147423168835
2019-01-18,1.079591622771102
2019-01-21,1.0785679388540275
2019-01-22,1.0769086037033437
2019-01-23,1.0774105211620635
2019-01-24,1.077533735673777
2019-01-25,1.0758630124336421
2019-01-28,1.0788370084219587
2019-01-29,1.0797276511832505
2019-01-30,1.081928117529583
2019-01-31,1.0846884324686017
2019-02-01,1.0935515602261774
2019-02-11,1.1008285570460559
2019-02-12,1.10358950858964
2019-02-13,1.1106450193052984
2019-02-14,1.1111482990214876
2019-02-15,1.1062387757651424
2019-02-18,1.121357834705679
2019-02-19,1.1211497598723086
2019-02-20,1.1231698527181107
2019-02-21,1.122383488853172
2019-02-22,1.1327782046739427
2019-02-25,1.1607978929786085
2019-02-26,1.1510389420119773
2019-02-27,1.148034531995361
2019-02-28,1.1466911588538773
2019-03-01,1.1525775575753618
2019-03-04,1.154630565017835
2019-03-05,1.1608780519898156
2019-03-06,1.1673324902125275
2019-03-07,1.1673614556096734
2019-03-08,1.1549206051022989
2019-03-11,1.163863357023747
2019-03-12,1.1697000424242252
2019-03-13,1.1654406819045413
2019-03-14,1.1592457107154326
2019-03-15,1.1653903306587636
2019-03-18,1.1784782816406674
2019-03-19,1.1767089353236209
2019-03-20,1.1764741444124642
2019-03-21,1.1809412203217875
2019-03-22,1.1833743952874016
2019-03-25,1.1748052979044055
2019-03-26,1.1671633823701897
2019-03-27,1.1701035735197376
2019-03-28,1.1657433159792425
2019-03-29,1.179352977447093
2019-04-01,1.1940207093404889
2019-04-02,1.192321437749046
2019-04-03,1.197423472200431
2019-04-04,1.2018134865611887
2019-04-08,1.198694998384352
2019-04-09,1.2013202677420949
2019-04-10,1.2026498981567069
2019-04-11,1.1952971681790852
2019-04-12,1.1912610548694096
2019-04-15,1.186388668703333
2019-04-16,1.197238599268078
2019-04-17,1.1982954092110545
2019-04-18,1.1969595447127306
2019-04-19,1.1994333056710673
2019-04-22,1.1899873969499422
2019-04-23,1.1850757254071778
2019-04-24,1.1854793125296619
2019-04-25,1.1750719409345851
2019-04-26,1.1711248111618382
2019-04-29,1.1682580576278718
2019-04-30,1.1710452758616225
2019-05-06,1.1398447669212324
2019-05-07,1.146695370594382
2019-05-08,1.1435427463744499
2019-05-09,1.1408533417440647
2019-05-10,1.1548378060039823
2019-05-13,1.1515579478110372
2019-05-14,1.1511665836258724
2019-05-15,1.1613109894891056
2019-05-16,1.1657633964576959
2019-05-17,1.1539619152196139
2019-05-20,1.1514941613971803
2019-05-21,1.156864457449498
2019-05-22,1.152885728758297
2019-05-23,1.1455523872547853
2019-05-24,1.1489427456081023
2019-05-27,1.1573771948985851
2019-05-28,1.1584522684622887
2019-05-29,1.1601582601898268
2019-05-30,1.1570666780378263
2019-05-31,1.1556043826910178
2019-06-03,1.1592247591613614
2019-06-04,1.1582845875434675
2019-06-05,1.15858427396692
2019-06-06,1.1487430387287796
2019-06-10,1.1526690769397818
2019-06-11,1.1670833369054057
2019-06-12,1.1637124493414275
2019-06-13,1.166457873442458
2019-06-14,1.1651389584914467
2019-06-17,1.165762894167895
2019-06-18,1.1659694758273513
2019-06-19,1.1698081272302783
2019-06-20,1.1828193311825663
2019-06-21,1.1858968239107555
2019-06-24,1.1879850807405434
2019-06-25,1.188003916642998
2019-06-26,1.1840846153727302
2019-06-27,1.1869914106006683
2019-06-28,1.1873666173174964
2019-07-01,1.1945376862697494
2019-07-02,1.1947801719242157
2019-07-03,1.1948131693533919
2019-07-04,1.1925100436508589
2019-07-05,1.1943052671619578
2019-07-08,1.1800323662784
2019-07-09,1.1787580475816377
2019-07-10,1.1782210485236853
2019-07-11,1.1810344569060136
2019-07-12,1.1847304604452176
2019-07-15,1.1897802128188286
2019-07-16,1.188917275439871
2019-07-17,1.1881174384221382
2019-07-18,1.186059362372092
2019-07-19,1.1940038695065944
2019-07-22,1.1861773475436008
2019-07-23,1.1871084474935727
2019-07-24,1.1894320481298757
2019-07-25,1.193839413284999
2019-07-26,1.1939296347644632
2019-07-29,1.191990842119402
2019-07-30,1.1967774008745202
2019-07-31,1.1955705768518046
2019-08-01,1.189711609240642
2019-08-02,1.1872996597147638
2019-08-05,1.1860668094512643
2019-08-06,1.1799185074666514
2019-08-07,1.1786870222124166
2019-08-08,1.1841759439576622
2019-08-09,1.183361802581516
2019-08-12,1.1913758951095479
2019-08-13,1.1930819531084529
2019-08-14,1.1914150565850319
2019-08-15,1.1938872590600516
2019-08-16,1.194538308208539
2019-08-19,1.209768669885687
2019-08-20,1.2074422695432805
2019-08-21,1.2071363855841897
2019-08-22,1.2083418321360089
2019-08-23,1.2104002484108134
2019-08-26,1.2096342075049715
2019-08-27,1.2152713559859452
2019-08-28,1.216163401802052
2019-08-29,1.218035724680973
2019-08-30,1.2137351501303384
2019-09-02,1.2215448203986505
2019-09-03,1.2221791752673448
2019-09-04,1.230181053528356
2019-09-05,1.2348748751703613
2019-09-06,1.2365442074050512
2019-09-09,1.2406792616567277
2019-09-10,1.237713777499294
2019-09-11,1.2352463606438144
2019-09-12,1.2382605011601913
2019-09-16,1.2368482665693206
2019-09-17,1.2269857395096386
2019-09-18,1.2272542019894048
2019-09-19,1.230021479724211
2019-09-20,1.2327627028073576
2019-09-23,1.2302321485457905
2019-09-24,1.2297115313839257
2019-09-25,1.2256350501802509
2019-09-26,1.2181133167162954
2019-09-27,1.2170397135268551
2019-09-30,1.2129876120384184
2019-10-08,1.2163619561279793
2019-10-09,1.2200068310228094
2019-10-10,1.2237053510810556
2019-10-11,1.2269601923355207
2019-10-14,1.2302008733456575
2019-10-15,1.2277839256716152
2019-10-16,1.2254249903429804
2019-10-17,1.2268549386066048
2019-10-18,1.2209457354254154
2019-10-21,1.223947542485059
2019-10-22,1.2266237541333884
2019-10-23,1.2242606679492987
2019-10-24,1.2260026998789406
2019-10-25,1.229597048538594
2019-10-28,1.2315813218069829
2019-10-29,1.2267942622613568
2019-10-30,1.2225571925874783
2019-10-31,1.2214107310487057
2019-11-01,1.2289137583976157
2019-11-04,1.2309755996991545
2019-11-05,1.2358691435619495
2019-11-06,1.230989745020967
2019-11-07,1.2336289013731883
2019-11-08,1.2303543825352852
2019-11-11,1.2202007075551744
2019-11-12,1.2182009781052265
2019-11-13,1.2187009704244551
2019-11-14,1.2186115816623355
2019-11-15,1.2163706225547621
2019-11-18,1.223384958179171
2019-11-19,1.2299290499207571
2019-11-20,1.2264715138370075
2019-11-21,1.2270042047500063
2019-11-22,1.2207773659401417
2019-11-25,1.2238968696308374
2019-11-26,1.2232914179626797
2019-11-27,1.2245216107694787
2019-11-28,1.224249644675169
2019-11-29,1.2237288236147088
2019-12-02,1.2238744759767983
2019-12-03,1.2260786293637793
2019-12-04,1.2263761876501382
2019-12-05,1.2303231030881998
2019-12-06,1.232368555863459
2019-12-09,1.237071922467241
2019-12-10,1.2398550340963195
2019-12-11,1.241287105030229
2019-12-12,1.2401435865555788
2019-12-13,1.2460374286648723
2019-12-16,1.2510175058503044
2019-12-17,1.258106680124739
2019-12-18,1.2576499962315426
2019-12-19,1.2584835619462789
2019-12-20,1.2576255892575097
2019-12-23,1.2503751268683296
2019-12-24,1.256874839933664
2019-12-25,1.2583914933104656
2019-12-26,1.2608839429475018
2019-12-27,1.2598280126382575
2019-12-30,1.2678634121146994
2019-12-31,1.2693709202584424
2020-01-02,1.2759154674445166
2020-01-03,1.274913340322805
2020-01-06,1.277632798048249
2020-01-07,1.281136371896257
2020-01-08,1.2771808249797896
2020-01-09,1.2795124629059107
2020-01-10,1.279575532166509
2020-01-13,1.2839778262559947
2020-01-14,1.282396711420632
2020-01-15,1.2815005343902435
2020-01-16,1.283586766980871
2020-01-17,1.28277488751824
2020-01-20,1.2878392716430167
2020-01-21,1.2790863058775286
2020-01-22,1.2813669493290327
2020-01-23,1.2630644290359256
2020-02-03,1.2508681957470693
2020-02-04,1.2546401324672842
2020-02-05,1.255857244232685
2020-02-06,1.2587089177497204
2020-02-07,1.2602097281775428
2020-02-10,1.2609959120370244
2020-02-11,1.2600131215569976
2020-02-12,1.2593353614725575
2020-02-13,1.262213526020902
2020-02-14,1.2594557357238705
2020-02-17,1.2620393741012597
2020-02-18,1.2637062011421285
2020-02-19,1.264988559611143
2020-02-20,1.264591343735134
2020-02-21,1.2666016244239506
2020-02-24,1.2675923995148872
2020-02-25,1.2651313643975215
2020-02-26,1.2649000585600088
2020-02-27,1.2659049049015878
2020-02-28,1.2585527575269992
2020-03-02,1.2613235632671274
2020-03-03,1.260792940719172
2020-03-04,1.2666002808008003
2020-03-05,1.2670551078106636
2020-03-06,1.2700227361270882
2020-03-09,1.2667868707989978
2020-03-10,1.2623264668598242
2020-03-11,1.2639400740199023
2020-03-12,1.2582287324044268
2020-03-13,1.252970818145217
2020-03-16,1.2470686208735196
2020-03-17,1.2379352258483538
2020-03-18,1.2361357461280928
2020-03-19,1.2240570685198346
2020-03-20,1.2336218047085605
2020-03-23,1.2334067714153922
2020-03-24,1.243560541711682
2020-03-25,1.253177941379739
2020-03-26,1.2505587137865175
2020-03-27,1.252933432158734
2020-03-30,1.2510111316688506
2020-03-31,1.254228795007443
2020-04-01,1.2481014914311828
2020-04-02,1.2478777890435493
2020-04-03,1.244137455235298
2020-04-07,1.256241637649008
2020-04-08,1.2588587137255092
2020-04-09,1.2575326829234401
2020-04-10,1.259371514394111
2020-04-13,1.2578694675828506
2020-04-14,1.2600312762109835
2020-04-15,1.261958012642943
2020-04-16,1.2619353158832565
2020-04-17,1.2617748949218548
2020-04-20,1.2579015378093519
2020-04-21,1.2558144484371097
2020-04-22,1.2593527822592367
2020-04-23,1.2685497221847648
2020-04-24,1.269853574453168
2020-04-27,1.2712102899301863
2020-04-28,1.2688303269979113
2020-04-29,1.2725625550434652
2020-04-30,1.2714811964836386
2020-05-06,1.2711347021338486
2020-05-07,1.2658888311308878
2020-05-08,1.2690740803171585
2020-05-11,1.265634088318961
2020-05-12,1.264992808660555
2020-05-13,1.2638697537261736
2020-05-14,1.2623607384873867
2020-05-15,1.266179315646566
2020-05-18,1.2700406886485187
2020-05-19,1.2697355855738461
2020-05-20,1.2736938979737185
2020-05-21,1.2724642915741837
2020-05-22,1.2747482857784513
2020-05-25,1.2740965432287663
2020-05-26,1.273212317456635
2020-05-27,1.2747101046857319
2020-05-28,1.2778539666100792
2020-05-29,1.277857773808915
2020-06-01,1.2924475256321992
2020-06-02,1.2901008294394696
2020-06-03,1.2906467410090443
2020-06-04,1.2904059665034855
2020-06-05,1.2925456882506998
2020-06-08,1.294435102183802
2020-06-09,1.298567760248468
2020-06-10,1.3018388352411325
2020-06-11,1.2992584528015179
2020-06-12,1.3039589253342614
2020-06-15,1.297839065943801
2020-06-16,1.3082985444930275
2020-06-17,1.3081517054258696
2020-06-18,1.3117283407248361
2020-06-19,1.3179889507938805
2020-06-22,1.318532456781463
2020-06-23,1.3198370008900364
2020-06-24,1.324275841801174
2020-06-29,1.3229482743861816
2020-06-30,1.3314294307475143
2020-07-01,1.3455829728249877
2020-07-02,1.3569366385507133
2020-07-03,1.3646078489592353
2020-07-06,1.3936848620387643
2020-07-07,1.3953564223647141
2020-07-08,1.4014898140293717
2020-07-09,1.415858601966554
2020-07-10,1.4090036877544636
2020-07-13,1.42758873346378
2020-07-14,1.4188389927790128
2020-07-15,1.411958315080479
2020-07-16,1.3832598369744316
2020-07-17,1.386374086749809
2020-07-20,1.4037290049567352
2020-07-21,1.407690282410614
2020-07-22,1.417844231715655
2020-07-23,1.418481703754335
2020-07-24,1.3959274326786106
2020-07-27,1.4004474334841086
2020-07-28,1.3997664249779638
2020-07-29,1.418619717030393
2020-07-30,1.4154411792812358
2020-07-31,1.4201574201306235
2020-08-03,1.430704350532091
2020-08-04,1.4317055854187375
2020-08-05,1.4338280366071172
2020-08-06,1.4327635742277534
2020-08-07,1.429243180282837
2020-08-10,1.4293972561735264
2020-08-11,1.4169224342858795
2020-08-12,1.4047184263460961
2020-08-13,1.408617793764605
2020-08-14,1.4220054429682345
2020-08-17,1.4354707576733374
2020-08-18,1.440099362462377
2020-08-19,1.4323846069754955
2020-08-20,1.4227389550032865
2020-08-21,1.4255060549153276
2020-08-24,1.42592758911363
2020-08-25,1.4246235691378435
2020-08-26,1.4188121089453962
2020-08-27,1.4240116941059733
2020-08-28,1.438451400505998
2020-08-31,1.4366013256662613
2020-09-01,1.4404308167059772
2020-09-02,1.4336233583557285
2020-09-03,1.428596966626292
2020-09-04,1.4267442716404426
2020-09-07,1.419004689022214
2020-09-08,1.4259091031177118
2020-09-09,1.4123877464671177
2020-09-10,1.410159827763991
2020-09-11,1.414387855311655
2020-09-14,1.4229417289871167
2020-09-15,1.4281612486925273
2020-09-16,1.4223035873848613
2020-09-17,1.4208065152530585
2020-09-18,1.4365141626806828
2020-09-21,1.432003256988421
2020-09-22,1.4205219058983427
2020-09-23,1.417020491626297
2020-09-24,1.4022240507735841
2020-09-25,1.4042986072026655
2020-09-28,1.4069840294702127
2020-09-29,1.4086441098011961
2020-09-30,1.4042518842831626
2020-10-09,1.426582905368065
2020-10-12,1.4473425451880502
2020-10-13,1.4450774771616341
2020-10-14,1.4422561866134418
2020-10-15,1.4388865516082014
2020-10-16,1.440812456960052
2020-10-19,1.4371468607997224
2020-10-20,1.4424576502866722
2020-10-21,1.4420189878841632
2020-10-22,1.4409215340345718
2020-10-23,1.432034312309929
2020-10-26,1.4306627586844933
2020-10-27,1.4318475082186455
2020-10-28,1.4343997254696952
2020-10-29,1.434089281782729
2020-10-30,1.4207515602442693
2020-11-02,1.4286534093235754
2020-11-03,1.4384298052257716
2020-11-04,1.4424874461072368
2020-11-05,1.4529005184960835
2020-11-06,1.4496628922060204
2020-11-09,1.458444222993977
2020-11-10,1.455726951262085
2020-11-11,1.4601677246123415
2020-11-12,1.459800076387302
2020-11-13,1.4554711924841393
2020-11-16,1.4649833585829857
2020-11-17,1.4623058759283192
2020-11-18,1.4647281185612713
2020-11-19,1.467790656647203
2020-11-20,1.4759401684155864
2020-11-23,1.4857717455062074
2020-11-24,1.4838281673976617
2020-11-25,1.4784851143564264
2020-11-26,1.4784053806611366
2020-11-27,1.4852633475355053
2020-11-30,1.487490908544454
2020-12-01,1.4940200742949528
2020-12-02,1.4933948669470318
2020-12-03,1.4884657553484244
2020-12-04,1.4974093883254842
2020-12-07,1.489094711918931
2020-12-08,1.487849159393721
2020-12-09,1.4796057192343857
2020-12-10,1.4829692333767481
2020-12-11,1.4738648475993619
2020-12-14,1.4818164653582273
2020-12-15,1.4814137947412158
2020-12-16,1.4844297159949371
2020-12-17,1.4957422142726786
2020-12-18,1.4981794711287728
2020-12-21,1.5047356545856425
2020-12-22,1.488639211560575
2020-12-23,1.4919067317760515
2020-12-24,1.4922772091181942
2020-12-25,1.499860981051845
2020-12-28,1.4957373725188134
2020-12-29,1.4907799710283018
2020-12-30,1.501499110417812
2020-12-31,1.5127138332036294
2021-01-04,1.5222549594355863
2021-01-05,1.5278560410032518
2021-01-06,1.5372021708908745
2021-01-07,1.546862438249912
2021-01-08,1.546659503134706
2021-01-11,1.5314139851328123
2021-01-12,1.5452435635970891
2021-01-13,1.5502318147162846
2021-01-14,1.5419815984140628
2021-01-15,1.5370184753404967
2021-01-18,1.5407634160389074
2021-01-19,1.536179627967981
2021-01-20,1.5373716733522533
2021-01-21,1.547810421756198
2021-01-22,1.5407235289878758
2021-01-25,1.5409941146054904
2021-01-26,1.5300116780122048
2021-01-27,1.5346757475971047
2021-01-28,1.5201559200853358
2021-01-29,1.5199301070633786
2021-02-01,1.5305451966679697
2021-02-02,1.531408771681269
2021-02-03,1.5263642877288681
2021-02-04,1.5288051283935673
2021-02-05,1.5289002849462399
2021-02-08,1.537636642946483
2021-02-09,1.55332666026269
2021-02-10,1.5596905759224993
2021-02-18,1.5711048103367486
2021-02-19,1.577813452343386
2021-02-22,1.5795095487112816
2021-02-23,1.586203678449792
2021-02-24,1.5786929997972838
2021-02-25,1.5921288960588975
2021-02-26,1.5661265622506408
2021-03-01,1.5734749588158834
2021-03-02,1.5575321601857681
2021-03-03,1.5747194724808098
2021-03-04,1.5600952886230794
2021-03-05,1.5647844783570009
2021-03-08,1.554669561738368
2021-03-09,1.5373260030849896
2021-03-10,1.5310204479581153
2021-03-11,1.5497677118935602
2021-03-12,1.5496804516000087
2021-03-15,1.5485618361417137
2021-03-16,1.5467444365094445
2021-03-17,1.5533501517741133
2021-03-18,1.5556622618985523
2021-03-19,1.5380651373316867
2021-03-22,1.5491937333723629
2021-03-23,1.5425489054469659
2021-03-24,1.5364607318742147
2021-03-25,1.5370875459890405
2021-03-26,1.550269660032141
2021-03-29,1.551227547378522
2021-03-30,1.5520293511485572
2021-03-31,1.5482414621811837
2021-04-01,1.5579244677280795
2021-04-02,1.5653610574040473
2021-04-06,1.5614152116399245
2021-04-07,1.5614894377846642
2021-04-08,1.5612340520656793
2021-04-09,1.558238774707449
2021-04-12,1.5495810657307583
2021-04-13,1.5527915415441051
2021-04-14,1.559163661647425
2021-04-15,1.5645724761680309
2021-04-16,1.570314445818584
2021-04-19,1.5821333712080548
2021-04-20,1.5811318860115404
2021-04-21,1.580327749870391
2021-04-22,1.5804653389618026
2021-04-23,1.5866157285605305
2021-04-26,1.581229439490669
2021-04-27,1.5860609660407818
2021-04-28,1.5891597517161666
2021-04-29,1.5959333053938167
2021-04-30,1.5951126514015084
2021-05-06,1.6001448243831922
2021-05-07,1.6018590585478336
2021-05-10,1.6092279576113213
2021-05-11,1.6054548663926282
2021-05-12,1.6150291194363582
2021-05-13,1.6036040687774369
2021-05-14,1.6091608661280237
2021-05-17,1.6179820122223252
2021-05-18,1.623170617610329
2021-05-19,1.6177948439135628
2021-05-20,1.6167364310473573
2021-05-21,1.6086750417727191
2021-05-24,1.6097275023788447
2021-05-25,1.6256676314666658
2021-05-26,1.6266902982956917
2021-05-27,1.6279257601164139
2021-05-28,1.6306989068991724
2021-05-31,1.6359552346594637
2021-06-01,1.6388886891284073
2021-06-02,1.6317655298265294
2021-06-03,1.6280567186044053
2021-06-04,1.6253390324883195
2021-06-07,1.6245754516989344
2021-06-08,1.6227438570966124
2021-06-09,1.6245169823170105
2021-06-10,1.6292928855997135
2021-06-11,1.6291365387439862
2021-06-15,1.6176694648814185
2021-06-16,1.61004204223607
2021-06-17,1.6095419772161286
2021-06-18,1.607360775500534
2021-06-21,1.611279830976108
2021-06-22,1.6175230340950908
2021-06-23,1.6255101814783806
2021-06-24,1.6251724273218542
2021-06-25,1.6333824015530474
2021-06-28,1.6318747994255027
2021-06-29,1.6259521780712411
2021-06-30,1.629433147173948
2021-07-01,1.6277891574095702
2021-07-02,1.6228312772995541
2021-07-05,1.6284952987667651
2021-07-06,1.6296276500235234
2021-07-07,1.6309445839289833
2021-07-08,1.626227035113283
2021-07-09,1.6295627885993003
2021-07-12,1.6388337265839175
2021-07-13,1.64654339484024
2021-07-14,1.646569785766565
2021-07-15,1.6455373920946719
2021-07-16,1.6472471132326798
2021-07-19,1.6465553933037675
2021-07-20,1.6435110950925207
2021-07-21,1.6491926587880519
2021-07-22,1.6530193762335537
2021-07-23,1.6520043743014088
2021-07-26,1.6383869749665958
2021-07-27,1.622011063838747
2021-07-28,1.6217527052785554
2021-07-29,1.6331383984017744
2021-07-30,1.6381772053799595
2021-08-02,1.6450479326238574
2021-08-03,1.6384394900868955
2021-08-04,1.6425775800266633
2021-08-05,1.6386181772694393
2021-08-06,1.6436010475203129
2021-08-09,1.6392452837418476
2021-08-10,1.6453810579565291
2021-08-11,1.6472130689936009
2021-08-12,1.6509124690308128
2021-08-13,1.6517704904675026
2021-08-16,1.6509920206755806
2021-08-17,1.6423415281240663
2021-08-18,1.6461042798124383
2021-08-19,1.637992564163122
2021-08-20,1.6323453433582997
2021-08-23,1.6396769923408796
2021-08-24,1.6508631169433583
2021-08-25,1.6549655977147355
2021-08-26,1.648355225268943
2021-08-27,1.656790391563433
2021-08-30,1.6621218205510897
2021-08-31,1.6653459432688442
2021-09-01,1.6672127823107952
2021-09-02,1.6735425656503737
2021-09-03,1.6723858101237887
2021-09-06,1.6811089838842326
2021-09-07,1.6936511783285344
2021-09-08,1.6930987123973236
2021-09-09,1.7021081786038095
2021-09-10,1.7084146425875044
2021-09-13,1.7163228535516668
2021-09-14,1.702588556251026
2021-09-15,1.7008392507919958
2021-09-16,1.6932170134906057
2021-09-17,1.688793642527122
2021-09-22,1.6969644168881954
2021-09-23,1.7023849333747347
2021-09-24,1.6948794169201618
2021-09-27,1.6871494518541943
2021-09-28,1.6888871123345581
2021-09-29,1.6770655291293872
2021-09-30,1.6782307509588068
2021-10-08,1.6864337795695166
2021-10-11,1.6882316704000198
2021-10-12,1.6793806417255908
2021-10-13,1.680388282829539
2021-10-14,1.685251802690583
2021-10-15,1.6930956084387505
2021-10-18,1.6902870095211173
2021-10-19,1.6930204310090993
2021-10-20,1.6821408344227569
2021-10-21,1.6869032161343633
2021-10-22,1.6819551836216653
2021-10-25,1.6865175776905208
2021-10-26,1.6845572407947447
2021-10-27,1.6684458856019224
2021-10-28,1.6644491320297536
2021-10-29,1.666155973798616
2021-11-01,1.6652787377432385
2021-11-02,1.6628462037122633
2021-11-03,1.662209765899664
2021-11-04,1.6611724236378738
2021-11-05,1.655580184571427
2021-11-08,1.6647225154339345
2021-11-09,1.6666143100280593
2021-11-10,1.6668595049072212
2021-11-11,1.673924786043898
2021-11-12,1.6743886202500111
2021-11-15,1.6726570154099563
2021-11-16,1.6721625491385053
2021-11-17,1.6706479387251383
2021-11-18,1.6639482312904588
2021-11-19,1.6771864257058036
2021-11-22,1.6754668721024468
2021-11-23,1.675701742352459
2021-11-24,1.6829760278535661
2021-11-25,1.6821157317480182
2021-11-26,1.6744473611014665
2021-11-29,1.669365067587353
2021-11-30,1.660178348054272
2021-12-01,1.6613644856823322
2021-12-02,1.6555575942625786
2021-12-03,1.6601389892056664
2021-12-06,1.6641880361834944
2021-12-07,1.6634351991747962
2021-12-08,1.66434814946031
2021-12-09,1.6688254751806764
2021-12-10,1.6689592626969196
2021-12-13,1.6727046517039232
2021-12-14,1.6680740641157323
2021-12-15,1.6662330304239206
2021-12-16,1.673356298221766
2021-12-17,1.6800081744972284
2021-12-20,1.6736375731832769
2021-12-21,1.6770265753316485
2021-12-22,1.6840086535655898
2021-12-23,1.6940141313623058
2021-12-24,1.6933921404705126
2021-12-27,1.6909472559641312
2021-12-28,1.6978437630680512
2021-12-29,1.6961751862043255
2021-12-30,1.7004137725401693
2021-12-31,1.701003934215125
2022-01-04,1.7031140002599303
2022-01-05,1.7077810274404552
2022-01-06,1.7017021075592258
2022-01-07,1.7078063833811448
2022-01-10,1.7094308789002712
2022-01-11,1.7135387631993004
2022-01-12,1.7179557682770086
2022-01-13,1.7200281256881744
2022-01-14,1.7154002280876555
2022-01-17,1.7131361203498732
2022-01-18,1.7184580386775508
2022-01-19,1.7240046021351443
2022-01-20,1.729765144363642
2022-01-21,1.7289913505773729
2022-01-24,1.7286222683013317
2022-01-25,1.7227098380385761
2022-01-26,1.7272717047128152
2022-01-27,1.7238754187881395
2022-01-28,1.7277367926387739
2022-02-07,1.7490239272974024
2022-02-08,1.7560640366262665
2022-02-09,1.7560458798636045
2022-02-10,1.7657776708429072
2022-02-11,1.75177356038466
2022-02-14,1.756034838771828
2022-02-15,1.7549014825513005
2022-02-16,1.7512419630392577
2022-02-17,1.7539739252716828
2022-02-18,1.7593279638128307
2022-02-21,1.754403408332449
2022-02-22,1.765055678013225
2022-02-23,1.7642043195171713
2022-02-24,1.7799660724862316
2022-02-25,1.7694682886805408
2022-02-28,1.76865127197274
2022-03-01,1.7702609866382513
2022-03-02,1.783943934089604
2022-03-03,1.798875254219094
2022-03-04,1.7929593922366365
2022-03-07,1.8230864362516301
2022-03-08,1.820772221108072
2022-03-09,1.8200945626712972
2022-03-10,1.7890213758543756
2022-03-11,1.7967582992494482
2022-03-14,1.795395957726579
2022-03-15,1.764683772501759
2022-03-16,1.773782121896687
2022-03-17,1.7761480935818275
2022-03-18,1.7997499279196556
2022-03-21,1.801235454565606
2022-03-22,1.81130244690983
2022-03-23,1.810739270384475
2022-03-24,1.8184155701637947
2022-03-25,1.8206943045831663
2022-03-28,1.8131499184048658
2022-03-29,1.806344256805147
2022-03-30,1.8108971063763635
2022-03-31,1.8072919262272389
2022-04-01,1.7996415375178862
2022-04-06,1.8089650276888083
2022-04-07,1.7990902693346185
2022-04-08,1.8028440223394129
2022-04-11,1.7970533180123247
2022-04-12,1.7990352631768507
2022-04-13,1.8041223924689482
2022-04-14,1.809459567287304
2022-04-15,1.815582190703074
2022-04-18,1.811325853617738
2022-04-19,1.8155703141980477
2022-04-20,1.808258275151395
2022-04-21,1.8115575051874115
2022-04-22,1.8122030200815393
2022-04-25,1.7902927077415427
2022-04-26,1.7913109455542693
2022-04-27,1.7939587514799888
2022-04-28,1.7975608774025569
2022-04-29,1.8083433852852635
2022-05-05,1.807421939826767
2022-05-06,1.8006698216576553
2022-05-09,1.7986760900620262
2022-05-10,1.7962096092151942
2022-05-11,1.796969056412059
2022-05-12,1.801068488161741
2022-05-13,1.8055045995215913
2022-05-16,1.8091171060127973
2022-05-17,1.811443566796183
2022-05-18,1.8067810299094984
2022-05-19,1.808618479032578
2022-05-20,1.8130577680146511
2022-05-23,1.8160243439940384
2022-05-24,1.808813943490151
2022-05-25,1.8146062018740805
2022-05-26,1.8199310190771105
2022-05-27,1.8270803263156257
2022-05-30,1.824327575681699
2022-05-31,1.8243379267223596
2022-06-01,1.8148673039367207
2022-06-02,1.8167811133756577
2022-06-06,1.8233971503387734
2022-06-07,1.8252023802032138
2022-06-08,1.8305100577874145
2022-06-09,1.8332218903973523
2022-06-10,1.8324708892144073
2022-06-13,1.8244556743416223
2022-06-14,1.821950988829027
2022-06-15,1.8145218363778477
2022-06-16,1.814102685877256
2022-06-17,1.8136721371891005
2022-06-20,1.8012197325192079
2022-06-21,1.8021090688700656
2022-06-22,1.7947559918338174
2022-06-23,1.789174895907439
2022-06-24,1.7719727653059996
2022-06-27,1.7765619472561067
2022-06-28,1.783094087135114
2022-06-29,1.7783076161138007
2022-06-30,1.7812744938114302
2022-07-01,1.77155593421553
2022-07-04,1.7718027798836853
2022-07-05,1.770068709225357
2022-07-06,1.7550473798565285
2022-07-07,1.75256268497544
2022-07-08,1.7562923056264548
2022-07-11,1.7591915542600793
2022-07-12,1.7540795498516724
2022-07-13,1.745518904550682
2022-07-14,1.7433755089375604
2022-07-15,1.7343531359940143
2022-07-18,1.7511490482521093
2022-07-19,1.7481999403102522
2022-07-20,1.7501557259466574
2022-07-21,1.746815032437423
2022-07-22,1.7495072076671079
2022-07-25,1.749251883270457
2022-07-26,1.7636999625249294
2022-07-27,1.7599597990033202
2022-07-28,1.7699420795374523
2022-07-29,1.775268945264856
2022-08-01,1.777053802900178
2022-08-02,1.7747782270144417
2022-08-03,1.7734348606515042
2022-08-04,1.7699906492487976
2022-08-05,1.7748132179628644
2022-08-08,1.7764089591592838
2022-08-09,1.7784586288644297
2022-08-10,1.7784626171649591
2022-08-11,1.784262105817149
2022-08-12,1.7873513669433942
2022-08-15,1.7902075495042922
2022-08-16,1.790572337525302
2022-08-17,1.7913038310437044
2022-08-18,1.7896074851163486
2022-08-19,1.7917005435427864
2022-08-22,1.7935636837386948
2022-08-23,1.7992018037805686
2022-08-24,1.8045226784707527
2022-08-25,1.8029894886730193
2022-08-26,1.802951280577392
2022-08-29,1.801508474903332
2022-08-30,1.8007870548826275
2022-08-31,1.798349538376367
2022-09-01,1.7969639259254047
2022-09-02,1.7946043510151837
2022-09-05,1.8059379118837482
2022-09-06,1.808747521883141
2022-09-07,1.8024124797455703
2022-09-08,1.8040354902466091
2022-09-09,1.8077849663626715
2022-09-13,1.81418991086015
2022-09-14,1.8083752712447339
2022-09-15,1.8100710099484327
2022-09-16,1.8039704956539853
2022-09-19,1.8024867619595282
2022-09-20,1.8049582655739222
2022-09-21,1.8102844724787834
2022-09-22,1.8082296276166234
2022-09-23,1.803955007862281
2022-09-26,1.7884467349687592
2022-09-27,1.7927433696244977
2022-09-28,1.7884016130805387
2022-09-29,1.791692541649741
2022-09-30,1.7931420481643563
2022-10-10,1.8095876724859217
2022-10-11,1.80621679893387
2022-10-12,1.8093659998805716
2022-10-13,1.808330323901775
2022-10-14,1.8198225050897638
2022-10-17,1.8088034114424116
2022-10-18,1.8073605917022253
2022-10-19,1.802505093199258
2022-10-20,1.801977340946792
2022-10-21,1.8006898134855
2022-10-24,1.8062359943872774
2022-10-25,1.8042016071581586
2022-10-26,1.8072000854314478
2022-10-27,1.808891330942722
2022-10-28,1.8025308461768264
2022-10-31,1.7980900261138066
2022-11-01,1.806455850185579
2022-11-02,1.8072390776807217
2022-11-03,1.8072012799341481
2022-11-04,1.8116141652640703
2022-11-07,1.8172770786332548
2022-11-08,1.8202159635735407
2022-11-09,1.825622501419049
2022-11-10,1.8249974315426405
2022-11-11,1.8280442953741285
2022-11-14,1.8138080097057994
2022-11-15,1.8156125023986023
2022-11-16,1.8138170358759358
2022-11-17,1.8153854825454305
2022-11-18,1.811000131076918
2022-11-21,1.805843991786832
2022-11-22,1.8059068013228927
2022-11-23,1.8116588068979351
2022-11-24,1.8153204064286623
2022-11-25,1.8162453804641665
2022-11-28,1.8057445219309323
2022-11-29,1.8114964757934935
2022-11-30,1.8119309571647058
2022-12-01,1.8176956559118125
2022-12-02,1.820716766152358
2022-12-05,1.8162320233576066
2022-12-06,1.8054346768480318
2022-12-07,1.8017627885257532
2022-12-08,1.813704763122946
2022-12-09,1.8152826081865283
2022-12-12,1.805589920338102
2022-12-13,1.808541488491314
2022-12-14,1.814367816367999
2022-12-15,1.8113325390787036
2022-12-16,1.8115207125861725
2022-12-19,1.8086739873648474
2022-12-20,1.8077543723005474
2022-12-21,1.8186667992943388
2022-12-22,1.819342526686024
2022-12-23,1.8168240638450963
2022-12-26,1.8231119531962021
2022-12-27,1.829508791217704
2022-12-28,1.8256473701098217
2022-12-29,1.8261007768475979
2022-12-30,1.8331207209594105
2023-01-03,1.839681453039153
2023-01-04,1.8336287693922522
2023-01-05,1.836356955269262
2023-01-06,1.8367750517539079
2023-01-09,1.842531317538114
2023-01-10,1.8418850550164532
2023-01-11,1.8449686104293597
2023-01-12,1.8502208118847845
2023-01-13,1.8606425975507608
2023-01-16,1.8658275282028192
2023-01-17,1.8674714602237759
2023-01-18,1.877226280640791
2023-01-19,1.8802671201490355
2023-01-20,1.8905272232638406
2023-01-30,1.8907711429190388
2023-01-31,1.8883485335840984
2023-02-01,1.8979679973396875
2023-02-02,1.8961951707236744
2023-02-03,1.889595164168845
2023-02-06,1.8805864112353259
2023-02-07,1.8828658140260668
2023-02-08,1.8798032941126426
2023-02-09,1.8907019899221287
2023-02-10,1.883510740393333
2023-02-13,1.8897960375260396
2023-02-14,1.893450905848872
2023-02-15,1.888219342826868
2023-02-16,1.8834738464214675
2023-02-17,1.8750975551043907
2023-02-20,1.889571169976558
2023-02-21,1.8932934543114344
2023-02-22,1.894582637742423
2023-02-23,1.8902848951778652
2023-02-24,1.8908106823631452
2023-02-27,1.8822867957090899
2023-02-28,1.888971182283731
2023-03-01,1.898903266617967
2023-03-02,1.8972428364429859
2023-03-03,1.901274410849561
2023-03-06,1.9021607344357427
2023-03-07,1.8967524288122797
2023-03-08,1.8923180300038436
2023-03-09,1.8923026984546785
2023-03-10,1.881386949722777
2023-03-13,1.8909704889165388
2023-03-14,1.883870576591974
2023-03-15,1.887355940956949
2023-03-16,1.8757612722796966
2023-03-17,1.8848288842130927
2023-03-20,1.8850352954870035
2023-03-21,1.8916171496025
2023-03-22,1.8937268434840433
2023-03-23,1.8975154459207215
2023-03-24,1.900983993169744
2023-03-27,1.8981679171518409
2023-03-28,1.8992985641799098
2023-03-29,1.8996553618895438
2023-03-30,1.9046199374959407
2023-03-31,1.9090862142948943
2023-04-03,1.917292344309339
2023-04-04,1.9241230926352786
2023-04-06,1.9224256057437081
2023-04-07,1.928905347533594
2023-04-10,1.9232144939039086
2023-04-11,1.926687736743709
2023-04-12,1.930182459613702
2023-04-13,1.928584939140425
2023-04-14,1.9324900090032409
2023-04-17,1.9356469153175382
2023-04-18,1.9357749471321894
2023-04-19,1.9302279328434306
2023-04-20,1.928137715156376
2023-04-21,1.913103154275152
2023-04-24,1.9084085197102774
2023-04-25,1.9040360570032386
2023-04-26,1.9059292033456676
2023-04-27,1.907174178105862
2023-04-28,1.9169023091863304
2023-05-04,1.92183007448551
2023-05-05,1.9272926063403941
2023-05-08,1.9281843880090082
2023-05-09,1.9265091417634221
2023-05-10,1.9256611942039106
2023-05-11,1.9258963483235914
2023-05-12,1.9192073172188775
2023-05-15,1.918760604152279
2023-05-16,1.9179975891748682
2023-05-17,1.9165740605679111
2023-05-18,1.921023959915987
2023-05-19,1.920687579950586
2023-05-22,1.9176527154635479
2023-05-23,1.919874495445586
2023-05-24,1.9178307273714374
2023-05-25,1.9153911889725685
2023-05-26,1.916530985304864
2023-05-29,1.9200443155855107
2023-05-30,1.91823101356171
2023-05-31,1.919140812143322
2023-06-01,1.9259007110624762
2023-06-02,1.9217835467593716
2023-06-05,1.9244906658753573
2023-06-06,1.9272281520743921
2023-06-07,1.9298372861467956
2023-06-08,1.9292142653593183
2023-06-09,1.9362820609606137
2023-06-12,1.9341839797445353
2023-06-13,1.9414462472189111
2023-06-14,1.9452494952277803
2023-06-15,1.9386586498901655
2023-06-16,1.9388210514941393
2023-06-19,1.9343639534741144
2023-06-20,1.9387228284329385
2023-06-21,1.941369519842686
2023-06-26,1.9388840454840668
2023-06-27,1.9390160550608495
2023-06-28,1.9398006674065549
2023-06-29,1.940034651278022
2023-06-30,1.945546459490889
2023-07-03,1.954469554619623
2023-07-04,1.951669273265354
2023-07-05,1.9540628565867944
2023-07-06,1.9538946897121539
2023-07-07,1.9558685130405165
2023-07-10,1.9598423143954014
2023-07-11,1.9639321915941275
2023-07-12,1.966606835322466
2023-07-13,1.9706944469281962
2023-07-14,1.9721176045450435
2023-07-17,1.9720932352892404
2023-07-18,1.974161023615402
2023-07-19,1.9805592656010653
2023-07-20,1.9820918513694312
2023-07-21,1.9840424969336037
2023-07-24,1.9849093809065224
2023-07-25,1.9825339176060983
2023-07-26,1.9882230496972133
2023-07-27,1.9921409366264446
2023-07-28,1.9921856397851716
2023-07-31,1.9912746996272377
2023-08-01,1.9988967691264665
2023-08-02,1.9964322331495168
2023-08-03,1.9897550883963218
2023-08-04,1.9951824764280848
2023-08-07,1.9931968469388928
2023-08-08,1.9920277660827737
2023-08-09,1.9952518004113236
2023-08-10,1.99515774272962
2023-08-11,1.9963704540100833
2023-08-14,1.997235300163549
2023-08-15,2.0081181652946967
2023-08-16,2.0059574181901167
2023-08-17,2.0067998955847144
2023-08-18,2.0107442577604773
2023-08-21,2.02359886899447
2023-08-22,2.0209007828140937
2023-08-23,2.0220369630842097
2023-08-24,2.0221775930016865
2023-08-25,2.024280889680024
2023-08-28,2.0270425991841856
2023-08-29,2.0270971831326765
2023-08-30,2.0317550290269377
2023-08-31,2.0334397996803113
2023-09-01,2.0333415757154634
2023-09-04,2.0277229973781568
2023-09-05,2.026882890844861
2023-09-06,2.028545238230575
2023-09-07,2.0262285939348352
2023-09-08,2.0238604985615343
2023-09-11,2.0284783302945013
2023-09-12,2.0319222314929406
2023-09-13,2.0322161486082133
2023-09-14,2.042791524441294
2023-09-15,2.0406610749263323
2023-09-18,2.03468656688333
2023-09-19,2.033695406842532
2023-09-20,2.0354620351465114
2023-09-21,2.0339910132488925
2023-09-22,2.0329647621645632
2023-09-25,2.0295200692165234
2023-09-26,2.0272068246065644
2023-09-27,2.028752641932989
2023-09-28,2.0304090302855498
2023-10-09,2.014007794062045
2023-10-10,2.0028080584794914
2023-10-11,2.0021726163271496
2023-10-12,2.0048742928122847
2023-10-13,2.006737094306214
2023-10-16,2.0166218471033477
2023-10-17,2.012961934124633
2023-10-18,2.018057767714454
2023-10-19,2.012798649777922
2023-10-20,2.019615789485408
2023-10-23,2.0132565586387354
2023-10-24,2.0137830046691834
2023-10-25,2.0191114420094993
2023-10-26,2.021031240584451
2023-10-27,2.0223555476106534
2023-10-30,2.025711236739956
2023-10-31,2.024980362676988
2023-11-01,2.0247928922139233
2023-11-02,2.0293710997927676
2023-11-03,2.0310212401044403
2023-11-06,2.0303677777388676
2023-11-07,2.0255443362233563
2023-11-08,2.0266406699122954
2023-11-09,2.022025156760285
2023-11-10,2.022490281233971
2023-11-13,2.021658681826929
2023-11-14,2.024645748483297
2023-11-15,2.0289406306394175
2023-11-16,2.030273712935706
2023-11-17,2.02669004042271
2023-11-20,2.026199120213526
2023-11-21,2.024020755893957
2023-11-22,2.0192966063842523
2023-11-23,2.0132407213279055
2023-11-24,2.0158405437413633
2023-11-27,2.0132324898272733
2023-11-28,2.0153336771920825
2023-11-29,2.01633225574659
2023-11-30,2.0212644543818024
2023-12-01,2.020239767410463
2023-12-04,2.0210829578573635
2023-12-05,2.015253450782272
2023-12-06,2.015473269089405
2023-12-07,2.012825519055825
2023-12-08,2.0173571980261555
2023-12-11,2.0205494450984314
2023-12-12,2.0212804365424635
2023-12-13,2.017329379338631
2023-12-14,2.0217152508427185
2023-12-15,2.0281900876716583
2023-12-18,2.0297450746805166
2023-12-19,2.0313715108323382
2023-12-20,2.0349790658035563
2023-12-21,2.0379993394706406
2023-12-22,2.0416974230377645
2023-12-25,2.045612061931541
2023-12-26,2.0460791636593267
2023-12-27,2.051713181189892
2023-12-28,2.0516421510188407
2023-12-29,2.0470764209368473
2024-01-02,2.0497816992284985
2024-01-03,2.0464363572643474
2024-01-04,2.048313923236904
2024-01-05,2.049886627370933
2024-01-08,2.0448417510045416
2024-01-09,2.0474160015696885
2024-01-10,2.0446611904102627
2024-01-11,2.0444649420311194
2024-01-12,2.0413929080282283
2024-01-15,2.042024180358855
2024-01-16,2.043225750182309
2024-01-17,2.041497421975681
2024-01-18,2.0398176587583836
2024-01-19,2.0422808813445
2024-01-22,2.0431771947938446
2024-01-23,2.044625892183689
2024-01-24,2.052446480210687
2024-01-25,2.0556705129145496
2024-01-26,2.059940017936151
2024-01-29,2.0612811542192118
2024-01-30,2.0652458817479453
2024-01-31,2.071065393839777
2024-02-01,2.0662601405084966
2024-02-02,2.064166675177957
2024-02-05,2.065687774687098
2024-02-06,2.0594280721816993
2024-02-07,2.0650786692756156
2024-02-08,2.063573988119917
2024-02-19,2.0727854788051716
2024-02-20,2.074122427272872
2024-02-21,2.077004709124431
2024-02-22,2.0804801317388586
2024-02-23,2.08202671951921
2024-02-26,2.0811734651409663
2024-02-27,2.0852723787098078
2024-02-28,2.0865791078507683
2024-02-29,2.091513652196349
2024-03-01,2.0864396323827994
2024-03-04,2.0991141481990687
2024-03-05,2.1006313194643766
2024-03-06,2.106908252487078
2024-03-07,2.111143238012051
2024-03-08,2.115010340357833
2024-03-11,2.109691506848572
2024-03-12,2.103084827400073
2024-03-13,2.1071483893024787
2024-03-14,2.112034537078741
2024-03-15,2.1228137943058076
2024-03-18,2.12009419945616
2024-03-19,2.1255923484970607
2024-03-20,2.1240709188125573
2024-03-21,2.1337596998028605
2024-03-22,2.1213524404335016
2024-03-25,2.121133102691114
2024-03-26,2.1209139347868975
2024-03-27,2.124401824151299
2024-03-28,2.127973393919677
2024-03-29,2.1436756966738697
2024-04-01,2.1463066388272702
2024-04-02,2.150145640085511
2024-04-03,2.160450050591279
2024-04-08,2.177289586206061
2024-04-09,2.1808548572440896
2024-04-10,2.18439310057705
2024-04-11,2.18024575141916
2024-04-12,2.196389234272351
2024-04-15,2.196785974862598
2024-04-16,2.195512084892451
2024-04-17,2.1982453718563058
2024-04-18,2.2027287490446295
2024-04-19,2.2066052302062187
2024-04-22,2.199565514655217
2024-04-23,2.1858920178573618
2024-04-24,2.190413187588705
2024-04-25,2.1933015251160266
2024-04-26,2.1962652259766724
2024-04-29,2.1871221216745718
2024-04-30,2.1943614569603054
2024-05-06,2.1911218097545717
2024-05-07,2.196797818484352
2024-05-08,2.1916978563181955
2024-05-09,2.1911531997398157
2024-05-10,2.199337926770817
2024-05-13,2.200171146127668
2024-05-14,2.2011347450661547
2024-05-15,2.201472316186198
2024-05-16,2.2055782304517697
2024-05-17,2.215293963516684
2024-05-20,2.233407424540781
2024-05-21,2.229252264200182
2024-05-22,2.231522234364359
2024-05-23,2.2134045375842493
2024-05-24,2.213613943767026
2024-05-27,2.218464694538118
2024-05-28,2.223895017379178
2024-05-29,2.231628910648706
2024-05-30,2.222144468231532
2024-05-31,2.218283099087817
2024-06-03,2.2079492262553266
2024-06-04,2.208240318109317
2024-06-05,2.2039575451381754
2024-06-06,2.2108436607126443
2024-06-07,2.214207772246971
2024-06-11,2.2079677927553187
2024-06-12,2.2104707817420137
2024-06-13,2.205272916310651
2024-06-14,2.2071307004009366
2024-06-17,2.1968042268635157
2024-06-18,2.200428765712299
2024-06-19,2.2079109811599507
2024-06-20,2.2123257655704975
2024-06-21,2.2065956285560735
2024-06-24,2.205261891744616
2024-06-25,2.2106619895916744
2024-06-26,2.2091913006764363
2024-06-27,2.2088972492378725
2024-06-28,2.217639812461766
2024-07-01,2.2114973636226267
2024-07-02,2.219155163464291
2024-07-03,2.224745765032151
2024-07-04,2.2179294643205036
2024-07-05,2.215057577903987
2024-07-08,2.2084044877847866
2024-07-09,2.2109298682114615
2024-07-10,2.2038525881263205
2024-07-11,2.2067104714834644
2024-07-12,2.2068903147124983
2024-07-15,2.205618765980007
2024-07-16,2.203811914376864
2024-07-17,2.2040536818816077
2024-07-18,2.2046090244612615
2024-07-19,2.200783476091044
2024-07-22,2.2002513460878528
2024-07-23,2.1983502977354417
2024-07-24,2.1997699015694874
2024-07-25,2.1924352503161137
2024-07-26,2.198685846239411
2024-07-29,2.19810196648346
2024-07-30,2.1929715724062873
2024-07-31,2.20100575797646
2024-08-01,2.207544005781253
2024-08-02,2.2069567336870604
2024-08-05,2.1988574963946124
2024-08-06,2.1869243558753895
2024-08-07,2.191393061266921
2024-08-08,2.185808801338267
2024-08-09,2.185076555344226
2024-08-12,2.177027720884099
2024-08-13,2.1811888491465634
2024-08-14,2.1822816320440537
2024-08-15,2.18151502472622
2024-08-16,2.186526637907337
2024-08-19,2.1878685804674003
2024-08-20,2.187720515219799
2024-08-21,2.1847205549819435
2024-08-22,2.18734313391695
2024-08-23,2.188298300937499
2024-08-26,2.197588787794351
2024-08-27,2.1949573169149956
2024-08-28,2.1948303713827606
2024-08-29,2.1883170293089216
2024-08-30,2.1893204505636508
2024-09-02,2.1816636822199773
2024-09-03,2.183345285738169
2024-09-04,2.1736417822316954
2024-09-05,2.1730803410932
2024-09-06,2.1804597805723485
2024-09-09,2.1726416424086183
2024-09-10,2.1721482582420357
2024-09-11,2.1741378688906163
2024-09-12,2.1792641998026006
2024-09-13,2.1872595075405092
2024-09-18,2.1960377052481763
2024-09-19,2.197002853739423
2024-09-20,2.202162152779105
2024-09-23,2.200722099796856
2024-09-24,2.210209318897938
2024-09-25,2.2178791284017225
2024-09-26,2.2177060884035495
2024-09-27,2.205876172783085
2024-09-30,2.2203585755941853
2024-10-08,2.251254381065329
2024-10-09,2.1907164843193883
2024-10-10,2.19685694561505
2024-10-11,2.1751582995344823
2024-10-14,2.1962859982826823
2024-10-15,2.17114177174863
2024-10-16,2.1756941019595137
2024-10-17,2.1654567790031605
2024-10-18,2.1971762920270224
2024-10-21,2.2073434492478605
2024-10-22,2.210747931013066
2024-10-23,2.2137108346048
2024-10-24,2.206807443660648
2024-10-25,2.2109034358841066
2024-10-28,2.218401980456764
2024-10-29,2.208598120585418
2024-10-30,2.210554629273069
2024-10-31,2.21414447107399
2024-11-01,2.2171046370684357
2024-11-04,2.2191710102497963
2024-11-05,2.2247187678463565
2024-11-06,2.220000063120442
2024-11-07,2.229209347316047
2024-11-08,2.2314869378492888
2024-11-11,2.229943389366398
2024-11-12,2.2202141489311744
2024-11-13,2.216969970929717
2024-11-14,2.204225970391409
2024-11-15,2.2008729979450368
2024-11-18,2.1994578827034217
2024-11-19,2.21208223209441
2024-11-20,2.2138544019524407
2024-11-21,2.2187589996422945
2024-11-22,2.214772909724508
2024-11-25,2.218542679726699
2024-11-26,2.212167244976725
2024-11-27,2.215730835628833
2024-11-28,2.211725849775924
2024-11-29,2.217202293443684
2024-12-02,2.2213861595112085
2024-12-03,2.2212262998877064
2024-12-04,2.226263322552324
2024-12-05,2.2225801879997578
2024-12-06,2.221145398694845
2024-12-09,2.224139054250586
2024-12-10,2.23685621892555
2024-12-11,2.2384260479742633
2024-12-12,2.242719380099415
2024-12-13,2.2398734256162713
2024-12-16,2.2430980217009395
2024-12-17,2.236619850710596
2024-12-18,2.230516649238569
2024-12-19,2.2264091852468924
2024-12-20,2.2374501267922438
2024-12-23,2.2371718064343433
2024-12-24,2.2351178398102745
2024-12-25,2.23622650419042
2024-12-26,2.2347484571938887
2024-12-27,2.243826100594001
2024-12-30,2.2410885159065286
2024-12-31,2.245751053730307
2025-01-02,2.2516005311957756
2025-01-03,2.251402077047359
2025-01-06,2.252696828946538
2025-01-07,2.2516548711421582
2025-01-08,2.2539214942372263
2025-01-09,2.2505921407839415
2025-01-10,2.255137730228573
2025-01-13,2.2591471665813216
2025-01-14,2.26173081375199
2025-01-15,2.2665281644568123
2025-01-16,2.2711226339857347
2025-01-17,2.269856462238302
2025-01-20,2.268312379275026
2025-01-21,2.2737487585696923
2025-01-22,2.271397116122323
2025-01-23,2.2697623882211224
2025-01-24,2.2768342007430737
2025-01-27,2.2800418335145025
2025-02-05,2.294796657704289
2025-02-06,2.2987940870445556
2025-02-07,2.301846609918746
2025-02-10,2.301830360600425
2025-02-11,2.3084159720818604
2025-02-12,2.301419329491337
2025-02-13,2.3044316170080217
2025-02-14,2.3061567940391448
2025-02-17,2.2923326218959854
2025-02-18,2.293637216741305
2025-02-19,2.3002061309268216
2025-02-20,2.299045150184771
2025-02-21,2.2893706591744363
2025-02-24,2.2810680177622356
2025-02-25,2.2823834545673276
2025-02-26,2.2822118955568333
2025-02-27,2.2830567111481592
2025-02-28,2.283614532509147
2025-03-03,2.28839636717472
2025-03-04,2.291361313280883
2025-03-05,2.2943953870783425
2025-03-06,2.3086339270965857
2025-03-07,2.2987196652391297
2025-03-10,2.297912703825379
2025-03-11,2.293488776872755
2025-03-12,2.3024157586549516
2025-03-13,2.2983636206848828
2025-03-14,2.3204714663922896
2025-03-17,2.31241787477175
2025-03-18,2.3157534882297406
2025-03-19,2.319008905823443
2025-03-20,2.319756173219195
2025-03-21,2.303001383986564
2025-03-24,2.3079398075931286
2025-03-25,2.3088739721905283
2025-03-26,2.3106865941134638
2025-03-27,2.31269595175866
2025-03-28,2.304251353248867
2025-03-31,2.3021377755942143
2025-04-01,2.304631269621921
2025-04-02,2.3082435951846225
2025-04-03,2.3188168808311795
2025-04-07,2.2796125302713195
2025-04-08,2.28660977172192
2025-04-09,2.2817843056711413
2025-04-10,2.3026237908972313
2025-04-11,2.305104281671167
2025-04-14,2.3167890870812
2025-04-15,2.314662637694896
2025-04-16,2.321581197435299
2025-04-17,2.3261160499968465
2025-04-18,2.3303538382985653
2025-04-21,2.3397332082280795
2025-04-22,2.3545567284294364
2025-04-23,2.3329323337344516
2025-04-24,2.338149178884035
2025-04-25,2.3371973608538825
2025-04-28,2.3338972281861095
2025-04-29,2.3382657124465527
2025-04-30,2.326590563844842
2025-05-06,2.32962858273082
2025-05-07,2.324800386866178
2025-05-08,2.3260784523594054
2025-05-09,2.3262362656655164
2025-05-12,2.3179282486040127
2025-05-13,2.3219369770344667
2025-05-14,2.324986468463198
2025-05-15,2.31954771237697
2025-05-16,2.3177630590181058
2025-05-19,2.3201667577499583
2025-05-20,2.3201068309599946
2025-05-21,2.330486787233742
2025-05-22,2.331049820298654
2025-05-23,2.3306180099971607
2025-05-26,2.331221186727422
2025-05-27,2.328112268529623
2025-05-28,2.3289300772411248
2025-05-29,2.3238568950191105
2025-05-30,2.3294502683911054
2025-06-03,2.329883310375096
2025-06-04,2.3392392342591606
2025-06-05,2.342009304292883
2025-06-06,2.3494594506596314
2025-06-09,2.355265316183686
2025-06-10,2.349955662904278
2025-06-11,2.3605671238208914
2025-06-12,2.363555862608733
2025-06-13,2.356586583551523
2025-06-16,2.361645603600461
2025-06-17,2.363901076799405
2025-06-18,2.3658596536426373
2025-06-19,2.357552447200867
2025-06-20,2.35469434350873
2025-06-23,2.3602103083142207
2025-06-24,2.3701992271954775
2025-06-25,2.38150758849374
2025-06-26,2.3768991277823885
2025-06-27,2.3775822779961917
2025-06-30,2.381069517332629
2025-07-01,2.3871800910521666
2025-07-02,2.3876355597896084
2025-07-03,2.392177417027576
2025-07-04,2.3915797721234977
2025-07-07,2.386988018606408
2025-07-08,2.398120928127906
2025-07-09,2.394941027149732
2025-07-10,2.399051153297187
2025-07-11,2.4053863569486653
2025-07-14,2.4033307339815946
2025-07-15,2.4024233629350316
2025-07-16,2.4010476477701603
2025-07-17,2.412020802792935
2025-07-18,2.4164846689432675
2025-07-21,2.4262705105719373
2025-07-22,2.4339849779524685
2025-07-23,2.431884805940597
2025-07-24,2.4318560843912778
2025-07-25,2.426512394990268
2025-07-28,2.427813054510253
2025-07-29,2.427305372624541
2025-07-30,2.4277594474842634
2025-07-31,2.4155783230533685
2025-08-01,2.4126466045517456
2025-08-04,2.4217451269378887
2025-08-05,2.4288229617645447
2025-08-06,2.4365579943010083
2025-08-07,2.43604486219493
2025-08-08,2.434636178096428
2025-08-11,2.4394241233048866
2025-08-12,2.4442350972944995
2025-08-13,2.4584118879476695
2025-08-14,2.44847011609232
2025-08-15,2.4619582916551903
2025-08-18,2.4659991041221985
2025-08-19,2.4645478757521424
2025-08-20,2.473666876770838
2025-08-21,2.4736600907163493
2025-08-22,2.4893500207388257
2025-08-25,2.509808547287045
2025-08-26,2.5075906605337432
2025-08-27,2.4914789939887863
2025-08-28,2.499527030334308
2025-08-29,2.5053537010428424
2025-09-01,2.5101510047010316
2025-09-02,2.501771593876042
2025-09-03,2.4951020443210843
2025-09-04,2.4768165574883687
2025-09-05,2.4983672100583165
2025-09-08,2.500859432365031
2025-09-09,2.4958935168663023
2025-09-10,2.492510221841372
2025-09-11,2.520555088631287
2025-09-12,2.521838009196554
2025-09-15,2.518887903678818
2025-09-16,2.526244518484721
2025-09-17,2.533823734232745
2025-09-18,2.5134909439137454
2025-09-19,2.5132223002289193
2025-09-22,2.5210029324073107
2025-09-23,2.508409743732437
2025-09-24,2.5264540406646074
2025-09-25,2.534974000117223
2025-09-26,2.5248674520477867
2025-09-29,2.53940055774051
2025-09-30,2.544834156358379
2025-10-09,2.576425897314544
2025-10-10,2.5552416904314827
2025-10-13,2.5547182327230593
2025-10-14,2.54195549350432
2025-10-15,2.560717893860283
2025-10-16,2.560141387777321
2025-10-17,2.546889191997493
2025-10-20,2.5468327806478666
2025-10-21,2.566381348419593
2025-10-22,2.5598830633775935
2025-10-23,2.5661211117879277
2025-10-24,2.579934579881442
2025-10-27,2.5938108006204312
2025-10-28,2.584482751981241
2025-10-29,2.603719651239741
2025-10-30,2.594131161331654
2025-10-31,2.5913938916453185
2025-11-03,2.5993329503682205
2025-11-04,2.584688601106163
2025-11-05,2.5871491642313544
2025-11-06,2.602828774996466
2025-11-07,2.5997155975590673
2025-11-10,2.607430262110324
2025-11-11,2.601300250866233
2025-11-12,2.605676556548681
2025-11-13,2.617380917584671
2025-11-14,2.602324110236106
2025-11-17,2.5965149043930533
2025-11-18,2.585768976764308
2025-11-19,2.58636549945988
2025-11-20,2.5808622814341726
2025-11-21,2.5495242297792657
2025-11-24,2.556565574372849
2025-11-25,2.565855783979271
2025-11-26,2.562429498911846
2025-11-27,2.5646683853492793
2025-11-28,2.5752668051101506
2025-12-01,2.5875431564657014
2025-12-02,2.582491837083584
2025-12-03,2.5788596883729085
2025-12-04,2.576862466587932
2025-12-05,2.5876995671139165
2025-12-08,2.5889046261414204
2025-12-09,2.5744107311824815
2025-12-10,2.57702504122148
2025-12-11,2.576427818989725
2025-12-12,2.5832516648080177
2025-12-15,2.573370505905679
2025-12-16,2.563594495496241
2025-12-17,2.5751696917355327
2025-12-18,2.576757915601642
2025-12-19,2.5877228211588337
2025-12-22,2.598058237497773
2025-12-23,2.605019849557536
2025-12-24,2.615350030532311
2025-12-25,2.619854973574026
2025-12-26,2.6355598263900357
2025-12-29,2.622835376168944
2025-12-30,2.621363136253841
2025-12-31,2.6185484682454736
