date,策略名称,股指期货信号,股指期货仓位,沪深300主连,中证1000主连,红利低波ETF,10年国债主连,30年国债主连,沪铜主连,沪铝主连,PTA主连,原油主连,豆粕主连,沪金主连
2018-01-05,风险平价策略,1.0,0.3,0.3,0.0,0.0959930426038466,0.22967455133245743,0.0,0.05469699834808768,0.05508798577101437,0.06286437437801579,0.0,0.07655524236837849,0.12512780519819952
2018-01-12,风险平价策略,1.0,0.3,0.3,0.0,0.10056366179631966,0.2223350418708113,0.0,0.054994145231336604,0.05440465758790948,0.06348403727667674,0.0,0.07190328249062006,0.13231517374632612
2018-01-19,风险平价策略,1.0,0.3,0.3,0.0,0.10899966137776959,0.21728709357718423,0.0,0.05124817167659251,0.04775689065535149,0.06321708533841461,0.0,0.08209220101492179,0.12939889635976579
2018-01-26,风险平价策略,1.0,0.3,0.3,0.0,0.11275903664650637,0.23027608696430182,0.0,0.04660153354892534,0.04663125187990874,0.06478954174142695,0.0,0.07740415935523144,0.12153838986369926
2018-02-02,风险平价策略,1.0,0.3,0.3,0.0,0.08543291491992179,0.2607553232165854,0.0,0.04973741933836677,0.04745708185418005,0.06402867075486378,0.0,0.08144753139973926,0.11114105851634298
2018-02-09,风险平价策略,1.0,0.3,0.3,0.0,0.043418417625751375,0.2746726100116373,0.0,0.048608517362865214,0.0545886858390739,0.0743563467194693,0.0,0.09929740676716212,0.10505801567404073
2018-02-14,风险平价策略,1.0,0.3,0.3,0.0,0.04391202518596533,0.2725568972810352,0.0,0.049398205854529025,0.05160331409336938,0.07542984265149552,0.0,0.10057206513097518,0.1065276498026303
2018-02-23,风险平价策略,1.0,0.3,0.3,0.0,0.04532903720813585,0.266923910739061,0.0,0.05091967891021074,0.05336023913288312,0.07785698062779402,0.0,0.10368721286030218,0.10192294052161303
2018-03-02,风险平价策略,1.0,0.3,0.3,0.0,0.044197491777955844,0.2752553636399507,0.0,0.04720600635659683,0.05485932404992099,0.07887916551744113,0.0,0.10685860739668905,0.09274404126144549
2018-03-09,风险平价策略,1.0,0.3,0.3,0.0,0.048799268217250606,0.30297875866303214,0.0,0.04274176848926091,0.04910418014579926,0.060577770735771454,0.0,0.10272514862317028,0.09307310512571533
2018-03-16,风险平价策略,1.0,0.3,0.3,0.0,0.0504666704504592,0.2947176714594855,0.0,0.04619987106344743,0.04948973105223748,0.06438577464502152,0.0,0.09511226336053745,0.0996280179688114
2018-03-23,风险平价策略,-1.0,0.0,0.0,0.0,0.059250745198024465,0.46066530950596596,0.0,0.05240100874566573,0.06606071496890634,0.08662870739830224,0.0,0.12496873282751525,0.1500247813556201
2018-03-30,风险平价策略,-1.0,0.0,0.0,0.0,0.054459275901249396,0.4611252068006815,0.0,0.052444202462469884,0.07070845319057388,0.0806403142726533,0.047450888175592475,0.11090661358389904,0.1222650456128805
2018-04-04,风险平价策略,-1.0,0.0,0.0,0.0,0.05522175841365699,0.44955757258836904,0.0,0.05470565141196245,0.07293838608546085,0.08123640050024464,0.042988717859580305,0.1154049855891051,0.1279465275516206
2018-04-13,风险平价策略,-1.0,0.0,0.0,0.0,0.05859799919021981,0.4352488365636921,0.0,0.05910593655385823,0.08022617157455075,0.0886733228678836,0.047731948130893945,0.0959648038229365,0.13445098129596508
2018-04-20,风险平价策略,-1.0,0.0,0.0,0.0,0.05409789772416336,0.4493682373979293,0.0,0.06067221055837753,0.06413059342417111,0.09128315425604679,0.04922174172510067,0.09656810693170133,0.13465805798250988
2018-04-27,风险平价策略,-1.0,0.0,0.0,0.0,0.05972084759625402,0.41076521030908697,0.0,0.07046160976266744,0.05761359538416248,0.10440394521063028,0.05347271314037629,0.0996430925057368,0.1439189860910856
2018-05-04,风险平价策略,-1.0,0.0,0.0,0.0,0.060576007734323346,0.40866541566614706,0.0,0.06971183117273727,0.058023259346033994,0.10545847554967303,0.05408454890306427,0.099916553683079,0.14356390794494223
2018-05-11,风险平价策略,-1.0,0.0,0.0,0.0,0.06841086646995007,0.3620868380581748,0.0,0.07599847041462188,0.06464513441837806,0.12125622267051533,0.06037455618601432,0.08282525563998741,0.16440265614235805
2018-05-18,风险平价策略,-1.0,0.0,0.0,0.0,0.07015691949907922,0.376557013268714,0.0,0.078133325131268,0.06877878237478277,0.12814975346236546,0.06304179603159213,0.07310204787015752,0.14208036236204097
2018-05-25,风险平价策略,-1.0,0.0,0.0,0.0,0.06951394900102417,0.3831044008651307,0.0,0.07962891787540678,0.0673921231192312,0.12036810500750368,0.06121277368015426,0.07359484689354702,0.1451848835580022
2018-06-01,风险平价策略,-1.0,0.0,0.0,0.0,0.07168880297704978,0.3709772545872449,0.0,0.0819275544116959,0.07618619235166982,0.10331134395320239,0.05736909079409425,0.07848119905120966,0.16005856187383335
2018-06-08,风险平价策略,-1.0,0.0,0.0,0.0,0.06827632323931657,0.3831802657764981,0.0,0.08532479581483796,0.07490835967384543,0.10282624078448692,0.05978512329915312,0.05988994832051273,0.165808943091349
2018-06-15,风险平价策略,-1.0,0.0,0.0,0.0,0.06880346061622601,0.38216313729103646,0.0,0.08447788553886999,0.06676099563298712,0.10066210030043844,0.057737672726307816,0.06412069274271133,0.17527405515142286
2018-06-22,风险平价策略,-1.0,0.0,0.0,0.0,0.051219556731093595,0.44560682732090356,0.0,0.05901585358438659,0.06631902971111868,0.07954653035242829,0.062229313810543564,0.07957087298515833,0.15649201550436737
2018-06-29,风险平价策略,-1.0,0.0,0.0,0.0,0.04880706656277751,0.4355263695999645,0.0,0.060479799384354195,0.06677052984178228,0.08179496221297246,0.06461680909032239,0.08205406096310622,0.15995040234472058
2018-07-06,风险平价策略,-1.0,0.0,0.0,0.0,0.04571963908336023,0.4191686275915804,0.0,0.0522017472449651,0.06804319084722997,0.0901128680432348,0.0649512194297842,0.07848179671929291,0.18132091104055237
2018-07-13,风险平价策略,-1.0,0.0,0.0,0.0,0.04650879492993355,0.43617638423259936,0.0,0.046765984343586156,0.06685142998338658,0.09235957678902748,0.058403505214697254,0.07482330289696837,0.1781110216098011
2018-07-20,风险平价策略,-1.0,0.0,0.0,0.0,0.05143894610863914,0.3864239939594309,0.0,0.05228420436010209,0.07664406599881415,0.1031180231254919,0.061468332354682964,0.08764581965489408,0.18097661443794488
2018-07-27,风险平价策略,-1.0,0.0,0.0,0.0,0.05185038405551179,0.37763826878526724,0.0,0.05350847474257525,0.07814406597010638,0.10554652417876631,0.06277773290973346,0.08843013648042715,0.18210441287761234
2018-08-03,风险平价策略,-1.0,0.0,0.0,0.0,0.04251533453199543,0.3882385631997753,0.0,0.054465554414243306,0.07576157537445563,0.11580992432855013,0.059727599760922,0.08008872522709413,0.18339272316296412
2018-08-10,风险平价策略,-1.0,0.0,0.0,0.0,0.045905501783546784,0.35802362522178416,0.0,0.06247463113311199,0.08208163747913097,0.09959028367824885,0.05502322878266943,0.09205047332307134,0.2048506185984364
2018-08-17,风险平价策略,-1.0,0.0,0.0,0.0,0.054407294436587574,0.33423902356985097,0.0,0.06263166146942734,0.09621048749311423,0.1352515474458462,0.05849797672543062,0.08960238271234822,0.1691596261473948
2018-08-24,风险平价策略,-1.0,0.0,0.0,0.0,0.0569575214045362,0.3467516247279333,0.0,0.0629845746620262,0.09936451921169923,0.1176288770713557,0.06061197336040038,0.07758811086351172,0.1781127986985373
2018-08-31,风险平价策略,-1.0,0.0,0.0,0.0,0.05763639471939926,0.35694797333202083,0.0,0.06470113676283887,0.09578696030397958,0.11682463119891678,0.060869676054996866,0.0717781711597603,0.17545505646808757
2018-09-07,风险平价策略,-1.0,0.0,0.0,0.0,0.05990061262502771,0.35752952582262565,0.0,0.06612688637576598,0.09310187505120647,0.099763377980365,0.06554783290370794,0.07880951972822849,0.17922036951307282
2018-09-14,风险平价策略,-1.0,0.0,0.0,0.0,0.06473334700146191,0.3525976802980427,0.0,0.07160113084992532,0.09766533711144554,0.07559846116280851,0.0673533331120931,0.07636663738755017,0.19408407307667278
2018-09-21,风险平价策略,-1.0,0.0,0.0,0.0,0.0667183490635644,0.3436905381508655,0.0,0.07152521281056726,0.09790578673746271,0.07502673518794274,0.06943160910488916,0.08076168120924966,0.19494008773545848
2018-09-28,风险平价策略,-1.0,0.0,0.0,0.0,0.0669286329468287,0.36367484108501946,0.0,0.073716016858473,0.09030437051026924,0.07472381525827577,0.07373990862235255,0.084931797129693,0.17198061758908822
2018-10-12,风险平价策略,-1.0,0.0,0.0,0.0,0.039016018156232554,0.40933270394694404,0.0,0.06827238789979982,0.07993721304579858,0.06814313532509904,0.05099775913072826,0.08450307435547093,0.19979770813992664
2018-10-19,风险平价策略,-1.0,0.0,0.0,0.0,0.03674592803418096,0.42050849675866864,0.0,0.06938813708357934,0.07513086693139155,0.05372018513453979,0.04522252452626138,0.08628141279435457,0.21300244873702368
2018-10-26,风险平价策略,-1.0,0.0,0.0,0.0,0.03725655917098324,0.4221592363139842,0.0,0.06698730604281927,0.07942763530101332,0.05049150074735013,0.043898390722571935,0.07831434988149345,0.22146502181978453
2018-11-02,风险平价策略,-1.0,0.0,0.0,0.0,0.0466587382278725,0.4084597179404577,0.0,0.07692204737088812,0.08950873785673247,0.05465933047713584,0.04161647759599647,0.05204646256270919,0.23012848796820776
2018-11-09,风险平价策略,-1.0,0.0,0.0,0.0,0.04608168620342147,0.41973731424839433,0.0,0.07743799840413086,0.09219906276065346,0.049598808456729135,0.039685216425652495,0.05269065617504488,0.22256925732597346
2018-11-16,风险平价策略,-1.0,0.0,0.0,0.0,0.0482975894848419,0.44955391867713823,0.0,0.0779455694720861,0.08910168734645875,0.04587257501524903,0.03387165786836239,0.050775510325211305,0.20458149181065227
2018-11-23,风险平价策略,-1.0,0.0,0.0,0.0,0.044137752398318485,0.44452988674824206,0.0,0.08089782527243856,0.09108337249234817,0.03688255844934593,0.02971847287361264,0.05178348060257456,0.22096665116311956
2018-11-30,风险平价策略,-1.0,0.0,0.0,0.0,0.04723582800137569,0.4366635930081701,0.0,0.08456846276915879,0.09265178885078632,0.03773922393656236,0.027697648836436432,0.050617611832566495,0.22282584276494383
2018-12-07,风险平价策略,-1.0,0.0,0.0,0.0,0.04598373268718652,0.44704251784296833,0.0,0.07677555642220833,0.08697325871185412,0.03851367260103369,0.027109063055298567,0.050196334306083897,0.22740586437336657
2018-12-14,风险平价策略,-1.0,0.0,0.0,0.0,0.05012853605263909,0.39801706061873643,0.0,0.08346774573035767,0.10122278697044677,0.042371808846446084,0.03120952533946113,0.05473981897366213,0.2388427174682507
2018-12-21,风险平价策略,-1.0,0.0,0.0,0.0,0.05182462015644559,0.38789717325656725,0.0,0.07651229654462027,0.10442865195625875,0.0418521275609947,0.026867793329296986,0.057462817490483285,0.2531545197053332
2018-12-28,风险平价策略,-1.0,0.0,0.0,0.0,0.05466473740939668,0.4002992936478648,0.0,0.07822699206933895,0.10029842138424772,0.0365969192610389,0.022923843908243206,0.05806027916574497,0.24892951315412484
2019-01-04,风险平价策略,-1.0,0.0,0.0,0.0,0.0532483020330119,0.40367000224958716,0.0,0.07067315393658562,0.08723860467303575,0.03735599621169019,0.02291631357508793,0.061413931441981456,0.26348369587902015
2019-01-11,风险平价策略,-1.0,0.0,0.0,0.0,0.060149727378284557,0.41941157942517737,0.0,0.07714609146943682,0.09377387676804053,0.04292424752314065,0.02603935856641019,0.06200609697050387,0.21854902189900602
2019-01-18,风险平价策略,-1.0,0.0,0.0,0.0,0.06406043531970342,0.4006271820722322,0.0,0.07709354266458997,0.09327741613428588,0.04732839161153688,0.02580751166242412,0.0547724091390431,0.23703311139618446
2019-01-25,风险平价策略,1.0,0.3,0.3,0.0,0.04807716264558523,0.2731622588004398,0.0,0.055964940091158356,0.06594729883404594,0.03520396534506881,0.0188584674667353,0.04099952592678447,0.161786380890182
2019-02-01,风险平价策略,1.0,0.3,0.3,0.0,0.04901348556480614,0.272721437136696,0.0,0.05713628308025118,0.06453261772543473,0.034103506948622034,0.01805925701193818,0.040470184008711364,0.16396322852354034
2019-02-15,风险平价策略,1.0,0.3,0.3,0.0,0.047799474502863454,0.2733712541730085,0.0,0.06032337101727328,0.06257634631258302,0.030845624727771335,0.02028100014795483,0.04157169340753577,0.16323123571100984
2019-02-22,风险平价策略,1.0,0.3,0.3,0.0,0.049559267864983284,0.2763920054344322,0.0,0.06552830315521747,0.0682266294503005,0.03277943896752958,0.02151672501649051,0.04257062563443506,0.14342700447661136
2019-03-01,风险平价策略,1.0,0.3,0.3,0.0,0.054242743057868636,0.24246787837632286,0.0,0.07276955093376088,0.07829944435087319,0.03693266310348924,0.021550416819215,0.04680353303346086,0.14693377032500923
2019-03-08,风险平价策略,1.0,0.3,0.3,0.0,0.044228619891918466,0.29063166140998975,0.0,0.06821413121547229,0.08353029061887858,0.03805872877727291,0.021381104920837134,0.04710948074354853,0.10684598242208228
2019-03-15,风险平价策略,1.0,0.3,0.3,0.0,0.04370753330862942,0.27977368359814914,0.0,0.068542522856397,0.08828587655049192,0.03833402710835571,0.0227270653934195,0.049492962395023016,0.10913632878953426
2019-03-22,风险平价策略,1.0,0.3,0.3,0.0,0.04675061896283467,0.2778326680839026,0.0,0.06728866003540594,0.08611220140823314,0.03678806703219058,0.02368875595512997,0.05030981603593675,0.11122921248636636
2019-03-29,风险平价策略,1.0,0.3,0.3,0.0,0.04755369088293462,0.29526220434752914,0.0,0.06443155546587379,0.08860599282044342,0.042039118065024667,0.024090563252555038,0.048693067761990644,0.08932380740364859
2019-04-04,风险平价策略,1.0,0.3,0.3,0.0,0.055591314198749346,0.2447319302613921,0.0,0.07219399834726883,0.09441521038436228,0.04354477220528801,0.028005060160859244,0.056935562274711055,0.10458215216736903
2019-04-12,风险平价策略,1.0,0.3,0.3,0.0,0.05450113616247045,0.2408857426043295,0.0,0.07346967163343175,0.10138322851543137,0.04728623037971637,0.028957076406043527,0.055688598564129256,0.09782831573444778
2019-04-19,风险平价策略,1.0,0.3,0.3,0.0,0.054171585475846024,0.2441700364490683,0.0,0.08073701069086713,0.11147525174206747,0.03412636723344956,0.029363262656166757,0.05853875279543162,0.0874177329571032
2019-04-26,风险平价策略,1.0,0.3,0.3,0.0,0.04147276058050709,0.23619104920780376,0.0,0.08131434185249178,0.11626822338200567,0.036335171406065854,0.0318586463743315,0.05798002042452884,0.09857978677226549
2019-04-30,风险平价策略,1.0,0.3,0.3,0.0,0.04227563616767009,0.23230778274624939,0.0,0.0816675031904043,0.11772386934148941,0.037119438755062954,0.029560079725558804,0.059257643653253034,0.10008804642031201
2019-05-10,风险平价策略,1.0,0.3,0.3,0.0,0.03169705140832205,0.27570567394853374,0.0,0.061726660635184435,0.08248271540450372,0.034961401124804226,0.02696232854523003,0.06893027874489553,0.1175338901885263
2019-05-17,风险平价策略,1.0,0.3,0.3,0.0,0.02993899231024374,0.27825827174407214,0.0,0.0617596442669346,0.08315233783066814,0.02934676229221964,0.02873467453674012,0.07121569000446933,0.11759362701465234
2019-05-24,风险平价策略,1.0,0.3,0.3,0.0,0.031216347228932108,0.28367146136435917,0.0,0.05728854538596621,0.08166464885565414,0.027039905981638787,0.02426596213172399,0.07561648449776913,0.11923664455395644
2019-05-31,风险平价策略,1.0,0.3,0.3,0.0,0.03521490848320468,0.28339872935035104,0.0,0.055119606709760474,0.08531930196603685,0.028120702187220275,0.021996040238209905,0.0688984810982988,0.12193222996691784
2019-06-06,风险平价策略,1.0,0.3,0.3,0.0,0.036784606321295106,0.301947478118298,0.0,0.053979188174910854,0.0739056649789178,0.028031608772380694,0.01945583889626694,0.050793629806352276,0.13510198493157824
2019-06-14,风险平价策略,1.0,0.3,0.3,0.0,0.038312775678922724,0.2941694075905427,0.0,0.05496411756134019,0.0762276804671717,0.027258374843049143,0.019757914470621904,0.053824328558048126,0.13548540083030344
2019-06-21,风险平价策略,1.0,0.3,0.3,0.0,0.04385118543214062,0.30338315814077893,0.0,0.060639515921163144,0.07459115624813735,0.029942492815958576,0.02021840440303053,0.0505413138064813,0.11683277323230944
2019-06-28,风险平价策略,1.0,0.3,0.3,0.0,0.04537983733709257,0.30720933956568297,0.0,0.06508911540970637,0.0798374325444292,0.03241620530052795,0.021173248555786225,0.052515190113977185,0.0963796311727975
2019-07-05,风险平价策略,1.0,0.3,0.3,0.0,0.05299559721173051,0.33996793508648127,0.0,0.0605189815569985,0.08009888637989633,0.026507769638976376,0.021069704222607347,0.04852890487550446,0.07031222102780507
2019-07-12,风险平价策略,1.0,0.3,0.3,0.0,0.04828105866690246,0.3487360476463747,0.0,0.06293481552011779,0.08170966254840582,0.02487909726096931,0.022090635664604945,0.047233430081534675,0.06413525261109022
2019-07-19,风险平价策略,1.0,0.3,0.3,0.0,0.04997923472016405,0.3385148631519537,0.0,0.06647369512365985,0.08615988553164285,0.02444862844608387,0.020981231593701164,0.04732978354497961,0.0661126778878148
2019-07-26,风险平价策略,1.0,0.3,0.3,0.0,0.05480614136878822,0.350044166058307,0.0,0.06017762111700658,0.08261111832542131,0.019913338228835842,0.024529499265488783,0.0437122822039594,0.0642058334321928
2019-08-02,风险平价策略,1.0,0.3,0.3,0.0,0.04852820171256399,0.36291650627732375,0.0,0.05916517345577404,0.0833449928035217,0.019379933668799657,0.02255758167297877,0.044971162895769336,0.05913644751326875
2019-08-09,风险平价策略,1.0,0.3,0.3,0.0,0.042906628425375015,0.370752661208783,0.0,0.056496815781881184,0.08289897150519857,0.01912314354152287,0.02149685718023616,0.0456011936737484,0.06072372868325485
2019-08-16,风险平价策略,1.0,0.3,0.3,0.0,0.04683214713348528,0.3712351884162996,0.0,0.060157669682456894,0.08845978616772507,0.020372695914040756,0.021924410242684798,0.041043871962746496,0.049974230480561
2019-08-23,风险平价策略,1.0,0.3,0.3,0.0,0.04998631172447756,0.35633156117575016,0.0,0.06213173487476424,0.09077365280902346,0.020718127460016167,0.023503447922130993,0.044234573944986394,0.052320590088850955
2019-08-30,风险平价策略,1.0,0.3,0.3,0.0,0.05207259197141427,0.3361538694494138,0.0,0.06870365404468977,0.09744977662659554,0.023563940040571905,0.026955809085588898,0.043248347018839714,0.05185201176288608
2019-09-06,风险平价策略,1.0,0.3,0.3,0.0,0.05469205573911578,0.3412951541557224,0.0,0.06955013427086466,0.10008673712212897,0.02495136167008512,0.026814687593467418,0.04016587704457504,0.04244399240404052
2019-09-12,风险平价策略,1.0,0.3,0.3,0.0,0.062435556339626,0.30432506132419107,0.0,0.07973497857935455,0.10893530368847477,0.026890922281944486,0.02830614499602066,0.044465427513916536,0.044906605276471896
2019-09-20,风险平价策略,1.0,0.3,0.3,0.0,0.06570429396094783,0.30020282289757294,0.0,0.08381951509338015,0.09885332930785712,0.025569258538782464,0.024973129243406424,0.050859357592007215,0.05001829336604594
2019-09-27,风险平价策略,1.0,0.3,0.3,0.0,0.06895336621327514,0.2817455203215655,0.0,0.09033963500954476,0.09524421627284858,0.029628834060303737,0.02709461603518668,0.05539941039753562,0.05159440168973991
2019-09-30,风险平价策略,1.0,0.3,0.3,0.0,0.06829754811079143,0.28223704045473336,0.0,0.09053307550472443,0.09543567321090243,0.0296720884398903,0.02703530945537248,0.055492146238526795,0.051297118585058706
2019-10-11,风险平价策略,1.0,0.3,0.3,0.0,0.07487791959175236,0.274709090924346,0.0,0.08812021459187688,0.08947846679363959,0.03112187625064999,0.028356504432332993,0.060607038395524615,0.05272888901987761
2019-10-18,风险平价策略,1.0,0.3,0.3,0.0,0.06918721464029662,0.27041050046801013,0.0,0.09119216522189728,0.09540922248726179,0.03095867559107601,0.0274590185085518,0.06342045874988941,0.05196274433301682
2019-10-25,风险平价策略,1.0,0.3,0.3,0.0,0.07262664861036716,0.25836941754582665,0.0,0.09576878628306491,0.09362654326382308,0.030091755374061013,0.028945744540189108,0.06563091789559036,0.05494018648707756
2019-11-01,风险平价策略,1.0,0.3,0.3,0.0,0.07198068024830287,0.24713852880129752,0.0,0.09954745625108823,0.10374140911607622,0.031126629013117506,0.030689204030491593,0.056358633249045956,0.0594174592905801
2019-11-08,风险平价策略,1.0,0.3,0.3,0.0,0.06665297421360299,0.2517348064594239,0.0,0.10477363933420764,0.11241871247357903,0.02993632717190889,0.031672470311062746,0.05460954650074755,0.048201523535467236
2019-11-15,风险平价策略,1.0,0.3,0.3,0.0,0.05928226342506056,0.2758526594895328,0.0,0.10658244033420977,0.09230381643451437,0.03183223506217965,0.03297142814355042,0.04978486041931183,0.05139029669164064
2019-11-22,风险平价策略,1.0,0.3,0.3,0.0,0.058976790415761406,0.2794928916136202,0.0,0.10401289874297061,0.09264672921557947,0.0321242227736196,0.03134533546618841,0.049087202579853204,0.05231392919240716
2019-11-29,风险平价策略,1.0,0.3,0.3,0.0,0.06040017166991885,0.27254709293607476,0.0,0.1082240272010755,0.09076367717228401,0.03251540759902788,0.03220975373925844,0.05096268798569418,0.05237718169666633
2019-12-06,风险平价策略,1.0,0.3,0.3,0.0,0.06822517572005336,0.2477113318156509,0.0,0.11690811902146674,0.09345013239470322,0.035182608981562544,0.031141516063646336,0.051305721534848914,0.0560753944680679
2019-12-13,风险平价策略,1.0,0.3,0.3,0.0,0.07147832867317791,0.2405674331813985,0.0,0.12108896455263009,0.09695014544977221,0.03573183390763789,0.0325190597535448,0.04943341711675145,0.052230817365087216
2019-12-20,风险平价策略,1.0,0.3,0.3,0.0,0.07309655961498718,0.23494258596054454,0.0,0.11977516621073837,0.09956206866286965,0.035674551081073064,0.03380232967368074,0.0493389777024482,0.05380776109365819
2019-12-27,风险平价策略,1.0,0.3,0.3,0.0,0.06813705769709899,0.24315432178715804,0.0,0.12521516255493198,0.08787055001907862,0.03561301179838994,0.034006717863821256,0.050116143305091385,0.05588703497442971
2020-01-03,风险平价策略,1.0,0.3,0.3,0.0,0.07347135841322469,0.24904385256876013,0.0,0.09722179116622803,0.09633595261326101,0.03465781014396962,0.035251085801315564,0.05348289256434816,0.06053525672889283
2020-01-10,风险平价策略,1.0,0.3,0.3,0.0,0.07512287599944911,0.28920221432912613,0.0,0.11097767478585259,0.09273400145372789,0.027846113319925616,0.019997191132105314,0.04955184932479387,0.034568079655019485
2020-01-17,风险平价策略,1.0,0.3,0.3,0.0,0.07466835927244239,0.2908963411256477,0.0,0.11480540346220046,0.08418595833654902,0.0292657275553069,0.019690959508432443,0.051494117772000754,0.034993132967420335
2020-01-23,风险平价策略,0.0,0.0,0.0,0.0,0.06113695001269002,0.5248512538838593,0.0,0.10342692887769224,0.11267585880342981,0.041241571000291966,0.02699053802692734,0.06865899145180517,0.061017907943304125
2020-02-07,风险平价策略,0.0,0.0,0.0,0.0,0.023604752138439544,0.6917477276914719,0.0,0.0363862383669513,0.05715805429353121,0.024352032886782865,0.01934017070342618,0.06176796604962531,0.08564305786977172
2020-02-14,风险平价策略,0.0,0.0,0.0,0.0,0.030421223965287115,0.6033266109744352,0.0,0.0465277247693758,0.07331187302479851,0.03191676205702619,0.025024315797534606,0.07693601170052092,0.11253547771102186
2020-02-21,风险平价策略,0.0,0.0,0.0,0.0,0.03145189536892921,0.5947248045905238,0.0,0.04722175819583035,0.07393018140060333,0.032864079672162524,0.025486655970118132,0.07749730314596406,0.11682332165586845
2020-02-28,风险平价策略,0.0,0.0,0.0,0.0,0.030743048382415337,0.6523207163472421,0.0,0.043774415211457585,0.059661065521833104,0.03140572410742657,0.02093482036497934,0.06780325987578197,0.09335695018886392
2020-03-06,风险平价策略,0.0,0.0,0.0,0.0,0.03226376120825671,0.6453867576729009,0.0,0.04574128144787093,0.06321222387944114,0.03334901693411535,0.0211595013945621,0.07195558847194948,0.08693186899090352
2020-03-13,风险平价策略,0.0,0.0,0.0,0.0,0.04586230285046668,0.5474084689344214,0.0,0.06143065341569774,0.08950914678355872,0.03767135007631906,0.020035975877979416,0.1033160764935855,0.09476602556797159
2020-03-20,风险平价策略,0.0,0.0,0.0,0.0,0.05552286522301135,0.5524431418779463,0.0,0.04316744381725146,0.06716676616923802,0.03981112971367251,0.02441970977770995,0.1342338531504643,0.08323509027070612
2020-03-27,风险平价策略,0.0,0.0,0.0,0.0,0.05337193537173168,0.5740894897979438,0.0,0.04066136705727646,0.056552046056946866,0.03742431763075764,0.025328420491892586,0.1251472920592081,0.0874251315342428
2020-04-03,风险平价策略,0.0,0.0,0.0,0.0,0.05825419573875154,0.5783199005862755,0.0,0.044692706078184596,0.05871946817604828,0.037259492806661236,0.02726925419607441,0.10744294804707802,0.08804203437092645
2020-04-10,风险平价策略,0.0,0.0,0.0,0.0,0.05933653805224986,0.568448781325931,0.0,0.04597719604517184,0.060392643132899035,0.03818242636072667,0.027166402292078826,0.11066971314359189,0.08982629964735074
2020-04-17,风险平价策略,0.0,0.0,0.0,0.0,0.062350242778746,0.5684527991758125,0.0,0.04846282713989727,0.06294700222147634,0.03815144412503093,0.025720622043038252,0.10549503120144413,0.08842003131455466
2020-04-24,风险平价策略,0.0,0.0,0.0,0.0,0.0644641789648479,0.574977437593552,0.0,0.04784190968297828,0.06184329666543822,0.03372808070880735,0.021843532823942694,0.10423445110321579,0.09106711245721784
2020-04-30,风险平价策略,0.0,0.0,0.0,0.0,0.0700811952001707,0.5507348023845854,0.0,0.05148981876195692,0.06714293815706472,0.03591996869400711,0.02265259534841367,0.10651414145570062,0.09546453999810091
2020-05-08,风险平价策略,0.0,0.0,0.0,0.0,0.07620338739625612,0.5168258038995023,0.0,0.055847637614579226,0.07053251861266499,0.039298191382260345,0.02460055376114101,0.11385627524783674,0.10283563208575928
2020-05-15,风险平价策略,1.0,0.3,0.3,0.0,0.054933439329390175,0.3481154333366154,0.0,0.04118934396791073,0.05232209350662782,0.02922949430195782,0.017690926763982158,0.08012572305674787,0.07639354573676813
2020-05-22,风险平价策略,1.0,0.3,0.3,0.0,0.05335021934148457,0.34694222908162,0.0,0.04062609351824146,0.05510871767645311,0.028534169966294914,0.017563241439141127,0.08295356367448549,0.07492176530227927
2020-05-29,风险平价策略,1.0,0.3,0.3,0.0,0.05644703758466363,0.32885683878590494,0.0,0.042773497347872017,0.05863836134292918,0.029703249363811492,0.018678571295762114,0.08716461343531455,0.07773783084374204
2020-06-05,风险平价策略,1.0,0.3,0.3,0.0,0.06159489079164394,0.30531486572261685,0.0,0.0464772182447484,0.061390461397674734,0.03121704000490256,0.01959503714068858,0.09424955392691148,0.08016093277081345
2020-06-12,风险平价策略,1.0,0.3,0.3,0.0,0.06115418635196376,0.31080671422524625,0.0,0.04795603210905101,0.0607402872111288,0.031182499618724706,0.01892454111500865,0.08954084837837635,0.07969489099050034
2020-06-19,风险平价策略,1.0,0.3,0.3,0.0,0.06286543497758815,0.3011435359064843,0.0,0.04818498986164265,0.06406385183722793,0.03262761550256451,0.020023444575013438,0.08710254279191759,0.08398858454756133
2020-06-24,风险平价策略,1.0,0.3,0.3,0.0,0.0623560003267353,0.2961537316223877,0.0,0.04886612026119007,0.06525038369477437,0.03302110650655667,0.020381665893405194,0.08813943024952611,0.08583156144542452
2020-07-03,风险平价策略,1.0,0.3,0.3,0.0,0.06311713513874513,0.293715980225235,0.0,0.049363280910247234,0.06685613352468484,0.03234311114660753,0.019781719132508,0.08868035751547526,0.08614228240649706
2020-07-10,风险平价策略,1.0,0.3,0.3,0.0,0.06121124097939622,0.2590330438973262,0.0,0.05662340671885586,0.07701930288242816,0.03335483621619253,0.02188005325447603,0.09855902061278028,0.09231909543854488
2020-07-17,风险平价策略,1.0,0.3,0.3,0.0,0.05960635220107366,0.27881288659962983,0.0,0.04846779636474471,0.055277146973034354,0.03752029468896896,0.02285790046082091,0.10166439500759368,0.095793227704134
2020-07-24,风险平价策略,1.0,0.3,0.3,0.0,0.051005670720549914,0.28119391076767064,0.0,0.04608499250763605,0.0577895344688109,0.038563889558294734,0.02233707728739095,0.10433198401739849,0.09869294067224833
2020-07-31,风险平价策略,1.0,0.3,0.3,0.0,0.0562419693721763,0.2675428268392161,0.0,0.05048962011213321,0.06413088111821622,0.04301138516446645,0.02383390513827336,0.08682545649489158,0.1079239557606267
2020-08-07,风险平价策略,1.0,0.3,0.3,0.0,0.05801261543770119,0.26843872730973856,0.0,0.04961031584988828,0.06315248965416435,0.04377097916372491,0.024029440909912388,0.0815264284455614,0.11145900322930889
2020-08-14,风险平价策略,1.0,0.3,0.3,0.0,0.06262420887115769,0.3013412787301514,0.0,0.048420628030170464,0.06421334462109288,0.04773572143239225,0.02761443896291965,0.08829027508233271,0.059760104269783045
2020-08-21,风险平价策略,1.0,0.3,0.3,0.0,0.06220280145619364,0.2854570285069625,0.0,0.05228055260925038,0.071707487604622,0.05066025024516821,0.029881911718306516,0.09345105321439902,0.05435891464509766
2020-08-28,风险平价策略,1.0,0.3,0.3,0.0,0.06206514158101299,0.27205706325056195,0.0,0.054061853525092386,0.07045912319188732,0.05299281338166621,0.03213487992915094,0.0989804583271415,0.05724866681348668
2020-09-04,风险平价策略,1.0,0.3,0.3,0.0,0.06341496092371751,0.27800619428273365,0.0,0.05363459404742266,0.06751381355110117,0.05306251132166601,0.03117302842488663,0.09947666705040335,0.05371823039806896
2020-09-11,风险平价策略,1.0,0.3,0.3,0.0,0.05937773730144281,0.28130639914738603,0.0,0.05510662083137333,0.06823312475945462,0.04628753401456791,0.022658703761916626,0.10419439628948936,0.06283548389436927
2020-09-18,风险平价策略,1.0,0.3,0.3,0.0,0.06249684963197224,0.28456595454926586,0.0,0.053775221434143594,0.07024961449576662,0.04718213111807412,0.023741609738693954,0.09486766055683751,0.06312095847524601
2020-09-25,风险平价策略,1.0,0.3,0.3,0.0,0.05646361002771574,0.31814417240055665,0.0,0.05417202290285404,0.0552045851268657,0.050561991486000796,0.023949993744061746,0.08964381837612721,0.051859805935818064
2020-09-30,风险平价策略,1.0,0.3,0.3,0.0,0.05877021524579232,0.3044983380099211,0.0,0.057452661328483874,0.05808316505631515,0.04907544444638577,0.023057007025070648,0.09343980037799092,0.05562336851004009
2020-10-09,风险平价策略,1.0,0.3,0.3,0.0,0.05958668533294765,0.29916171263749536,0.0,0.058238608680313,0.058888441708674605,0.049757826293808795,0.02337527467082475,0.09479690129178946,0.05619454938414642
2020-10-16,风险平价策略,1.0,0.3,0.3,0.0,0.06121942623189975,0.29913181470642736,0.0,0.058868191025169506,0.06110535887403752,0.05165567808287448,0.02347846380966028,0.08870430117348321,0.05583676609644793
2020-10-23,风险平价策略,1.0,0.3,0.3,0.0,0.061999516430721255,0.3013302208626115,0.0,0.058733898436746965,0.06507881573156701,0.04857864001596729,0.024457895401498127,0.08154585828099561,0.05827515483989218
2020-10-30,风险平价策略,1.0,0.3,0.3,0.0,0.05898044748993871,0.3236975822918837,0.0,0.05655177314016214,0.06875510872713066,0.0432244241250675,0.01731525602765364,0.07657159881225571,0.05490380938590776
2020-11-06,风险平价策略,1.0,0.3,0.3,0.0,0.06288403110594931,0.31221262042202863,0.0,0.05881359678900399,0.07237991504766206,0.03925925959918203,0.017558284451635656,0.07865995091060064,0.05823234167393768
2020-11-13,风险平价策略,1.0,0.3,0.3,0.0,0.060649273951524876,0.3049571524482408,0.0,0.06337405660440114,0.08028084792700105,0.04283904601442956,0.018570911771237326,0.07259350042965791,0.056735210853507294
2020-11-20,风险平价策略,1.0,0.3,0.3,0.0,0.062461718550393855,0.2956332171078162,0.0,0.06196423915399605,0.08155172454578918,0.04528552500697635,0.01955062266795161,0.07586225834267753,0.057690694624399214
2020-11-27,风险平价策略,1.0,0.3,0.3,0.0,0.05970576906241783,0.29544218156416896,0.0,0.06572088949829928,0.08526417612892886,0.04798105606668766,0.021037887497487195,0.0739306161625356,0.05091742401947455
2020-12-04,风险平价策略,1.0,0.3,0.3,0.0,0.061700950610577364,0.3162344084168728,0.0,0.06984127629025076,0.06126380705987758,0.051260017674849834,0.024053958868149806,0.062133793050793126,0.05351178802862872
2020-12-11,风险平价策略,1.0,0.3,0.3,0.0,0.06061696745602966,0.30813715420400845,0.0,0.07673361212629615,0.05604031980057207,0.0536871677362673,0.02543812121061288,0.0613681051334743,0.05797855233273917
2020-12-18,风险平价策略,1.0,0.3,0.3,0.0,0.06046955719581717,0.3061182530712977,0.0,0.07750140358258134,0.05625377888803609,0.05241780195323853,0.025465839761557505,0.062477275275370156,0.05929609027210147
2020-12-25,风险平价策略,1.0,0.3,0.3,0.0,0.05110189129223542,0.3451952219817215,0.0,0.05949996614679763,0.041320498778343887,0.052626431199694367,0.02156876364462501,0.07241856958030886,0.056268657376273366
2020-12-31,风险平价策略,1.0,0.3,0.3,0.0,0.05257419269800155,0.3471700257941593,0.0,0.05616584088373706,0.03866972239563436,0.0529889215940013,0.02203316643844132,0.07192917017175987,0.05846896002426527
2021-01-08,风险平价策略,1.0,0.3,0.3,0.0,0.054638245099032805,0.3395658725320149,0.0,0.05921401811412318,0.039761359271514994,0.052208070054450405,0.022412103572679934,0.07454712339357533,0.05765320796260835
2021-01-15,风险平价策略,1.0,0.3,0.3,0.0,0.06084341063495815,0.3558226140000782,0.0,0.047514744599679845,0.03970879290371369,0.043215938883942054,0.021796454165636858,0.08396636701313323,0.04713167779885788
2021-01-22,风险平价策略,1.0,0.3,0.3,0.0,0.052502753740846904,0.397558113185829,0.0,0.0481551621984783,0.042198067509136294,0.03889115602467608,0.02148898620412252,0.04891936806960158,0.05028639306730917
2021-01-29,风险平价策略,1.0,0.3,0.3,0.0,0.056853019562477076,0.3548142230836493,0.0,0.05017236834715555,0.05047187483714756,0.04521566288675433,0.026221839191969874,0.05519605678124773,0.061054955309598494
2021-02-05,风险平价策略,1.0,0.3,0.3,0.0,0.06226462902151953,0.34156376173408254,0.0,0.05252619528263795,0.05068192495657814,0.04933048441492974,0.03024238527246652,0.05490266900514936,0.058487950312636254
2021-02-10,风险平价策略,1.0,0.3,0.3,0.0,0.06484674016480171,0.3359022528685719,0.0,0.054527225624795825,0.05246983486182659,0.049599166189737406,0.029817181292528163,0.05218607032999541,0.060651528667742816
2021-02-19,风险平价策略,1.0,0.3,0.3,0.0,0.06915395539562567,0.3258529123544365,0.0,0.05836337298801613,0.055458135616674405,0.05315933886372684,0.030185310177116034,0.05397283140320141,0.053854143201203034
2021-02-26,风险平价策略,1.0,0.3,0.3,0.0,0.06237206934614048,0.3439669614978391,0.0,0.04659437345081081,0.0709538576633837,0.052073004893130465,0.030465300420420206,0.04065865105369015,0.052915781674585126
2021-03-05,风险平价策略,1.0,0.3,0.3,0.0,0.06644538289466319,0.3808229732557853,0.0,0.04317185047034444,0.05477678739871947,0.04205818362828628,0.027153544365216296,0.037737898560075374,0.047833379426909614
2021-03-12,风险平价策略,1.0,0.3,0.3,0.0,0.06640648230354691,0.3892546816269869,0.0,0.0466661355883218,0.05293393750383918,0.033702626248228645,0.025386688951905052,0.03407688778461484,0.05157255999255669
2021-03-19,风险平价策略,1.0,0.3,0.3,0.0,0.06315939490113691,0.40230268958422427,0.0,0.04408705615619682,0.05328272932959601,0.026364462581124178,0.019118886355701418,0.037464445924577074,0.05422033516744334
2021-03-26,风险平价策略,1.0,0.3,0.3,0.0,0.05795811899015355,0.4092966894735669,0.0,0.043777860966045655,0.049340281281916754,0.02699005007670911,0.018977403676024275,0.03811390338481481,0.05554569215076892
2021-04-02,风险平价策略,1.0,0.3,0.3,0.0,0.058659822351445075,0.4100670441706293,0.0,0.043490832696252035,0.04911172886968346,0.027810255558596956,0.01950317795384865,0.03860034824833061,0.0527567901512139
2021-04-09,风险平价策略,1.0,0.3,0.3,0.0,0.06186325106348245,0.4015153725460652,0.0,0.045707278156357625,0.05140924623488023,0.027235345587342866,0.018828445004576144,0.03924253079330567,0.054198530613989875
2021-04-16,风险平价策略,1.0,0.3,0.3,0.0,0.06279807472282173,0.40960128174555005,0.0,0.04322525813147976,0.049476331698558855,0.0274082384509441,0.0188861105333304,0.0365400404741342,0.052064664243180944
2021-04-23,风险平价策略,1.0,0.3,0.3,0.0,0.06242086308404395,0.4117741372857032,0.0,0.042495701541344265,0.0488864762402272,0.02692855244646279,0.018187296701617773,0.03766221709078221,0.051644755609818474
2021-04-30,风险平价策略,1.0,0.3,0.3,0.0,0.0631982141561045,0.40609452627691434,0.0,0.04177789460663346,0.0515404685738773,0.02823419938707364,0.0197247269027913,0.03740530433316242,0.05202466576344298
2021-05-07,风险平价策略,1.0,0.3,0.3,0.0,0.06392914193781592,0.40276409463459556,0.0,0.04226035432087152,0.05211893947160708,0.02856675948181585,0.019852622588514956,0.03784646254313391,0.05266162502164523
2021-05-14,风险平价策略,1.0,0.3,0.3,0.0,0.06330886003242495,0.44348119647010065,0.0,0.03137963941486387,0.035576100017461976,0.020869683327138597,0.018398411535972038,0.030406147391149902,0.056579961810887945
2021-05-21,风险平价策略,1.0,0.3,0.3,0.0,0.06089318992646519,0.46098689985726565,0.0,0.025282079827602756,0.028500859299158413,0.019449619474550848,0.015428904840880997,0.02846488007311771,0.0609935667009584
2021-05-28,风险平价策略,1.0,0.3,0.3,0.0,0.07088927881687042,0.4354517181186312,0.0,0.02858266114497147,0.029172756545968306,0.021585851213221978,0.017511595119992684,0.031273022621807804,0.0655331164185361
2021-06-04,风险平价策略,1.0,0.3,0.3,0.0,0.09206177241275029,0.39789501114548537,0.0,0.02947571353270052,0.03422669364184586,0.026154655253869327,0.023123070604491428,0.03648282227983894,0.06058026112901816
2021-06-11,风险平价策略,1.0,0.3,0.3,0.0,0.09017550813388067,0.3823763592034775,0.0,0.03230458955490282,0.037254038112924964,0.02669945550452923,0.024667376132690606,0.04013369606531868,0.06638897729227548
2021-06-18,风险平价策略,1.0,0.3,0.3,0.0,0.0789347352183736,0.434604176619588,0.0,0.026924926903235898,0.03321989571066598,0.02541251735870287,0.02368321350138258,0.028387847684929853,0.048832687003121183
2021-06-25,风险平价策略,1.0,0.3,0.3,0.0,0.07883035025902571,0.4350208941635875,0.0,0.026626985251518784,0.03302277650082197,0.025539041092453422,0.02378009690309132,0.028540758247265624,0.04863909758223563
2021-07-02,风险平价策略,1.0,0.3,0.3,0.0,0.07128319956046622,0.43509668044811695,0.0,0.0280142259575845,0.034164407456307555,0.02526636312784586,0.024373253128931634,0.030943151551168176,0.05085871876957897
2021-07-09,风险平价策略,1.0,0.3,0.3,0.0,0.06232197760013661,0.4543590918690965,0.0,0.02785153698572346,0.03267112017288572,0.019331231923452093,0.01920175484724491,0.02967209857436279,0.054591188027097864
2021-07-16,风险平价策略,1.0,0.3,0.3,0.0,0.07441961395187666,0.410546558095379,0.0,0.033733346066073235,0.03819483660712893,0.021420473781542382,0.019178727576974624,0.0361206550038593,0.06638578891716596
2021-07-23,风险平价策略,1.0,0.3,0.3,0.0,0.07454150702876244,0.41864458143254085,0.0,0.03378616921841489,0.03631595122274207,0.02052017957596035,0.017710147469154513,0.03527070397789224,0.06321076007453261
2021-07-30,风险平价策略,1.0,0.3,0.3,0.0,0.055466322120243154,0.403577461354935,0.0,0.041173979149547874,0.04375102040622477,0.024628057610534642,0.021709877208186748,0.039436166878111446,0.0702571152722163
2021-08-06,风险平价策略,1.0,0.3,0.3,0.0,0.05759730982507335,0.40331987890197774,0.0,0.03869311134851083,0.04492427317940238,0.022794745434407387,0.019974912214206348,0.04101442038864577,0.07168134870777605
2021-08-13,风险平价策略,1.0,0.3,0.3,0.0,0.07939825187431039,0.3449844052383938,0.0,0.046377844447812684,0.06128416425582117,0.02663243745162729,0.022982532516095566,0.05374774654084061,0.06459261767509852
2021-08-20,风险平价策略,1.0,0.3,0.3,0.0,0.07164487115644935,0.3692917801000138,0.0,0.03833103293924749,0.05605330565225336,0.024938911114716984,0.02114011774584963,0.04956067128133081,0.06903931001013856
2021-08-27,风险平价策略,1.0,0.3,0.3,0.0,0.07903426989814552,0.34480438341136765,0.0,0.04099302754958326,0.05839051568303061,0.027024119888911267,0.02342916396204471,0.0524642447884556,0.07386027481846132
2021-09-03,风险平价策略,1.0,0.3,0.3,0.0,0.07794167474653582,0.3455610412428136,0.0,0.04035328455714457,0.054347162256405526,0.027347234200537696,0.024737452456565882,0.052418278148912464,0.0772938723910844
2021-09-10,风险平价策略,1.0,0.3,0.3,0.0,0.08014059135674355,0.34556373510788313,0.0,0.041188464545830465,0.057897291919985,0.026203993760436212,0.025211734084495473,0.05159305785219781,0.07220113137242838
2021-09-17,风险平价策略,1.0,0.3,0.3,0.0,0.061135998146674045,0.36128555051224864,0.0,0.040125614808315536,0.04112536489363462,0.03057515965996702,0.03019037018015792,0.061963270264574224,0.07359867153442792
2021-09-24,风险平价策略,1.0,0.3,0.3,0.0,0.04871916670590221,0.36227662672842503,0.0,0.04464704288326657,0.04123868390402404,0.033218518262698726,0.03345674821002998,0.06205654486221384,0.0743866684434396
2021-09-30,风险平价策略,1.0,0.3,0.3,0.0,0.041548908436293844,0.37167727598075817,0.0,0.04454853505715833,0.04221380964570792,0.03176916438774626,0.030810457532770112,0.061366662423582026,0.0760651865359833
2021-10-08,风险平价策略,1.0,0.3,0.3,0.0,0.04371282158488387,0.3514221711922715,0.0,0.049519980316234995,0.04685985084523315,0.035332142082513174,0.034143580278666666,0.05324007715187208,0.08576937654832442
2021-10-15,风险平价策略,1.0,0.3,0.3,0.0,0.0430953581235244,0.3426118206822074,0.0,0.05204551192631769,0.05065533271956901,0.03464711095150044,0.03595727213378769,0.0501796506325832,0.09080794283051016
2021-10-22,风险平价策略,1.0,0.3,0.3,0.0,0.048118061106588644,0.33928333396065746,0.0,0.04805977024238635,0.030361270566162307,0.03864644203765732,0.037722394789419036,0.06065458022182062,0.09715414707530827
2021-10-29,风险平价策略,1.0,0.3,0.3,0.0,0.04093551082951518,0.3655153505481612,0.0,0.045152247504870194,0.025273798867491253,0.03234917509984049,0.03840519353246304,0.06130316826652597,0.09106555535113244
2021-11-05,风险平价策略,0.0,0.0,0.0,0.0,0.054540938253436345,0.5691768016525156,0.0,0.060853569150673324,0.03035459167822289,0.043903318665720587,0.04873161757462764,0.06849949352037094,0.1239396695044326
2021-11-12,风险平价策略,0.0,0.0,0.0,0.0,0.05807567912307297,0.5478874109909062,0.0,0.06566963832301884,0.03250627516833618,0.04207502998622099,0.04533161410615808,0.07367871344453172,0.13477563885775512
2021-11-19,风险平价策略,0.0,0.0,0.0,0.0,0.061043908737963455,0.5418145383752281,0.0,0.0633451977104555,0.03317464152603893,0.04063683064135166,0.041105175109746366,0.0795923392466797,0.13928736865253624
2021-11-26,风险平价策略,0.0,0.0,0.0,0.0,0.06052649357132429,0.5753474494033701,0.0,0.05979323603238595,0.03211005485597529,0.03617059979318018,0.03602315024616719,0.08109919901093882,0.11892981708665812
2021-12-03,风险平价策略,0.0,0.0,0.0,0.0,0.0680706025737634,0.564663704526966,0.0,0.06045919716277491,0.03558801150761331,0.03214413834524927,0.029361730940278184,0.08621058553370436,0.12350202940965072
2021-12-10,风险平价策略,0.0,0.0,0.0,0.0,0.0728168987729753,0.5420760097851836,0.0,0.06472321864834023,0.03800221271190619,0.03435861390169868,0.031191804626953232,0.08624437014342708,0.13058687140951578
2021-12-17,风险平价策略,-1.0,0.0,0.0,0.0,0.0709298143726078,0.5577881821903445,0.0,0.06136126134465794,0.03907324450325388,0.034504769678091636,0.029778012613833556,0.08152612978173637,0.12503858551547428
2021-12-24,风险平价策略,-1.0,0.0,0.0,0.0,0.07022861244184694,0.5600830103945117,0.0,0.05990225080005153,0.039630965129714035,0.03334008798020723,0.028243049334178108,0.08229551468790763,0.1262765092315829
2021-12-31,风险平价策略,-1.0,0.0,0.0,0.0,0.07191742851834974,0.5650649732929273,0.0,0.06088674530834648,0.03846730492365785,0.03442097583673516,0.028690011982607094,0.0746265311620188,0.12592602897535765
2022-01-07,风险平价策略,-1.0,0.0,0.0,0.0,0.08084063225985696,0.5564380182969293,0.0,0.06175525655861408,0.04247111621090975,0.037997729783933856,0.03138494526252647,0.06888013812424715,0.12023216350298245
2022-01-14,风险平价策略,-1.0,0.0,0.0,0.0,0.06602538280287573,0.571112600480572,0.0,0.06446626754836855,0.04209724224904059,0.038748444655294666,0.03201552530423244,0.06311016465916197,0.12242437230045415
2022-01-21,风险平价策略,-1.0,0.0,0.0,0.0,0.06410750455434433,0.5805997198213803,0.0,0.06078898847165677,0.04288335389015703,0.03642192438112812,0.032015381364951426,0.0631721774310604,0.12001095008532164
2022-01-28,风险平价策略,-1.0,0.0,0.0,0.0,0.05682585053233254,0.5835396765834399,0.0,0.05696325860982006,0.04858703129088924,0.041096793782647446,0.03476154969485289,0.07355345755081405,0.10467238195520391
2022-02-11,风险平价策略,-1.0,0.0,0.0,0.0,0.08096747810641758,0.5014863927596268,0.0,0.06200644869941895,0.05274539453098265,0.04593495978265587,0.04403098230192074,0.08006622949424713,0.13276211432473026
2022-02-18,风险平价策略,-1.0,0.0,0.0,0.0,0.07759159342117807,0.5166369491067295,0.0,0.06611100723963265,0.05580714816952881,0.04001194638292437,0.04299984571488338,0.08172164683183736,0.11911986313328578
2022-02-25,风险平价策略,-1.0,0.0,0.0,0.0,0.07911342819560019,0.5316959333504674,0.0,0.07254459499153244,0.05383492325613423,0.04221791212618294,0.04535526682078066,0.06604500141139016,0.10919293984791185
2022-03-04,风险平价策略,-1.0,0.0,0.0,0.0,0.08149448052171883,0.5165450584750142,0.0,0.07951585507284412,0.05603621071727445,0.03918249458841234,0.04287616082260682,0.06911866798543397,0.1152310718166953
2022-03-11,风险平价策略,-1.0,0.0,0.0,0.0,0.08253426730788073,0.5789608090960173,0.0,0.07690133797591003,0.046276713254341746,0.029385934259288832,0.024760831349284095,0.07476827898580886,0.08641182777146848
2022-03-18,风险平价策略,-1.0,0.0,0.0,0.0,0.05808218595751972,0.543262971738491,0.0,0.10498692717009825,0.06125390476392659,0.03493727288733549,0.02537608213629026,0.08085212847753942,0.09124852686879925
2022-03-25,风险平价策略,-1.0,0.0,0.0,0.0,0.059765951094271734,0.5312095261768792,0.0,0.10862064607653475,0.06247906511162655,0.0360192604135506,0.026058668147621648,0.08260581911644098,0.09324106386307444
2022-04-01,风险平价策略,-1.0,0.0,0.0,0.0,0.065463110747197,0.5515283008378865,0.0,0.10449005005536974,0.06449906653031681,0.035040514487245426,0.024346808877201958,0.058013462326386725,0.09661868613839582
2022-04-08,风险平价策略,-1.0,0.0,0.0,0.0,0.06104151288439568,0.5648105067614857,0.0,0.10452796543392712,0.05640892051774049,0.03451063640727857,0.021623434706383712,0.05779535373248545,0.09928166955630326
2022-04-15,风险平价策略,-1.0,0.0,0.0,0.0,0.06192321856474389,0.556991861272661,0.0,0.10601581913596923,0.05226301469707833,0.034657916306201575,0.022837758687211804,0.060485335872781695,0.10482507546335249
2022-04-22,风险平价策略,-1.0,0.0,0.0,0.0,0.05903087078306132,0.5397721328339488,0.0,0.1103773774832761,0.05740185008199329,0.03780096610001934,0.024127457269667037,0.06589511768891378,0.10559422775912045
2022-04-29,风险平价策略,-1.0,0.0,0.0,0.0,0.04751326909882789,0.5977048226084019,0.0,0.09344219332459548,0.041870761558109995,0.03445751489890382,0.022003997939005215,0.056060530950568954,0.10694690962158684
2022-05-06,风险平价策略,-1.0,0.0,0.0,0.0,0.04476820794937822,0.6120346212267604,0.0,0.08658020640973926,0.039072785381524616,0.03560554844402696,0.022696263169131793,0.0530936837939248,0.106148683625514
2022-05-13,风险平价策略,-1.0,0.0,0.0,0.0,0.04719405109526291,0.6151366965324382,0.0,0.08607414515329675,0.03990238742440174,0.03478938905778603,0.02206926408408853,0.05363282850576934,0.10120123814695646
2022-05-20,风险平价策略,-1.0,0.0,0.0,0.0,0.04707710498879612,0.6227388756562844,0.0,0.08492708389347983,0.04034205909528689,0.0338963186388542,0.021756754937938622,0.05458625595197829,0.09467554683738158
2022-05-27,风险平价策略,-1.0,0.0,0.0,0.0,0.0445161585772475,0.6316163118653555,0.0,0.08402837680784167,0.03866146491029331,0.033042518788830064,0.021032628872681227,0.05043908891114436,0.09666345126660633
2022-06-02,风险平价策略,-1.0,0.0,0.0,0.0,0.05097875499468606,0.6120780978613608,0.0,0.09034545460486086,0.03949990550441425,0.03494100092849559,0.022110204988860616,0.05156734228709498,0.0984792388302268
2022-06-10,风险平价策略,-1.0,0.0,0.0,0.0,0.0523208822758435,0.6084063294991331,0.0,0.09129992972512152,0.03921366137253295,0.03580825891266858,0.02265023214148888,0.05241136677038492,0.09788933930282674
2022-06-17,风险平价策略,-1.0,0.0,0.0,0.0,0.052905696489720835,0.6271788016334371,0.0,0.07752339025990627,0.03783119117779075,0.03355554057827826,0.023508239328202625,0.049845739348336915,0.09765140118432733
2022-06-24,风险平价策略,-1.0,0.0,0.0,0.0,0.06642285449247994,0.6333612768000387,0.0,0.04873616364918528,0.039421012995181984,0.031092218626730214,0.02304771136717598,0.04441811289962855,0.11350064916957925
2022-07-01,风险平价策略,-1.0,0.0,0.0,0.0,0.0739181979148313,0.6289725115920892,0.0,0.04323628881891819,0.041542753831231016,0.029827881482467664,0.023700842080795294,0.04724147957884273,0.11156004470082458
2022-07-08,风险平价策略,-1.0,0.0,0.0,0.0,0.06656511380687857,0.6690648186591458,0.0,0.0363900511962224,0.043506534253275705,0.028268855467616323,0.02029958212448793,0.049599651000918045,0.08630539349145518
2022-07-15,风险平价策略,-1.0,0.0,0.0,0.0,0.06089162789608256,0.7025530236551896,0.0,0.02968645555025745,0.038165105518964126,0.021454949043751545,0.019089431263241526,0.04583339045869492,0.08232601661381829
2022-07-22,风险平价策略,-1.0,0.0,0.0,0.0,0.05938203499664384,0.7056993216041031,0.0,0.029985707278562285,0.039515476852465765,0.02154486586517487,0.019777872963246262,0.04310417063649821,0.0809905498033054
2022-07-29,风险平价策略,-1.0,0.0,0.0,0.0,0.06050570048950341,0.6971421342767467,0.0,0.030933088884829877,0.040826500660462846,0.02177415148615425,0.019565820096976844,0.04517703980092115,0.08407556430440485
2022-08-05,风险平价策略,-1.0,0.0,0.0,0.0,0.0568698946378092,0.6985484166988106,0.0,0.03054485752000373,0.040396757120720446,0.021638685687760235,0.019236916412493598,0.04505093492006324,0.08771353700233882
2022-08-12,风险平价策略,-1.0,0.0,0.0,0.0,0.05804465505154006,0.6949781685265115,0.0,0.03133916447186526,0.04104927782145672,0.02214117659071826,0.019802846838902707,0.04512660726810593,0.08751810343089939
2022-08-19,风险平价策略,-1.0,0.0,0.0,0.0,0.058769879493951876,0.7073221001511064,0.0,0.02934680179308939,0.03471304801074801,0.02189914003976435,0.02000940592476718,0.04175627482603336,0.08618334976053947
2022-08-26,风险平价策略,-1.0,0.0,0.0,0.0,0.06485239180948767,0.6804642498947865,0.0,0.03232085962940509,0.037364559506643996,0.02424876816187917,0.022222804712764468,0.04308918610309323,0.09543718018193982
2022-09-02,风险平价策略,-1.0,0.0,0.0,0.0,0.06956910345330564,0.6901993428174829,0.0,0.0291797720550773,0.03472059081387705,0.023850085424655863,0.02123761559546831,0.046048171766782296,0.08519531807335064
2022-09-09,风险平价策略,-1.0,0.0,0.0,0.0,0.08285255393410174,0.6504076576267256,0.0,0.03235316219479818,0.0390334740142633,0.024909167203767086,0.022754975172158402,0.05403148314365461,0.09365752671053106
2022-09-16,风险平价策略,-1.0,0.0,0.0,0.0,0.0637611397466513,0.663550148521604,0.0,0.03378669754709249,0.04021531544614142,0.026499344486070057,0.024064621286886613,0.05674472836085204,0.09137800460470201
2022-09-23,风险平价策略,-1.0,0.0,0.0,0.0,0.06461219770574504,0.6442578418317996,0.0,0.03654513224949462,0.04355528501064616,0.02662699036927213,0.02432297769070096,0.05996419040612755,0.10011538473621401
2022-09-30,风险平价策略,-1.0,0.0,0.0,0.0,0.07553537041477473,0.5573293141172563,0.0,0.04639243732004734,0.0479943380896874,0.03159366306280522,0.026988524218251653,0.08356443142782419,0.13060192134935317
2022-10-14,风险平价策略,-1.0,0.0,0.0,0.0,0.07511267970574291,0.5614245303710685,0.0,0.046856150779317755,0.04772926642866876,0.030487887695471484,0.026696350906940468,0.08051647897198211,0.13117665514080804
2022-10-21,风险平价策略,-1.0,0.0,0.0,0.0,0.07662473716222841,0.5726395140482601,0.0,0.04867289040351687,0.04738957688267828,0.03042116159920022,0.02721905904103777,0.06818088633543715,0.12885217452764122
2022-10-28,风险平价策略,-1.0,0.0,0.0,0.0,0.0644000238289823,0.5852537105351938,0.0,0.048510625675084566,0.043966196908972466,0.028181062347241864,0.02862897912419288,0.06640634453883841,0.13465305704149366
2022-11-04,风险平价策略,-1.0,0.0,0.0,0.0,0.05811920309165505,0.5864774418837638,0.0,0.04872810813461976,0.04102362647486302,0.029501478946562163,0.03016732141967931,0.06952437500421792,0.13645844504463905
2022-11-11,风险平价策略,-1.0,0.0,0.0,0.0,0.06501589847214793,0.5450776485197651,0.0,0.054784593902198954,0.04559847029244637,0.03267512171072642,0.031698222361518494,0.07150156844866058,0.15364847629253617
2022-11-18,风险平价策略,-1.0,0.0,0.0,0.0,0.08393876661424161,0.43456176517627326,0.0,0.06781306423720465,0.06675873924064137,0.0442945802448939,0.0383465785209605,0.08201896737737711,0.18226753858840772
2022-11-25,风险平价策略,-1.0,0.0,0.0,0.0,0.08568089473098468,0.43935206606561394,0.0,0.0672322493088282,0.06479487140970057,0.04069509558522971,0.03527211057451555,0.08848962074801305,0.17848309157711428
2022-12-02,风险平价策略,-1.0,0.0,0.0,0.0,0.08545776238806554,0.424840744722477,0.0,0.0662785331353576,0.06620253989430634,0.04296884091496731,0.033317499861645755,0.08193958361629515,0.19899449546688525
2022-12-09,风险平价策略,1.0,0.3,0.15,0.15,0.06308639644058293,0.30603407740555366,0.0,0.05037768604092206,0.050614906899731325,0.02883159394993014,0.020882863766821184,0.0635424830671757,0.11662999242928294
2022-12-16,风险平价策略,1.0,0.3,0.15,0.15,0.05576790994629918,0.32370879247527445,0.0,0.04669892537017832,0.046667168513389666,0.031932405326383625,0.02288338705063,0.05800153027050452,0.11433988104734012
2022-12-23,风险平价策略,1.0,0.3,0.15,0.15,0.05152858184203704,0.3299435578997441,0.0,0.047304475695951566,0.04670655625691463,0.0321050495438124,0.023514217305983753,0.05664495417796178,0.11225260727759469
2022-12-30,风险平价策略,1.0,0.3,0.15,0.15,0.05282878495408958,0.3249425864934187,0.0,0.04930071135303877,0.044946857787346674,0.03329057011136514,0.02350993157952816,0.05533182550268027,0.11584873221853272
2023-01-06,风险平价策略,1.0,0.3,0.15,0.15,0.05990514862029978,0.34095837454330635,0.0,0.04446539879633335,0.039557926057425606,0.030540220265890237,0.019539754549948208,0.04676121062001618,0.11827196654678017
2023-01-13,风险平价策略,1.0,0.3,0.15,0.15,0.060581585874872404,0.3264367651090548,0.0,0.04705290028208018,0.041798928903252756,0.03216798266228875,0.020290340435248,0.04734116611875813,0.12433033061444485
2023-01-20,风险平价策略,1.0,0.3,0.15,0.15,0.0633014088048938,0.3184532636831085,0.0,0.04722627909119077,0.04381711568991345,0.03285555016137458,0.020334326796633065,0.0441171930124036,0.12989486276048215
2023-02-03,风险平价策略,1.0,0.3,0.15,0.15,0.06349852624110158,0.34710642099328576,0.0,0.04418969079094282,0.040757778765751776,0.03035970934599709,0.018777494565004025,0.047955896994960216,0.10735448230295676
2023-02-10,风险平价策略,1.0,0.3,0.15,0.15,0.06878036968214457,0.35717734891909364,0.0,0.04629300508974587,0.0394274398781384,0.029603265602245108,0.019405125570892665,0.049643373841181455,0.0896700714165582
2023-02-17,风险平价策略,1.0,0.3,0.15,0.15,0.06783362918328495,0.362024157974875,0.0,0.04768586533600637,0.0381881137550257,0.02926538141473575,0.019084219240000463,0.04800484080460142,0.08791379229147031
2023-02-24,风险平价策略,1.0,0.3,0.15,0.15,0.06862702839587631,0.35699915686836575,0.0,0.04903589935124431,0.03915531579109218,0.030271621105403622,0.018497627192462087,0.047790413400349785,0.08962293789520588
2023-03-03,风险平价策略,1.0,0.3,0.15,0.15,0.06928258361129407,0.3648220473812867,0.0,0.043098574494827464,0.037806667529031786,0.029020928964464596,0.01947132459996508,0.04517174070112503,0.09132613271800526
2023-03-10,风险平价策略,1.0,0.3,0.15,0.15,0.055655111516264816,0.38805973949152167,0.0,0.040844505709644936,0.03627201314159109,0.0313839019425854,0.017140412808685918,0.046883661863870704,0.08376065352583545
2023-03-17,风险平价策略,1.0,0.3,0.15,0.15,0.05287951639899173,0.40874019075331564,0.0,0.02989134896519563,0.0339936950149541,0.024861780438453066,0.013060615509210166,0.04220166505035032,0.09437118786952928
2023-03-24,风险平价策略,1.0,0.3,0.15,0.15,0.052981140158888614,0.41821050139522375,0.0,0.03296128937270345,0.03616098649096976,0.028128110446316187,0.013296558066060817,0.03336514826068966,0.0848962658091477
2023-03-31,风险平价策略,1.0,0.3,0.15,0.15,0.051308944764018705,0.4223389325920305,0.0,0.03240930964081002,0.03738737458012297,0.028122440271476114,0.013689468687978346,0.03305472865771378,0.08168880080584943
2023-04-07,风险平价策略,1.0,0.3,0.15,0.15,0.05290095249332201,0.4204989049711688,0.0,0.03406421933758718,0.03906475438470887,0.028348623663597784,0.01534513022914378,0.03210796665791607,0.0776694482625554
2023-04-14,风险平价策略,1.0,0.3,0.15,0.15,0.05339681782101612,0.42715563835577053,0.0,0.03477110335961239,0.03893481372262436,0.02751625359575758,0.01554876776285791,0.02982045810698108,0.07285614727537998
2023-04-21,风险平价策略,1.0,0.3,0.15,0.15,0.04950459390243665,0.44466237592056934,0.0,0.03481802547370903,0.03722221416013009,0.026140103441506662,0.014882555045776394,0.026199067961113987,0.0665710640947577
2023-04-28,风险平价策略,1.0,0.3,0.15,0.15,0.03755480394216898,0.26964889092933647,0.2547562695933934,0.022907858715648335,0.02442245430088201,0.017806188878292214,0.009050612504172172,0.018864061321255565,0.044988859814850665
2023-05-05,风险平价策略,-1.0,0.0,0.0,0.0,0.054441082506272845,0.3887713110753168,0.36728016925235124,0.03218700614235645,0.035148897656623615,0.019397913499818894,0.010849451460590992,0.026583976622975788,0.06534019178369341
2023-05-12,风险平价策略,-1.0,0.0,0.0,0.0,0.04229675919051831,0.41569043811450057,0.3362530384619919,0.03329192424819694,0.038848878804893856,0.020693387241964147,0.012919464684310588,0.03520217819285369,0.06480393106076988
2023-05-19,风险平价策略,-1.0,0.0,0.0,0.0,0.039265319826834004,0.418318691775086,0.3356651413939501,0.03443587661372054,0.0412663424785711,0.0219344604141117,0.013604397764066339,0.03175377636380341,0.0637559933698568
2023-05-26,风险平价策略,-1.0,0.0,0.0,0.0,0.03834483611835373,0.4313796277366816,0.31951775256711984,0.035038519317505665,0.03711187780485196,0.023025489970905633,0.014410855531854153,0.034208440760879796,0.06696260019184752
2023-06-02,风险平价策略,-1.0,0.0,0.0,0.0,0.0475067592726502,0.40211786287518386,0.28775403975900954,0.04423551481149035,0.04643558660858964,0.028319140331512182,0.016771702482499127,0.037127815570304985,0.08973157828876012
2023-06-09,风险平价策略,-1.0,0.0,0.0,0.0,0.04875261888759979,0.40820359454135074,0.29382206343679856,0.04450810343788489,0.04225938838125653,0.02785677918535165,0.017345068644935263,0.03844797781719413,0.07880440566762828
2023-06-16,风险平价策略,-1.0,0.0,0.0,0.0,0.05896951412497384,0.37940342699375185,0.25581045382936074,0.05788383599501296,0.05023521105406994,0.03474125844653416,0.02024296251063666,0.05220881597416937,0.0905045210714905
2023-06-21,风险平价策略,-1.0,0.0,0.0,0.0,0.053457725664382755,0.377577063924826,0.25093880389722956,0.061394580415281834,0.04830889910570342,0.033659959221514844,0.02184156418581691,0.05670379619875183,0.0961176073864929
2023-06-30,风险平价策略,-1.0,0.0,0.0,0.0,0.04761545569712833,0.38728023984128096,0.2566480414186605,0.05859835053606756,0.04661867923859733,0.03249725003047951,0.021532880520776426,0.05344907519717773,0.09576002751983172
2023-07-07,风险平价策略,-1.0,0.0,0.0,0.0,0.04928786562056548,0.3810435477708753,0.25142719302777605,0.059568577410961956,0.04619943116114886,0.03381069887707269,0.02252103755307631,0.055565954879737686,0.10057569369878568
2023-07-14,风险平价策略,-1.0,0.0,0.0,0.0,0.049952516754022236,0.38076378695005064,0.2512757872651491,0.05976252454900712,0.04667110230565659,0.03419647282616421,0.022830838775262586,0.054984510077469406,0.0995624604972182
2023-07-21,风险平价策略,-1.0,0.0,0.0,0.0,0.04789190185899805,0.3869120133304056,0.2556714675305617,0.05686982884935559,0.0470875653323121,0.03107225773576298,0.022134682335869363,0.05500731971098354,0.09735296331575105
2023-07-28,风险平价策略,-1.0,0.0,0.0,0.0,0.06465719411527736,0.3318362386545915,0.2151683330809972,0.07420445905284588,0.06254090318997439,0.04063828789818237,0.030045580285286054,0.07069319631967341,0.11021580740317191
2023-08-04,风险平价策略,-1.0,0.0,0.0,0.0,0.06650931534521298,0.349058193063392,0.22545800293828086,0.06313989009044839,0.06561703967952037,0.033398198247997134,0.027863163352417723,0.06327449836663282,0.10568169891609765
2023-08-11,风险平价策略,-1.0,0.0,0.0,0.0,0.06059175552784455,0.3558962875681227,0.22705146916026095,0.06074341802939836,0.06614173927628966,0.03389413929893926,0.028447528499842556,0.06039433383553731,0.10683932880376464
2023-08-18,风险平价策略,-1.0,0.0,0.0,0.0,0.06032806811875262,0.364364835386014,0.22194836561131895,0.05632921697098283,0.06393822026424657,0.03233009747300278,0.02871551157877221,0.062179212147680095,0.10986647244922985
2023-08-25,风险平价策略,-1.0,0.0,0.0,0.0,0.06213682694013724,0.35589255637432743,0.22658982655303772,0.06102080511941951,0.06745238149486864,0.03519366280426047,0.0270884725572747,0.05196142245456776,0.11266404570210656
2023-09-01,风险平价策略,-1.0,0.0,0.0,0.0,0.06698761192165338,0.3299259868836371,0.2093364149296279,0.06850511946843452,0.07606263860923894,0.037735241095670204,0.030185176418921825,0.05459570207228296,0.126666108600533
2023-09-08,风险平价策略,-1.0,0.0,0.0,0.0,0.07484534189486011,0.3388373173736235,0.17073121818041498,0.06991306833253942,0.06085611551777716,0.03751009773350935,0.03927362251817294,0.047105415057036915,0.16092780339206564
2023-09-15,风险平价策略,-1.0,0.0,0.0,0.0,0.08090612036538404,0.33380810013782325,0.15728678443378732,0.07528053810663304,0.06450395214616689,0.04033661579681613,0.042447251516102805,0.047647448119242396,0.15778318937804417
2023-09-22,风险平价策略,-1.0,0.0,0.0,0.0,0.08581764880613456,0.3338119341249973,0.1542623103084932,0.07086829714218482,0.07027911184545889,0.04035174753767088,0.04429477959417894,0.04417826674653129,0.15613590389435017
2023-09-28,风险平价策略,-1.0,0.0,0.0,0.0,0.08890412782184853,0.3601718799060098,0.1614393661036609,0.06880658315260427,0.07365506483425362,0.039606682952212736,0.04404221022070211,0.04637137454610827,0.11700271046259982
2023-10-13,风险平价策略,-1.0,0.0,0.0,0.0,0.08474565266334391,0.4048052870753996,0.19123762051325435,0.07505151939561537,0.06324529903599034,0.03115302380882312,0.0245071951557615,0.03501279932478345,0.09024160302702844
2023-10-20,风险平价策略,-1.0,0.0,0.0,0.0,0.07440565582944669,0.3743424770806367,0.19167581893893576,0.07732989761110945,0.06884354532862871,0.03541314590706281,0.02798163849436952,0.04181574096124423,0.10819207984856608
2023-10-27,风险平价策略,-1.0,0.0,0.0,0.0,0.06504619489979314,0.38498873480718754,0.19021905502055014,0.0759677098965554,0.06944706735384057,0.035494440760580066,0.026714517751972193,0.0419807462254625,0.11014153328405858
2023-11-03,风险平价策略,-1.0,0.0,0.0,0.0,0.06133799690232546,0.3873844289350806,0.19201889500954458,0.07710294478087074,0.07045511469058202,0.03590950760563058,0.025789197830685152,0.04058268832399673,0.10941922592128404
2023-11-10,风险平价策略,-1.0,0.0,0.0,0.0,0.06352461068236669,0.39484231785936913,0.20138903054607382,0.07557208877195778,0.06908296820389748,0.03637906138155622,0.02208875268539839,0.039893277915370666,0.0972278919540099
2023-11-17,风险平价策略,-1.0,0.0,0.0,0.0,0.06414777076483602,0.3980604128046316,0.20343807719429358,0.07863910438353185,0.06396744946884536,0.037209325892417336,0.019515446645620188,0.03670768442628357,0.09831472841954052
2023-11-24,风险平价策略,-1.0,0.0,0.0,0.0,0.07602503421749165,0.3691516959602294,0.1920650220571722,0.09192192372133923,0.07148605473600543,0.037254522430123095,0.022296097234677723,0.038477014602386964,0.10132263504057443
2023-12-01,风险平价策略,0.0,0.0,0.0,0.0,0.07117638743560031,0.37230303392114145,0.19416242320869853,0.09636705708655874,0.06559175166256524,0.03371493217615655,0.020921739106449747,0.03623238397126109,0.1095302914315683
2023-12-08,风险平价策略,0.0,0.0,0.0,0.0,0.06339584945426598,0.3955306373215662,0.2069368161651529,0.08206439854296389,0.06455998229008245,0.0364616132375774,0.02009084830168322,0.039569002843642384,0.09139085184306557
2023-12-15,风险平价策略,0.0,0.0,0.0,0.0,0.061862681329071155,0.4033055564253225,0.21371674106729135,0.08047841611063843,0.06377579734460208,0.030964330299084773,0.017061679363784367,0.0392126800924481,0.0896221179677573
2023-12-22,风险平价策略,0.0,0.0,0.0,0.0,0.061530303811926354,0.399608164207431,0.21660296372609614,0.08102709293056139,0.0644164862574852,0.03131908989259867,0.0172652619671996,0.03807946320752762,0.090151173999174
2023-12-29,风险平价策略,0.0,0.0,0.0,0.0,0.064244686247063,0.40828537601463416,0.20851331295248116,0.07828454648607709,0.06768831655770106,0.03149572958994635,0.01547051882050229,0.036394275904117604,0.0896232374274772
2024-01-05,风险平价策略,0.0,0.0,0.0,0.0,0.06912827204858091,0.41004903808168264,0.21820532942046297,0.07620587037754113,0.053339131709446964,0.03183380420428304,0.014918132650299797,0.03447179743649592,0.09184862407120664
2024-01-12,风险平价策略,0.0,0.0,0.0,0.0,0.0665095992808413,0.3916410953342021,0.2102684612773084,0.08356644562751023,0.05929843970772802,0.033026042988321645,0.01773103026519362,0.03299167976517436,0.10496720575372041
2024-01-19,风险平价策略,0.0,0.0,0.0,0.0,0.057430573900806185,0.3987769223700329,0.22320784474189018,0.08152854237023147,0.057263214570530886,0.03483902307392958,0.017625162062435265,0.0322148829439088,0.0971138339662347
2024-01-26,风险平价策略,0.0,0.0,0.0,0.0,0.04943268306110304,0.40434416601137746,0.22332696318261744,0.08613103886113889,0.05633173648010895,0.03637624581249907,0.01791681593346018,0.03209595890464023,0.09404439175305478
2024-02-02,风险平价策略,0.0,0.0,0.0,0.0,0.046161959161913346,0.41984434010919175,0.21125778112098592,0.07963245630101377,0.05447288681859185,0.033539465460631045,0.017105976297342004,0.03214381982704377,0.10584131490328658
2024-02-08,风险平价策略,0.0,0.0,0.0,0.0,0.060327963989319916,0.38378903482737503,0.1670024669754131,0.08633725997601505,0.0713227665714509,0.04388079796218925,0.021718083122412045,0.04267181884967123,0.12294980772615356
2024-02-23,风险平价策略,0.0,0.0,0.0,0.0,0.061709063052175536,0.38959918323478004,0.16940089759229426,0.08840643182627295,0.06704877901231521,0.04300981783147551,0.022007370828757138,0.041892135002394,0.11692632161953527
2024-03-01,风险平价策略,0.0,0.0,0.0,0.0,0.056431760908668575,0.3487541626889209,0.14622162875995606,0.0996111384399685,0.07913506053278321,0.04685276701478034,0.02546046915140071,0.051252551781914596,0.1462804607216072
2024-03-08,风险平价策略,0.0,0.0,0.0,0.0,0.057718639638356495,0.35416571195208,0.13790137162656785,0.10005323491033115,0.08107955721157552,0.043263343236230475,0.024983911914790168,0.051760274198185,0.14907395531188325
2024-03-15,风险平价策略,0.0,0.0,0.0,0.0,0.0480663199597956,0.35537434063866663,0.10628671083773528,0.10534962531303664,0.09183118295286034,0.04950648066494049,0.02749343171418636,0.0575836036815222,0.1585083042372565
2024-03-22,风险平价策略,0.0,0.0,0.0,0.0,0.06123857845524075,0.3546285437285738,0.10470518133058333,0.08675260703415527,0.10834079264609822,0.06206920719946434,0.03180679484331105,0.05210081345287326,0.13835748130970002
2024-03-29,风险平价策略,-1.0,0.0,0.0,0.0,0.060660747477438375,0.35631447209207484,0.10524854642754043,0.08680730055363613,0.10716767469273177,0.06265396746676498,0.03155631485532686,0.049120154054138845,0.14047082238034778
2024-04-03,风险平价策略,-1.0,0.0,0.0,0.0,0.06339833058040253,0.3368666843470119,0.10255771300664826,0.09110805498422206,0.11138396176243208,0.06520404398840944,0.03275656684510204,0.050169830021460304,0.14655481446431146
2024-04-12,风险平价策略,-1.0,0.0,0.0,0.0,0.06616919838427382,0.35606095808368954,0.09606593992510158,0.08723304943813805,0.11415224068090438,0.06360818124291907,0.0346486608730177,0.048460122323309596,0.1336016490486464
2024-04-19,风险平价策略,-1.0,0.0,0.0,0.0,0.07203593198822025,0.3846585796834072,0.10497572967386792,0.09460476852223083,0.08362609765213438,0.06242224277540072,0.032039709659552766,0.04742554756435553,0.11821139248083042
2024-04-26,风险平价策略,-1.0,0.0,0.0,0.0,0.0562866775778939,0.40237651805487323,0.11787698431996145,0.08515729110274234,0.0861198326254496,0.08098513117784252,0.03886985696103496,0.06360373838084649,0.06872396979935554
2024-04-30,风险平价策略,-1.0,0.0,0.0,0.0,0.062424267377627414,0.3632835808867449,0.11725804438636445,0.09404865320277474,0.09090727741857522,0.08983875228781324,0.04112622061133102,0.06947484915630076,0.07163835467246829
2024-05-10,风险平价策略,-1.0,0.0,0.0,0.0,0.07039800528818459,0.37988840087291403,0.11545996859191973,0.07754960138881369,0.09007781800306738,0.08553623888745873,0.034823533974782654,0.07189891912436339,0.0743675138684957
2024-05-17,风险平价策略,-1.0,0.0,0.0,0.0,0.0723358148237291,0.38060996319550533,0.11536757053128244,0.07975874683076754,0.08788384653678642,0.08469703673336904,0.034304451426616964,0.07213586878629039,0.0729067011356528
2024-05-24,风险平价策略,-1.0,0.0,0.0,0.0,0.07204235167457639,0.420285324743442,0.131526045755455,0.04870086676213762,0.06337174429392357,0.09479781885495843,0.03655401393798617,0.07918867155383513,0.053533162423685526
2024-05-31,风险平价策略,-1.0,0.0,0.0,0.0,0.07046031978482309,0.4297124632142151,0.13046784053576221,0.040798430048215054,0.06989305439379624,0.09622260690216661,0.0351623412743092,0.07304036251091081,0.05424258133580166
2024-06-07,风险平价策略,-1.0,0.0,0.0,0.0,0.058906502232887466,0.4685147860246252,0.14452980751206163,0.03784447872399632,0.05713205637568376,0.07861638446907265,0.03237799193044745,0.06709906172045728,0.05497893101076825
2024-06-14,风险平价策略,-1.0,0.0,0.0,0.0,0.049845164232787974,0.4893288565727881,0.15205313284252633,0.036389182455579976,0.050588918088065475,0.08260701375543839,0.034785412822064044,0.05978760652769559,0.044614712703054074
2024-06-21,风险平价策略,-1.0,0.0,0.0,0.0,0.0492032196215109,0.5033070936730403,0.15368637698832438,0.035035531362477265,0.046903026252423874,0.07301072663234914,0.038436857860225916,0.05043458400915281,0.04998258360049545
2024-06-28,风险平价策略,-1.0,0.0,0.0,0.0,0.047370380534107366,0.5081282450090917,0.15519577675135354,0.033974647866334334,0.046100936718072756,0.07286788292938841,0.03869503982677346,0.051538691750699014,0.04612839861417945
2024-07-05,风险平价策略,-1.0,0.0,0.0,0.0,0.05538930687568073,0.4630893152902459,0.14961765158179088,0.042598573423472626,0.055519190736727494,0.07266592919986356,0.04827523194524196,0.0541295525623676,0.058715248384609176
2024-07-12,风险平价策略,-1.0,0.0,0.0,0.0,0.051173626082609704,0.4539422895171267,0.16329039328277772,0.04241319994740955,0.05236222314390527,0.07561257304405021,0.04375101247800866,0.04952228838728175,0.0679323941168305
2024-07-19,风险平价策略,-1.0,0.0,0.0,0.0,0.05151614274416212,0.47147302586147666,0.1717054642524448,0.03817145221208008,0.05126767694765461,0.07171938100759331,0.04033413573392625,0.04856316684090426,0.05524955439975787
2024-07-26,风险平价策略,-1.0,0.0,0.0,0.0,0.05057849367892449,0.487403486607077,0.18295111035594822,0.03191678377791746,0.04893395935523639,0.06397294250827938,0.03769213041907412,0.04982353031520907,0.04672756298233395
2024-08-02,风险平价策略,-1.0,0.0,0.0,0.0,0.049725156399092384,0.5023233905163624,0.18631315483144106,0.030756471727934165,0.04614822592155655,0.05699038038471209,0.03213735955427218,0.046413166409859,0.049192694254770124
2024-08-09,风险平价策略,-1.0,0.0,0.0,0.0,0.06484906125545033,0.47830851262232876,0.17480454854636798,0.03464373359267321,0.05568057046620605,0.054661783542135585,0.030678749445449776,0.056193169342704366,0.0501798711866838
2024-08-16,风险平价策略,-1.0,0.0,0.0,0.0,0.08021966064143413,0.4209243933872364,0.16895874799188826,0.04332873540602874,0.06596230526443618,0.06602186279153288,0.03637966830982584,0.0569752385220833,0.0612293876855342
2024-08-23,风险平价策略,-1.0,0.0,0.0,0.0,0.0781908000657484,0.4179394610642248,0.17185915114777195,0.04633295649739395,0.07106895649717644,0.05686582035929182,0.034511742256298404,0.05822016986313688,0.06501094224895734
2024-08-30,风险平价策略,-1.0,0.0,0.0,0.0,0.06784774467910117,0.41361607367150294,0.17250305888947043,0.048352960736011905,0.07137670284087722,0.058850961912445,0.03388182360049473,0.06295556528097905,0.07061510838911757
2024-09-06,风险平价策略,-1.0,0.0,0.0,0.0,0.070953720515714,0.43720956994074495,0.18338572907367975,0.04476838402043586,0.06176896050004243,0.04074063610064117,0.026707115692973855,0.06387891459406568,0.07058696956170234
2024-09-13,风险平价策略,-1.0,0.0,0.0,0.0,0.05920319939399839,0.4514473635843113,0.1909085985632329,0.04555921317329464,0.06438136083571254,0.03462614612093203,0.026417135343786848,0.05760378072680659,0.06985320225792489
2024-09-20,风险平价策略,-1.0,0.0,0.0,0.0,0.061075945573195546,0.45183016201067705,0.18678964336359608,0.04720256550402115,0.06654764555358893,0.03491975077684683,0.027384043260853846,0.05301583318705443,0.07123441077016615
2024-09-27,风险平价策略,1.0,0.3,0.15,0.15,0.06567663093395061,0.24194842154993315,0.09130487233717137,0.04960372528701761,0.06409508847168821,0.034893875399522004,0.026705876477141663,0.051620276451055956,0.0741512330925194
2024-09-30,风险平价策略,1.0,0.3,0.15,0.15,0.06670978514733954,0.2385070166770368,0.09046800105816727,0.05044256045707671,0.06507733347634947,0.03543132923068863,0.02714072208627613,0.05253922618146346,0.07368402568560195
2024-10-11,风险平价策略,1.0,0.3,0.15,0.15,0.033183200225359956,0.26288635939632066,0.1002375303524981,0.05266813716776348,0.07168121171405575,0.036956331936731306,0.026517471097788358,0.045437171138198076,0.0704325869712841
2024-10-18,风险平价策略,1.0,0.3,0.15,0.15,0.031412309109217273,0.2723781514970984,0.10231748545113976,0.04899951400677375,0.06365370747687096,0.032056719560408765,0.024662136943512773,0.04561668102885856,0.07890329492611979
2024-10-25,风险平价策略,0.0,0.0,0.0,0.0,0.046737724675275906,0.38919334749707624,0.14416811112753258,0.0694542692870853,0.08467368444669685,0.04869374862165828,0.03590156340412012,0.0650115065878698,0.11616604435268499
2024-11-01,风险平价策略,0.0,0.0,0.0,0.0,0.04596059326307039,0.3987812705032197,0.14501700548956833,0.07026262434655405,0.08307089557920917,0.045947924946541104,0.03410330662409747,0.06415245513694964,0.11270392411079015
2024-11-08,风险平价策略,0.0,0.0,0.0,0.0,0.04645690527309232,0.40909256675806116,0.14726984381471084,0.06837700765961525,0.0860743978985875,0.04423691889269988,0.03474260581086723,0.06417296968174392,0.09957678421062202
2024-11-15,风险平价策略,0.0,0.0,0.0,0.0,0.04872223781718765,0.4567913821423942,0.1543631824054707,0.05798380778370495,0.06583788766768256,0.04242187604440893,0.035796667918796515,0.06122385841332966,0.07685909980702471
2024-11-22,风险平价策略,0.0,0.0,0.0,0.0,0.045487270465412136,0.4659184486648115,0.14550844462371895,0.05857572575444699,0.05871386126066226,0.04583712859417885,0.03849554149575316,0.0580161611723797,0.08344741796863636
2024-11-29,风险平价策略,0.0,0.0,0.0,0.0,0.04770851744604374,0.4698117089569975,0.1505243467341025,0.059042054939815236,0.056173162670637745,0.04437033639428577,0.037470820948110384,0.06015440090794712,0.07474465100205989
2024-12-06,风险平价策略,0.0,0.0,0.0,0.0,0.051082205428853125,0.47147992373506414,0.14940513965276586,0.062187542430740574,0.056843649146161385,0.04324002542446492,0.036351067188318494,0.053414593131699856,0.07599585386193151
2024-12-13,风险平价策略,0.0,0.0,0.0,0.0,0.04842730730080064,0.47364334421333615,0.15302983452435184,0.060773449408729016,0.055196236324859246,0.04436638036644254,0.03764290903909014,0.05367344845630175,0.07324709036608867
2024-12-20,风险平价策略,0.0,0.0,0.0,0.0,0.049245976325689146,0.47628006016269864,0.14599086795219932,0.06363904520808848,0.055403169665676114,0.04658010060419747,0.03905995491966318,0.04990461838274594,0.07389620677904177
2024-12-27,风险平价策略,0.0,0.0,0.0,0.0,0.05162838648378942,0.46676718381587207,0.14305158888974762,0.06684811307024559,0.05610187106801754,0.04564004426908136,0.0409902711419962,0.05223453140592546,0.07673800985532458
2025-01-03,风险平价策略,0.0,0.0,0.0,0.0,0.04841121631983453,0.4554497304397396,0.1458451945618077,0.06628947332950337,0.058460467546037044,0.04861108431412858,0.04376733626447125,0.05343098684743193,0.07973451037704594
2025-01-10,风险平价策略,0.0,0.0,0.0,0.0,0.04922018126554915,0.4378462617770508,0.14212396337559074,0.07502642054485291,0.06313555770747367,0.049887424967191306,0.044857388336051816,0.05040565409719116,0.08749714792904847
2025-01-17,风险平价策略,0.0,0.0,0.0,0.0,0.05086802227977645,0.41359353653762154,0.14465015042836835,0.07978224089343916,0.06733370244447094,0.05179148215009715,0.04664057929711474,0.054457711446483564,0.09088257452262812
2025-01-24,风险平价策略,0.0,0.0,0.0,0.0,0.0516619363581084,0.42173142981774825,0.14838970935154772,0.06991686534729322,0.06454372240417437,0.04510627304926206,0.04198433177254128,0.0579366891324052,0.09872904276691953
2025-01-27,风险平价策略,0.0,0.0,0.0,0.0,0.05228283508683953,0.42499550074810855,0.149768168438138,0.06903469541247743,0.06254768338612901,0.044573856909675684,0.041737262566791083,0.05681195219664188,0.09824804525519885
2025-02-07,风险平价策略,0.0,0.0,0.0,0.0,0.05060249661358353,0.4246930880674207,0.15058871930075454,0.06952930339666277,0.06361597117412339,0.045498455910622536,0.04136161800334973,0.05591029440151068,0.09820005313197219
2025-02-14,风险平价策略,1.0,0.3,0.15,0.15,0.04077565208037738,0.2770718160161448,0.10873746933447292,0.055431306282916266,0.04827539082802862,0.03246675500195544,0.025829156078631513,0.038967669734396526,0.07244478464307647
2025-02-21,风险平价策略,1.0,0.3,0.15,0.15,0.04965753648668598,0.267296924118559,0.08685042318021427,0.05293367158229794,0.06329228116096075,0.04150178668256731,0.029637787745639473,0.046846982563858865,0.06198260647921642
2025-02-28,风险平价策略,1.0,0.3,0.15,0.15,0.05342231848458651,0.2626593982107126,0.08326319574556566,0.06071091472489289,0.06440684299644095,0.041010941065069646,0.026027569835363435,0.04457440743418904,0.06392441150317928
2025-03-07,风险平价策略,1.0,0.3,0.15,0.15,0.061271424501689514,0.2282192612719364,0.07895605862018389,0.07259726859984147,0.07482793564811396,0.04040306291767719,0.025939217834746574,0.043187777743742536,0.07459799286206836
2025-03-14,风险平价策略,1.0,0.3,0.15,0.15,0.06834009371280948,0.21274439551461086,0.07485340168793123,0.07805767421378082,0.08153136038667394,0.04125376341064476,0.02836996355832786,0.037744131397274755,0.0771052161179462
2025-03-21,风险平价策略,1.0,0.3,0.15,0.15,0.07409686184763252,0.20517331774726005,0.07211171695277371,0.07412605045250185,0.07531832228633062,0.04555592980284714,0.030852188139400518,0.04046448361227164,0.08230112915898193
2025-03-28,风险平价策略,0.0,0.0,0.0,0.0,0.10751647185256634,0.3040786696385643,0.1029634963204472,0.09319605453778107,0.09933815215949253,0.06434150822057243,0.04643371772410636,0.05697478494173094,0.12515714460473884
2025-04-03,风险平价策略,0.0,0.0,0.0,0.0,0.11260110387302992,0.3120408435447108,0.10742081899408913,0.0811507865609692,0.09895139894827219,0.05777993818887745,0.0432507732785661,0.0583602037714488,0.1284441328400365
2025-04-11,风险平价策略,0.0,0.0,0.0,0.0,0.05424877292716314,0.4523095698553702,0.15749111842987804,0.03988240227310932,0.061979898858269884,0.03053422320588246,0.02610541376719786,0.08671938688725198,0.09072921379587692
2025-04-18,风险平价策略,0.0,0.0,0.0,0.0,0.05594204210897327,0.4549004496803459,0.15810377936865488,0.03982183544326543,0.06252922451346422,0.029649799458395076,0.026167500321087517,0.07915624246960787,0.09372912663620592
2025-04-25,风险平价策略,0.0,0.0,0.0,0.0,0.06182797442859497,0.44829682431576645,0.16381932338502478,0.04546884227358821,0.07136144230926016,0.033047752196633855,0.029018383807800793,0.08590070525517439,0.06125875202815642
2025-04-30,风险平价策略,0.0,0.0,0.0,0.0,0.05873262182412562,0.4521067520752838,0.168750833791753,0.04721050743468017,0.07405873692241838,0.03466228813634261,0.027518636089713146,0.07598207171161218,0.06097755201407112
2025-05-09,风险平价策略,0.0,0.0,0.0,0.0,0.061746225699072545,0.45213563206894275,0.16422556562422402,0.049096206973429174,0.06983134722589064,0.03560205686533384,0.02753283397774736,0.07843889504877948,0.06139123651658008
2025-05-16,风险平价策略,1.0,0.3,0.15,0.15,0.04929953150613675,0.29819127939449913,0.10938878338573488,0.03794422977484577,0.05672562485219135,0.02771659674532191,0.02017446115872326,0.06252004632979923,0.038039446852747696
2025-05-23,风险平价策略,1.0,0.3,0.15,0.15,0.04924254082374455,0.2992202215039987,0.10936049294021355,0.03784584082692294,0.05690482635735686,0.026960621365137848,0.01943404044830003,0.0627302568447149,0.03830115888961075
2025-05-30,风险平价策略,1.0,0.3,0.15,0.15,0.05193666177140875,0.2937944266312589,0.10822218122115979,0.039145429083197424,0.05693096374719751,0.02640183372282157,0.01873000097408361,0.06626096086259078,0.0385775419862817
2025-06-06,风险平价策略,1.0,0.3,0.15,0.15,0.051880990301328304,0.29562037635780075,0.10919733818222473,0.04037622722511027,0.05451526479145169,0.025838332028640998,0.019066038112093987,0.0639842904804827,0.03952114252086659
2025-06-13,风险平价策略,1.0,0.3,0.15,0.15,0.051582349367629704,0.2962361068800306,0.109951164548327,0.039637258896032916,0.05467489926658406,0.025696296594299603,0.01925192022572464,0.06391745806986775,0.039052546151503616
2025-06-20,风险平价策略,1.0,0.3,0.15,0.15,0.05174126312052425,0.29842827483847745,0.11104910776868486,0.039075766690567226,0.05343585931671295,0.025953375518355176,0.018994283139193897,0.06342030062881977,0.03790176897866441
2025-06-27,风险平价策略,1.0,0.3,0.15,0.15,0.053687926312103354,0.3014270190287583,0.11233329372082976,0.04522640810466317,0.05914540101900671,0.021742987749698527,0.013117119714077934,0.056968095650056456,0.03635174870080568
2025-07-04,风险平价策略,1.0,0.3,0.15,0.15,0.05491875812576179,0.2996197218024424,0.11171999406705879,0.04418551073567174,0.06024559129434442,0.021858640767217836,0.01335375562992843,0.05749997023000408,0.03659805734757044
2025-07-11,风险平价策略,1.0,0.3,0.15,0.15,0.05588993991169276,0.29881953209179535,0.11195190019771864,0.04244731961596388,0.05904041327172219,0.022982437671506702,0.013899320502962767,0.05870433942017868,0.03626479731645906
2025-07-18,风险平价策略,1.0,0.3,0.15,0.15,0.05424742782122259,0.298008697953851,0.11234392867129231,0.04368445330916434,0.05646926217193052,0.023606473540340022,0.014276523602975882,0.0597386831406471,0.03762454978857618
2025-07-25,风险平价策略,1.0,0.3,0.15,0.15,0.05728908828710235,0.28444763771562653,0.09888082832400749,0.052880768360122815,0.06911411633937747,0.030117342595986137,0.017894189515505112,0.05102188024081488,0.038354148621457244
2025-08-01,风险平价策略,1.0,0.3,0.15,0.15,0.05401222422859657,0.2871668896410532,0.09904775883641144,0.05238387123004932,0.06813281053710629,0.028002261815951092,0.01971634001566004,0.05088144368250752,0.04065640001266457
2025-08-08,风险平价策略,1.0,0.3,0.15,0.15,0.054335367945202245,0.288358816848616,0.09908789227717749,0.052350430747824056,0.06771320410422083,0.027599782824470943,0.018503680615707854,0.051138031126015754,0.04091279351076476
2025-08-15,风险平价策略,1.0,0.3,0.15,0.15,0.055603316011744626,0.2861040778923059,0.09034453515124015,0.05518062627077908,0.07213617618736141,0.028395002388479015,0.0195992611877767,0.0513116019443098,0.04132540296600329
2025-08-22,风险平价策略,1.0,0.3,0.15,0.15,0.06313064302681974,0.2607248980553351,0.08380978557636219,0.06106412216978295,0.07465781407157572,0.032852861671046396,0.022149975739954062,0.05421434211102907,0.04739555757809477
2025-08-29,风险平价策略,1.0,0.3,0.15,0.15,0.05620292236903784,0.26395285706036514,0.08271071278640209,0.06280591283317355,0.07811265534330272,0.03300362892880651,0.02112039470442283,0.049083212808746855,0.05300770316574231
2025-09-05,风险平价策略,1.0,0.3,0.15,0.15,0.056458876008374716,0.25779045136543116,0.08149151042380066,0.06529526296695184,0.07797824327280987,0.032169699262712,0.021012463584150643,0.05080567788617673,0.05699781522959238
2025-09-12,风险平价策略,1.0,0.3,0.15,0.15,0.056722791075166236,0.2465050210162401,0.07779964876796816,0.06817363018773623,0.08430314379786881,0.033210881190937666,0.020342250876806252,0.05225515817543303,0.06068747491184343
2025-09-19,风险平价策略,1.0,0.3,0.15,0.15,0.04710567127315845,0.2642216541086516,0.08333362374821023,0.06226447938601552,0.0792570916029553,0.03470220802220218,0.02228938380327851,0.052839061626093385,0.0539868264294348
2025-09-26,风险平价策略,1.0,0.3,0.15,0.15,0.05215657094841918,0.256023585217061,0.08239720321238139,0.06682343809069032,0.08426580685213152,0.03665173913537719,0.022352542196174174,0.03773723108341189,0.06159188326435334
2025-09-30,风险平价策略,1.0,0.3,0.15,0.15,0.05032774438431513,0.2595981949439167,0.08201941053229259,0.06785080918526498,0.08321663447828077,0.03524883658097676,0.021133519000626235,0.03795955283259133,0.0626452980617354
2025-10-10,风险平价策略,1.0,0.3,0.15,0.15,0.055800519283306656,0.27242971583214276,0.07978711873096962,0.06234563567091348,0.08107810893296463,0.034677023766941074,0.020342737225670707,0.039053987050380184,0.054485153506710855
2025-10-17,风险平价策略,1.0,0.3,0.15,0.15,0.057092060266129785,0.28595438072424606,0.0838339953811131,0.05185828993200228,0.07755134023839809,0.03128533927591711,0.018420408576875342,0.03546647637757041,0.058537709227747765
2025-10-24,风险平价策略,1.0,0.3,0.15,0.15,0.06114624749523079,0.283544467955341,0.08395285445020466,0.05761217065994873,0.08590358737804107,0.03333890974205007,0.020154969426080558,0.03846576694269989,0.03588102595040325
2025-10-31,风险平价策略,1.0,0.3,0.15,0.15,0.06358820980392335,0.3025725515128725,0.08928315076510304,0.046183509331365315,0.07346291450182732,0.03429569064494823,0.01996381212866497,0.041345617699636815,0.029304543611658514
2025-11-07,风险平价策略,0.7,0.21,0.105,0.105,0.07594931479421187,0.3397971455703858,0.10314369327745435,0.04703446809629838,0.07936426602042332,0.04053757801082384,0.0229417097019876,0.04739272069110814,0.033839103837306796
2025-11-14,风险平价策略,0.7,0.21,0.105,0.105,0.07534037751840773,0.3406002943269472,0.1048292035651825,0.04773943576225186,0.07415697841599996,0.041574155939322656,0.021460830212885147,0.04975687269109536,0.034541851567907685
2025-11-21,风险平价策略,0.5,0.15,0.075,0.075,0.0598599136777832,0.4051213975632279,0.11659985257770286,0.05135478153582352,0.06382937399324183,0.046716851322352995,0.023713398195654167,0.05078161564558499,0.03202281548862849
2025-11-28,风险平价策略,0.5,0.15,0.075,0.075,0.06464268765833274,0.3640224534128104,0.11491358021892892,0.058830150027846306,0.07307535237048911,0.05195200850791625,0.026589888554540777,0.0589932633288087,0.03698061592032682
2025-12-05,风险平价策略,0.5,0.15,0.075,0.075,0.06728408472492549,0.3394050642452343,0.10290653879527384,0.06606400589260919,0.08470445780255863,0.0555076378587598,0.02998229084285324,0.06342667218291849,0.04071924765486701
2025-12-12,风险平价策略,0.5,0.15,0.075,0.075,0.06676776413054177,0.37552825515528754,0.10724952634320857,0.055336757750790125,0.059361459263852716,0.05196808344727318,0.02792485035727873,0.06143555092650503,0.044427752625262266
2025-12-19,风险平价策略,0.5,0.15,0.075,0.075,0.07020911853452572,0.38597662845827563,0.0979863616053706,0.048675278898082146,0.056493401725006206,0.054900375216568,0.02808277622502485,0.06214813110684987,0.045527928230296985
2025-12-26,风险平价策略,0.7,0.21,0.105,0.105,0.06450940842239279,0.35284031991720044,0.08837645490735292,0.04696804821843864,0.054083954229298216,0.05321587121619362,0.026953116652650936,0.05970172620241571,0.04335110023405675
2025-12-31,风险平价策略,1.0,0.3,0.15,0.15,0.07272238590335979,0.28686271223156284,0.07481336809708136,0.05006313430110401,0.06031967647113128,0.03710139642520773,0.025761736948542717,0.05530916321507635,0.03704642640693386
2026-01-09,风险平价策略,1.0,0.3,0.15,0.15,0.06889919403236572,0.30753633309552686,0.08004339733934801,0.03832838544667137,0.047014971325815336,0.036255761618372476,0.02506916435743469,0.05501860356583718,0.04183418921862826
2026-01-16,风险平价策略,1.0,0.3,0.15,0.15,0.06169054131289135,0.3304394021852326,0.08477823903395316,0.03134608868494176,0.03840495324622644,0.03444602004164083,0.024495145195675506,0.05104125506827656,0.04335835523116183
2026-01-23,风险平价策略,1.0,0.3,0.15,0.15,0.05998355545220408,0.33142931731365166,0.08538959695456859,0.03154379396977883,0.038513214938309684,0.035102493953780976,0.02439398194200365,0.050105030046308605,0.04353901542939392
2026-01-30,风险平价策略,1.0,0.3,0.15,0.15,0.06602783730644528,0.3885263195223971,0.08370630503625065,0.020372201240903345,0.025026625854017364,0.027329644984537087,0.025136881855931194,0.045093208826420095,0.0187809753730978
2026-02-06,风险平价策略,1.0,0.3,0.15,0.15,0.0562533726009097,0.40852852243932736,0.10492750733605696,0.015223651183191843,0.01558536121932427,0.021300968214409993,0.018511304662760217,0.050831087272484705,0.008838225071534854
2026-02-13,风险平价策略,1.0,0.3,0.15,0.15,0.05184800171682988,0.4036510526847633,0.11127441524083206,0.015171325978409669,0.01557244185417199,0.02222518531863942,0.017051852879285023,0.05402595843225797,0.009179765894810676
2026-02-27,风险平价策略,1.0,0.3,0.15,0.15,0.05528153126806348,0.39748185235640987,0.10492344778900792,0.0164270145282245,0.01694007109519146,0.022915583931822272,0.017728673352610025,0.058369945581450394,0.009931880097219948
2026-03-06,风险平价策略,0.7,0.21,0.105,0.105,0.05806610843478675,0.45036293496415464,0.12036485372854745,0.018296112386569637,0.018848535616735,0.026510633847112094,0.020532043485152435,0.06605699186104341,0.010961785675898658
2026-03-13,风险平价策略,1.0,0.3,0.15,0.15,0.06078735385229071,0.3946165402697446,0.09731206621607723,0.01845039338550643,0.019378805595204135,0.024517319063218156,0.011866054402749023,0.06164062582136546,0.011430841393844201
2026-03-20,风险平价策略,0.7,0.21,0.105,0.105,0.0703948571778564,0.4591221238380926,0.11047751293322776,0.020360170826810915,0.022312414579143063,0.02506786268249182,0.01264902781697053,0.05700899648900727,0.012607033656399529
2026-03-27,风险平价策略,0.5,0.15,0.075,0.075,0.05130793014032378,0.5078658535579754,0.14236342562807067,0.022876667498181732,0.02651585811688388,0.02291676833695849,0.012103167824775251,0.052390678385496575,0.011659650511333993
