日期,风险平价策略
2018-01-08,1.0017207318685695
2018-01-09,1.004209690159546
2018-01-10,1.0029068227713014
2018-01-11,1.0028937524424268
2018-01-12,1.0027286093793926
2018-01-15,1.004322889471778
2018-01-16,1.0040599473682725
2018-01-17,1.0006282598874456
2018-01-18,1.0002420613936303
2018-01-19,1.0012451195386156
2018-01-22,1.0060004760375754
2018-01-23,1.008690276034728
2018-01-24,1.0088390154034461
2018-01-25,1.0109821199520619
2018-01-26,1.0101256694086884
2018-01-29,1.0070901643186418
2018-01-30,1.0003435184057312
2018-01-31,1.0025869624797665
2018-02-01,0.9982725822209828
2018-02-02,0.9995517488822335
2018-02-05,0.9975215230819122
2018-02-06,0.9910356861070615
2018-02-07,0.9856729212620898
2018-02-08,0.9816916147757735
2018-02-09,0.9709497477234431
2018-02-12,0.9763085531931721
2018-02-13,0.9791429480825744
2018-02-14,0.9815847533239366
2018-02-22,0.9888969465289756
2018-02-23,0.9935372623692079
2018-02-26,0.999775930136946
2018-02-27,0.9983153693175555
2018-02-28,0.9966703055116797
2018-03-01,0.99904453490029
2018-03-02,1.0022838791419222
2018-03-05,1.0001415303259689
2018-03-06,1.0051565615645879
2018-03-07,1.0014827563564053
2018-03-08,1.0014411271084362
2018-03-09,0.9981547095460278
2018-03-12,0.997915708383868
2018-03-13,0.9945626122961152
2018-03-14,0.9951305499998807
2018-03-15,0.9953603893722935
2018-03-16,0.9957284051497466
2018-03-19,0.9936564934708215
2018-03-20,0.9944012768110375
2018-03-21,0.9928878266160376
2018-03-22,0.9952555303371083
2018-03-23,0.9920369653996945
2018-03-26,0.9914446525685988
2018-03-27,0.990733414826289
2018-03-28,0.9867645608966049
2018-03-29,0.9854226392076835
2018-03-30,0.9919185102578665
2018-04-02,0.994076699867489
2018-04-03,0.9926536360674154
2018-04-04,0.9937657657231336
2018-04-09,0.9997356170734406
2018-04-10,0.9993168146721216
2018-04-11,1.0022434796734196
2018-04-12,1.0027646142802986
2018-04-13,1.0025533193520444
2018-04-16,1.003750830238924
2018-04-17,1.0081872588884246
2018-04-18,1.013327492460428
2018-04-19,1.0185523099026939
2018-04-20,1.013470637284694
2018-04-23,1.012754348892451
2018-04-24,1.0118417924751575
2018-04-25,1.009063087566264
2018-04-26,1.0083203087371404
2018-04-27,1.0077758038141575
2018-05-02,1.010164177462437
2018-05-03,1.0122082175385114
2018-05-04,1.012689596872098
2018-05-07,1.0136138460014004
2018-05-08,1.0109228369343868
2018-05-09,1.0101081186940364
2018-05-10,1.0149906825176647
2018-05-11,1.0146877229069968
2018-05-14,1.01322378359633
2018-05-15,1.014430749070657
2018-05-16,1.0113069600111277
2018-05-17,1.0110093440506505
2018-05-18,1.0125837202829695
2018-05-21,1.0134320209775545
2018-05-22,1.0136207549369602
2018-05-23,1.0137149773519376
2018-05-24,1.0156498335875115
2018-05-25,1.0179793176817866
2018-05-28,1.0132097649195817
2018-05-29,1.0153815193146858
2018-05-30,1.0123924341120167
2018-05-31,1.0139949457420656
2018-06-01,1.0154197045744016
2018-06-04,1.0148871219050883
2018-06-05,1.0134846579276704
2018-06-06,1.0161057184774704
2018-06-07,1.0171264984613266
2018-06-08,1.012973439597666
2018-06-11,1.0143052886573256
2018-06-12,1.0144797185068686
2018-06-13,1.0121631384395486
2018-06-14,1.0154568788003702
2018-06-15,1.0142530986979486
2018-06-19,1.00659093004284
2018-06-20,1.0056891089258229
2018-06-21,1.0045098341279577
2018-06-22,1.0056958111576573
2018-06-25,1.0062643877169646
2018-06-26,1.0079590306900146
2018-06-27,1.0153669680472224
2018-06-28,1.0156160257895277
2018-06-29,1.0198339942311494
2018-07-02,1.0206052114364128
2018-07-03,1.0199561979131375
2018-07-04,1.0161096781086452
2018-07-05,1.0149307247872825
2018-07-06,1.0133443557208004
2018-07-09,1.0160886435691663
2018-07-10,1.0160570395814732
2018-07-11,1.0147645868198325
2018-07-12,1.0134387353911343
2018-07-13,1.0123209490061664
2018-07-16,1.013329780144078
2018-07-17,1.0117088637961982
2018-07-18,1.0093522426613935
2018-07-19,1.0145932078856505
2018-07-20,1.0140033252898988
2018-07-23,1.0169558515187567
2018-07-24,1.0199816655304845
2018-07-25,1.0228334521538178
2018-07-26,1.02418983582478
2018-07-27,1.0247704735713346
2018-07-30,1.0282953310483882
2018-07-31,1.0313861123175316
2018-08-01,1.0295815637573313
2018-08-02,1.030701110307538
2018-08-03,1.0350307566149348
2018-08-06,1.03941940267812
2018-08-07,1.040170458149341
2018-08-08,1.0420170591399005
2018-08-09,1.0419441217095577
2018-08-10,1.0420958276032792
2018-08-13,1.0421726105485216
2018-08-14,1.0437298956639018
2018-08-15,1.0403353484199414
2018-08-16,1.035904734622405
2018-08-17,1.0325328566688148
2018-08-20,1.0389253098998659
2018-08-21,1.0437790375492777
2018-08-22,1.0462482433041798
2018-08-23,1.0425721990243282
2018-08-24,1.0423515735673832
2018-08-27,1.0438499085340303
2018-08-28,1.052806791960818
2018-08-29,1.0508213572274492
2018-08-30,1.0547653764970295
2018-08-31,1.0541884779511181
2018-09-03,1.0533961296867544
2018-09-04,1.049326094291018
2018-09-05,1.0453595102986677
2018-09-06,1.0462174334082877
2018-09-07,1.0453033700902288
2018-09-10,1.0466421686678404
2018-09-11,1.0437336057311133
2018-09-12,1.0447722585880825
2018-09-13,1.044414546463361
2018-09-14,1.0432540710517824
2018-09-17,1.0417222096433105
2018-09-18,1.0424758553261466
2018-09-19,1.0450166140697714
2018-09-20,1.0447800126988565
2018-09-21,1.0503554852357175
2018-09-25,1.0531401932106914
2018-09-26,1.0562862534039783
2018-09-27,1.0561958791889952
2018-09-28,1.0578748469108692
2018-10-08,1.06317797764671
2018-10-09,1.0703885066493013
2018-10-10,1.0718594102653756
2018-10-11,1.0633928259539889
2018-10-12,1.0663759122411374
2018-10-15,1.0655296668952219
2018-10-16,1.0633512084664427
2018-10-17,1.0639495402193981
2018-10-18,1.0603103889303604
2018-10-19,1.061526607538053
2018-10-22,1.0612368786932618
2018-10-23,1.061232208441174
2018-10-24,1.062136573445172
2018-10-25,1.0612104393021093
2018-10-26,1.061142693696647
2018-10-29,1.0610323756588376
2018-10-30,1.059642399192085
2018-10-31,1.0561614983934304
2018-11-01,1.053415305014209
2018-11-02,1.0489201134723365
2018-11-05,1.049549143004014
2018-11-06,1.0502053441436856
2018-11-07,1.0491808538406562
2018-11-08,1.048575504150652
2018-11-09,1.0448107578643808
2018-11-12,1.0438899251904399
2018-11-13,1.04216858637536
2018-11-14,1.0393100793912078
2018-11-15,1.042908519461993
2018-11-16,1.0484107631929307
2018-11-19,1.0492304948113513
2018-11-20,1.0460717437375693
2018-11-21,1.044616879759704
2018-11-22,1.0434529703819517
2018-11-23,1.0397889824345217
2018-11-26,1.036343824372977
2018-11-27,1.0348591105857057
2018-11-28,1.0368307359851858
2018-11-29,1.0382686409415305
2018-11-30,1.038261188580116
2018-12-03,1.0439093831430024
2018-12-04,1.043826258114045
2018-12-05,1.044017445848935
2018-12-06,1.042815414185753
2018-12-07,1.0443904008250076
2018-12-10,1.046213970555255
2018-12-11,1.0452160783887277
2018-12-12,1.0450768512171749
2018-12-13,1.0431327042042398
2018-12-14,1.0405615068783274
2018-12-17,1.040073109594063
2018-12-18,1.0415876116821934
2018-12-19,1.0396103694022778
2018-12-20,1.0404381473089805
2018-12-21,1.0410212679452577
2018-12-24,1.039408420263629
2018-12-25,1.038966786336244
2018-12-26,1.0409718036436988
2018-12-27,1.0410042432615982
2018-12-28,1.0431152090582974
2019-01-02,1.0419476084198531
2019-01-03,1.0449305994008729
2019-01-04,1.048009011883337
2019-01-07,1.0478552980631237
2019-01-08,1.047923920492912
2019-01-09,1.0490289534852961
2019-01-10,1.047887270240241
2019-01-11,1.0454982450503063
2019-01-14,1.0408699710686373
2019-01-15,1.0421534662621659
2019-01-16,1.0452408936672604
2019-01-17,1.046028608200072
2019-01-18,1.0486625192119525
2019-01-21,1.0495714841136243
2019-01-22,1.0478794694176208
2019-01-23,1.0478938971524683
2019-01-24,1.047802710592128
2019-01-25,1.04777845723231
2019-01-28,1.0486434025004816
2019-01-29,1.0502390524406535
2019-01-30,1.0518405276038956
2019-01-31,1.0566044707028102
2019-02-01,1.0597854161906017
2019-02-11,1.0629546054784402
2019-02-12,1.0646312731680452
2019-02-13,1.066073155230568
2019-02-14,1.0657271847244651
2019-02-15,1.0630219662396738
2019-02-18,1.0713763243978713
2019-02-19,1.0721250803009161
2019-02-20,1.0740994756356574
2019-02-21,1.0729834124195532
2019-02-22,1.0760076875872338
2019-02-25,1.0863698353626727
2019-02-26,1.0789652977000115
2019-02-27,1.0777955147096376
2019-02-28,1.0758109065557073
2019-03-01,1.0812723730868203
2019-03-04,1.0790682453823701
2019-03-05,1.079098956225197
2019-03-06,1.0830806650630467
2019-03-07,1.0822820202587717
2019-03-08,1.0768581221999773
2019-03-11,1.0793747381404193
2019-03-12,1.0815822686557621
2019-03-13,1.0823741593321299
2019-03-14,1.080978457474076
2019-03-15,1.0836702798566444
2019-03-18,1.0858232304708992
2019-03-19,1.0863624910922054
2019-03-20,1.0870596598571958
2019-03-21,1.0900077134374246
2019-03-22,1.0896441018936067
2019-03-25,1.0859959096597782
2019-03-26,1.0849480649798888
2019-03-27,1.0860986680186877
2019-03-28,1.0842682480041121
2019-03-29,1.0882799620923147
2019-04-01,1.093748646088372
2019-04-02,1.0924812873119758
2019-04-03,1.0933039322482614
2019-04-04,1.0957240362683405
2019-04-08,1.0969688334733494
2019-04-09,1.0980728880668382
2019-04-10,1.099629337196961
2019-04-11,1.098045708219533
2019-04-12,1.0945492092243123
2019-04-15,1.0929082587691004
2019-04-16,1.095620516489719
2019-04-17,1.0965550353290958
2019-04-18,1.0919567206444536
2019-04-19,1.0940384918583654
2019-04-22,1.0922466634692478
2019-04-23,1.0919801797597497
2019-04-24,1.0893453588645494
2019-04-25,1.0882734693508822
2019-04-26,1.085244973216894
2019-04-29,1.084267227232806
2019-04-30,1.0871779909279857
2019-05-06,1.0743265264756805
2019-05-07,1.078453735803248
2019-05-08,1.0774338517230726
2019-05-09,1.0775705194546847
2019-05-10,1.0837393749802149
2019-05-13,1.0846996909061053
2019-05-14,1.0835605116534124
2019-05-15,1.0881052389296606
2019-05-16,1.0918412606441525
2019-05-17,1.088219906494858
2019-05-20,1.087336645827405
2019-05-21,1.0882112849638623
2019-05-22,1.0842821433052299
2019-05-23,1.0804368997432785
2019-05-24,1.0816533597362439
2019-05-27,1.085178574666077
2019-05-28,1.087775598160792
2019-05-29,1.0915804722760132
2019-05-30,1.0878876257624506
2019-05-31,1.0874439305291923
2019-06-03,1.08953801837907
2019-06-04,1.0906640092186755
2019-06-05,1.0923803323067585
2019-06-06,1.0859738405631398
2019-06-10,1.089485750158484
2019-06-11,1.0924345294198072
2019-06-12,1.0908272445921356
2019-06-13,1.0938196542599512
2019-06-14,1.0963638477379143
2019-06-17,1.095985545069426
2019-06-18,1.0958174427989897
2019-06-19,1.0976883198478466
2019-06-20,1.1065402962706032
2019-06-21,1.1075598906834412
2019-06-24,1.1110915374051475
2019-06-25,1.1137777692281647
2019-06-26,1.1121689062195443
2019-06-27,1.1123994068851166
2019-06-28,1.1141304517641486
2019-07-01,1.1173188962585487
2019-07-02,1.1191835875188354
2019-07-03,1.1196096949319019
2019-07-04,1.116522277146791
2019-07-05,1.1153354132348965
2019-07-08,1.1108679403424537
2019-07-09,1.1092507081651466
2019-07-10,1.1111921331034873
2019-07-11,1.1157850270239826
2019-07-12,1.1160543428261311
2019-07-15,1.1176504075659335
2019-07-16,1.1161686310804155
2019-07-17,1.1152353323328044
2019-07-18,1.1164843033839822
2019-07-19,1.1208971481604793
2019-07-22,1.115632222533766
2019-07-23,1.114345559301064
2019-07-24,1.113847002530092
2019-07-25,1.116241180116436
2019-07-26,1.116487196943451
2019-07-29,1.1139737029859313
2019-07-30,1.1181685001385289
2019-07-31,1.1180617630423888
2019-08-01,1.113487427248651
2019-08-02,1.1131304293989568
2019-08-05,1.115077253492732
2019-08-06,1.1127635523469843
2019-08-07,1.1124756171668246
2019-08-08,1.116251610087145
2019-08-09,1.1176417754543682
2019-08-12,1.1220979512890017
2019-08-13,1.1249598707293444
2019-08-14,1.1237841686826333
2019-08-15,1.123516229491034
2019-08-16,1.1234276106703558
2019-08-19,1.131760236273651
2019-08-20,1.1305709645335347
2019-08-21,1.129065157666121
2019-08-22,1.1300018931012281
2019-08-23,1.1320673188075794
2019-08-26,1.1314446292428586
2019-08-27,1.1345947527140452
2019-08-28,1.135843469299212
2019-08-29,1.1375286996201768
2019-08-30,1.1352477612460303
2019-09-02,1.1374467806320363
2019-09-03,1.1370734114733079
2019-09-04,1.1411263514269097
2019-09-05,1.145528500373776
2019-09-06,1.1458020266463194
2019-09-09,1.1470579703201647
2019-09-10,1.1443963804500876
2019-09-11,1.1425382235953492
2019-09-12,1.1428957154127675
2019-09-16,1.145862497578469
2019-09-17,1.1430518949380961
2019-09-18,1.1403023801179928
2019-09-19,1.138686353582246
2019-09-20,1.1414819058823709
2019-09-23,1.1397211184603204
2019-09-24,1.1391522068325217
2019-09-25,1.1376394412219173
2019-09-26,1.133513122667989
2019-09-27,1.1306074517093345
2019-09-30,1.130413402286929
2019-10-08,1.1322764552043783
2019-10-09,1.1359013504423088
2019-10-10,1.136889716423299
2019-10-11,1.139633239369731
2019-10-14,1.1415046431174636
2019-10-15,1.1391806073587496
2019-10-16,1.1376826960613828
2019-10-17,1.137802332721152
2019-10-18,1.1341480107376112
2019-10-21,1.1361988738187552
2019-10-22,1.1364767117116352
2019-10-23,1.1356209408489106
2019-10-24,1.138292843219345
2019-10-25,1.1399065361925127
2019-10-28,1.138282218791557
2019-10-29,1.1359220668016383
2019-10-30,1.1341017223605887
2019-10-31,1.1331823000000825
2019-11-01,1.1378332268990876
2019-11-04,1.1400595447405257
2019-11-05,1.14427508846689
2019-11-06,1.1401998926444108
2019-11-07,1.140824682819307
2019-11-08,1.137676507402769
2019-11-11,1.1313496987943252
2019-11-12,1.129700036579465
2019-11-13,1.129160671817435
2019-11-14,1.1289431046821512
2019-11-15,1.1266714975784382
2019-11-18,1.1333381814509786
2019-11-19,1.1359548476939854
2019-11-20,1.1330180171411424
2019-11-21,1.1344491569974742
2019-11-22,1.1314101414573008
2019-11-25,1.13411153806424
2019-11-26,1.1336656996180543
2019-11-27,1.134125844181026
2019-11-28,1.1336670717928776
2019-11-29,1.1334889279261584
2019-12-02,1.1317145460093487
2019-12-03,1.1328097892422853
2019-12-04,1.1334002586723029
2019-12-05,1.1368753078021907
2019-12-06,1.13673250140901
2019-12-09,1.1424157798690862
2019-12-10,1.1438878623486088
2019-12-11,1.1461074899706414
2019-12-12,1.146325919245545
2019-12-13,1.14926133440161
2019-12-16,1.1527780770241072
2019-12-17,1.1568074075381884
2019-12-18,1.156665042427822
2019-12-19,1.1573781014473399
2019-12-20,1.158397726730443
2019-12-23,1.1551657327753801
2019-12-24,1.1604505379726444
2019-12-25,1.161300464682349
2019-12-26,1.1624950952653508
2019-12-27,1.1642324689463686
2019-12-30,1.1693804718096168
2019-12-31,1.168565260748186
2020-01-02,1.1714462430095502
2020-01-03,1.1721163498829916
2020-01-06,1.1755577155990953
2020-01-07,1.1740954972047182
2020-01-08,1.1737004501636108
2020-01-09,1.169385381375344
2020-01-10,1.1703943938111692
2020-01-13,1.1707617819781528
2020-01-14,1.1694899300389021
2020-01-15,1.1689972329743819
2020-01-16,1.170826098718706
2020-01-17,1.1709760605774473
2020-01-20,1.1729325850632661
2020-01-21,1.1662769261773285
2020-01-22,1.166301001706432
2020-01-23,1.1553230954507145
2020-02-03,1.1395861825034492
2020-02-04,1.1405914101575507
2020-02-05,1.1418959346557351
2020-02-06,1.1453782498506744
2020-02-07,1.1464363892467244
2020-02-10,1.1463363919856306
2020-02-11,1.1440880823993453
2020-02-12,1.143665274898318
2020-02-13,1.1468139134103255
2020-02-14,1.1433644775547265
2020-02-17,1.1448789731088147
2020-02-18,1.1464943785424513
2020-02-19,1.1488275046969885
2020-02-20,1.1489084656567596
2020-02-21,1.1526299693824944
2020-02-24,1.1535378586457137
2020-02-25,1.1506213156683665
2020-02-26,1.1492649671845534
2020-02-27,1.1489827115875282
2020-02-28,1.1437682250317074
2020-03-02,1.146845447277848
2020-03-03,1.147260089583641
2020-03-04,1.1524086132389524
2020-03-05,1.1524133968738317
2020-03-06,1.1535639968368545
2020-03-09,1.1479335520310803
2020-03-10,1.1406183657279445
2020-03-11,1.139926024135124
2020-03-12,1.133493426103267
2020-03-13,1.129631207684779
2020-03-16,1.1207393386667845
2020-03-17,1.1123209277097272
2020-03-18,1.105998215475601
2020-03-19,1.0917797121105113
2020-03-20,1.1042431558882906
2020-03-23,1.102466195429027
2020-03-24,1.1118442127325763
2020-03-25,1.1223950780686165
2020-03-26,1.1171681842104495
2020-03-27,1.1193606829441038
2020-03-30,1.1155883023957602
2020-03-31,1.1202421766124637
2020-04-01,1.114032767795507
2020-04-02,1.118611410386839
2020-04-03,1.115416354370555
2020-04-07,1.1279952524234846
2020-04-08,1.1294308550366523
2020-04-09,1.1303280177708677
2020-04-10,1.1305574527833362
2020-04-13,1.1278177738962145
2020-04-14,1.1297062093714305
2020-04-15,1.1305272703742408
2020-04-16,1.1284912773434448
2020-04-17,1.1277549510748184
2020-04-20,1.1229723691404814
2020-04-21,1.1182399079949847
2020-04-22,1.1165524822336326
2020-04-23,1.1288279991401713
2020-04-24,1.1303907269401234
2020-04-27,1.1295432011559565
2020-04-28,1.1284235112395258
2020-04-29,1.1338007926885127
2020-04-30,1.1339267044609747
2020-05-06,1.136176841330556
2020-05-07,1.1314970611664312
2020-05-08,1.1343203555959465
2020-05-11,1.1309595402072983
2020-05-12,1.1293264442204616
2020-05-13,1.1280679172704045
2020-05-14,1.1264585151653497
2020-05-15,1.1325506836823505
2020-05-18,1.137898308988692
2020-05-19,1.1382936881315953
2020-05-20,1.1426441870262938
2020-05-21,1.141642622376997
2020-05-22,1.1381473031330582
2020-05-25,1.139436504680193
2020-05-26,1.1403988164200607
2020-05-27,1.1405844835394459
2020-05-28,1.1435806019209271
2020-05-29,1.143483556777287
2020-06-01,1.1497080204381682
2020-06-02,1.1466364542243035
2020-06-03,1.1494629062180077
2020-06-04,1.1470174196561567
2020-06-05,1.1484017030534486
2020-06-08,1.1526599935600705
2020-06-09,1.1541028282766659
2020-06-10,1.157011434776922
2020-06-11,1.1548022326202743
2020-06-12,1.156889162982467
2020-06-15,1.1515038489061742
2020-06-16,1.1586910338111498
2020-06-17,1.1579096160004985
2020-06-18,1.1594890870629415
2020-06-19,1.1642793254257093
2020-06-22,1.164449601369914
2020-06-23,1.1644308752103003
2020-06-24,1.1682479914244814
2020-06-29,1.1661525555232901
2020-06-30,1.1718112913776384
2020-07-01,1.184003640178881
2020-07-02,1.1905598972011469
2020-07-03,1.1946754502170203
2020-07-06,1.2094211479900059
2020-07-07,1.2069751701559328
2020-07-08,1.2087399056329333
2020-07-09,1.2152415949977495
2020-07-10,1.2088420470026608
2020-07-13,1.2193817273839298
2020-07-14,1.2146907278416215
2020-07-15,1.2151605277190731
2020-07-16,1.2017699559865749
2020-07-17,1.2036220517683074
2020-07-20,1.2109961308222008
2020-07-21,1.2142924622767777
2020-07-22,1.2232347622492867
2020-07-23,1.2241787295903397
2020-07-24,1.220255837984152
2020-07-27,1.2238547971529197
2020-07-28,1.2195978903333404
2020-07-29,1.225422827111712
2020-07-30,1.224590169420964
2020-07-31,1.2261590586756075
2020-08-03,1.2277830921651052
2020-08-04,1.2301026781416964
2020-08-05,1.2315649679464151
2020-08-06,1.2311102240645124
2020-08-07,1.231776477025617
2020-08-10,1.2305226570711791
2020-08-11,1.2239021694266832
2020-08-12,1.2140715026561102
2020-08-13,1.2171447681575995
2020-08-14,1.222523309096452
2020-08-17,1.2297201411874632
2020-08-18,1.230664593302137
2020-08-19,1.2293875745631504
2020-08-20,1.2233602992761405
2020-08-21,1.223767757039175
2020-08-24,1.2243977094247713
2020-08-25,1.223804061511679
2020-08-26,1.2232289337206033
2020-08-27,1.2235972053061082
2020-08-28,1.2284558002498152
2020-08-31,1.23236301851464
2020-09-01,1.2324736853816258
2020-09-02,1.2281702784977322
2020-09-03,1.221508377459493
2020-09-04,1.2209183111967588
2020-09-07,1.2190423012944742
2020-09-08,1.2224183774674198
2020-09-09,1.2117112883675651
2020-09-10,1.2126672265917486
2020-09-11,1.2124149289306219
2020-09-14,1.2188878795731084
2020-09-15,1.222367400193292
2020-09-16,1.219327896053389
2020-09-17,1.2169247155741627
2020-09-18,1.22961701869071
2020-09-21,1.2277563322116567
2020-09-22,1.2186170851626028
2020-09-23,1.212701242905825
2020-09-24,1.2042168107615623
2020-09-25,1.2056445623264647
2020-09-28,1.2071385641556258
2020-09-29,1.2069601926200164
2020-09-30,1.2023219455062562
2020-10-09,1.218210827599239
2020-10-12,1.2283414777224961
2020-10-13,1.225355852009567
2020-10-14,1.2251207287134345
2020-10-15,1.2249508265715099
2020-10-16,1.2291475315583014
2020-10-19,1.2287192183210507
2020-10-20,1.2308251081892025
2020-10-21,1.2328456021222292
2020-10-22,1.2317387195616776
2020-10-23,1.225846890686698
2020-10-26,1.2223044232179656
2020-10-27,1.2233851273318872
2020-10-28,1.2221284245459965
2020-10-29,1.21804856287589
2020-10-30,1.2086899519548264
2020-11-02,1.2150597033982864
2020-11-03,1.220878665188932
2020-11-04,1.2247588713128097
2020-11-05,1.2292222275259919
2020-11-06,1.2273702109001745
2020-11-09,1.2309333280276935
2020-11-10,1.2304179937461739
2020-11-11,1.2388812145615324
2020-11-12,1.237931720632538
2020-11-13,1.2345294464084284
2020-11-16,1.2411217753050199
2020-11-17,1.2393553016152343
2020-11-18,1.2421975235003757
2020-11-19,1.24225682677933
2020-11-20,1.2487999525478959
2020-11-23,1.255936365395898
2020-11-24,1.2547119064405985
2020-11-25,1.2540296236636757
2020-11-26,1.2543663592952312
2020-11-27,1.2594217168046158
2020-11-30,1.2646043581526674
2020-12-01,1.2651197745701446
2020-12-02,1.2649722449020668
2020-12-03,1.2588279181683584
2020-12-04,1.2673410710394257
2020-12-07,1.2622269939072137
2020-12-08,1.2609802165042734
2020-12-09,1.2571204432443712
2020-12-10,1.2592183462898066
2020-12-11,1.2561232942267204
2020-12-14,1.2612456893192394
2020-12-15,1.260639695005573
2020-12-16,1.2639181877944041
2020-12-17,1.2722382081087424
2020-12-18,1.2753263924314213
2020-12-21,1.2782326674373885
2020-12-22,1.2669698607464124
2020-12-23,1.2682455407427513
2020-12-24,1.271507819408953
2020-12-25,1.2766904425250296
2020-12-28,1.2749628783126705
2020-12-29,1.2716039686310086
2020-12-30,1.2794080868448574
2020-12-31,1.2857000805161767
2021-01-04,1.292025479195773
2021-01-05,1.2946961230578165
2021-01-06,1.303529635092616
2021-01-07,1.310230070093294
2021-01-08,1.3094745515528223
2021-01-11,1.2984321881972942
2021-01-12,1.3075821576379534
2021-01-13,1.3144222524510536
2021-01-14,1.3088259997450058
2021-01-15,1.3063721194682592
2021-01-18,1.3057999323340443
2021-01-19,1.3035345872324815
2021-01-20,1.3008375721593495
2021-01-21,1.307231776558242
2021-01-22,1.2997126661716012
2021-01-25,1.2995991699937928
2021-01-26,1.292348628379365
2021-01-27,1.2963945712537552
2021-01-28,1.2869587973564234
2021-01-29,1.289836944119008
2021-02-01,1.2982145711017192
2021-02-02,1.2960573128286241
2021-02-03,1.291711582103634
2021-02-04,1.2964747846394749
2021-02-05,1.2996753539154973
2021-02-08,1.3045552188433032
2021-02-09,1.3145050517519767
2021-02-10,1.3168104371016172
2021-02-18,1.328036507600196
2021-02-19,1.3302920753736998
2021-02-22,1.338590597378384
2021-02-23,1.3466596183470787
2021-02-24,1.3449802369927328
2021-02-25,1.3605602174166054
2021-02-26,1.3408802251809808
2021-03-01,1.3422057995736247
2021-03-02,1.3289268317053045
2021-03-03,1.3420313525339633
2021-03-04,1.3330836177566834
2021-03-05,1.3375082211091487
2021-03-08,1.3372777140533514
2021-03-09,1.3263617530292866
2021-03-10,1.322880777085275
2021-03-11,1.332290141674093
2021-03-12,1.3322930996995197
2021-03-15,1.3339715345575047
2021-03-16,1.3323906270273531
2021-03-17,1.3367377465859276
2021-03-18,1.3360875626386504
2021-03-19,1.3253592718779486
2021-03-22,1.3317098877438325
2021-03-23,1.3282671987870105
2021-03-24,1.326498022693023
2021-03-25,1.3263572611661274
2021-03-26,1.3330986253688264
2021-03-29,1.3342579190700783
2021-03-30,1.3329259928422026
2021-03-31,1.330595303570964
2021-04-01,1.3370577795855134
2021-04-02,1.3437932509406885
2021-04-06,1.340353426003828
2021-04-07,1.3408559108333615
2021-04-08,1.3386123716863696
2021-04-09,1.3380570262945908
2021-04-12,1.3339890187968253
2021-04-13,1.3383671137318003
2021-04-14,1.3426800369299436
2021-04-15,1.3493643084335076
2021-04-16,1.3531731887299767
2021-04-19,1.3599498719338454
2021-04-20,1.3584245569996032
2021-04-21,1.358106834453075
2021-04-22,1.358015469586132
2021-04-23,1.3611105951897542
2021-04-26,1.3581917265712866
2021-04-27,1.362959006476161
2021-04-28,1.3632754910537879
2021-04-29,1.369147785063882
2021-04-30,1.3691521384061778
2021-05-06,1.377728381404756
2021-05-07,1.3818613000479485
2021-05-10,1.3893215849748815
2021-05-11,1.3845877831351854
2021-05-12,1.3919190455333372
2021-05-13,1.3835033145440032
2021-05-14,1.3814287483549854
2021-05-17,1.387056804039997
2021-05-18,1.3908940547491961
2021-05-19,1.3872077784106085
2021-05-20,1.3869230723529569
2021-05-21,1.3826406866465124
2021-05-24,1.383106290079721
2021-05-25,1.3913227341357275
2021-05-26,1.3927905288482867
2021-05-27,1.3912662325007912
2021-05-28,1.392952882558585
2021-05-31,1.3970632749458112
2021-06-01,1.4004386468681018
2021-06-02,1.394880375699907
2021-06-03,1.3938015205874525
2021-06-04,1.3870340126292815
2021-06-07,1.386005579055817
2021-06-08,1.3855302628958528
2021-06-09,1.3875007504580266
2021-06-10,1.3880707285449445
2021-06-11,1.3906157752316441
2021-06-15,1.3808566435526555
2021-06-16,1.3770845915005712
2021-06-17,1.3748524083294842
2021-06-18,1.3683594286038951
2021-06-21,1.3709030800577604
2021-06-22,1.3768535765861674
2021-06-23,1.3820699751931926
2021-06-24,1.3821264667006612
2021-06-25,1.387358948402065
2021-06-28,1.385558841381903
2021-06-29,1.381909905763428
2021-06-30,1.3846416564938506
2021-07-01,1.3865417911591669
2021-07-02,1.3848420903425152
2021-07-05,1.3890741594090807
2021-07-06,1.3903329009901253
2021-07-07,1.3882442292907924
2021-07-08,1.38470569452719
2021-07-09,1.3862894501613534
2021-07-12,1.3919272457132221
2021-07-13,1.396456442711527
2021-07-14,1.398454834111743
2021-07-15,1.3962434499677006
2021-07-16,1.3971573300274434
2021-07-19,1.3968890472100959
2021-07-20,1.393968096442446
2021-07-21,1.3958323357354105
2021-07-22,1.3980126062555949
2021-07-23,1.3988440352846387
2021-07-26,1.3917477886723792
2021-07-27,1.3810748845145542
2021-07-28,1.3841289569402355
2021-07-29,1.390861319243719
2021-07-30,1.395894329216434
2021-08-02,1.3974566493508354
2021-08-03,1.3915236949104206
2021-08-04,1.3927707558054117
2021-08-05,1.3891955862841094
2021-08-06,1.3934496096271374
2021-08-09,1.3868578571955839
2021-08-10,1.3897680344200949
2021-08-11,1.3916777003048988
2021-08-12,1.3940853600899545
2021-08-13,1.3944430628526516
2021-08-16,1.3948701926241196
2021-08-17,1.3934794238568842
2021-08-18,1.3943248578602958
2021-08-19,1.3842108398563422
2021-08-20,1.3817861483861258
2021-08-23,1.384894591177114
2021-08-24,1.3926361329648176
2021-08-25,1.3959432710022206
2021-08-26,1.3909734407911236
2021-08-27,1.3983224001148804
2021-08-30,1.4046066029381243
2021-08-31,1.407776295579608
2021-09-01,1.4092317342841532
2021-09-02,1.4124560247758657
2021-09-03,1.411675272784699
2021-09-06,1.417304693658448
2021-09-07,1.4219251134031936
2021-09-08,1.4202417293765455
2021-09-09,1.4267252621380526
2021-09-10,1.4308132867091545
2021-09-13,1.4396506658238752
2021-09-14,1.4290259138362316
2021-09-15,1.4273708809498953
2021-09-16,1.4256276299451291
2021-09-17,1.4236595459853523
2021-09-22,1.4286136652055066
2021-09-23,1.4319719128715016
2021-09-24,1.427754004190217
2021-09-27,1.4280113253375155
2021-09-28,1.4284891026890194
2021-09-29,1.422136958152149
2021-09-30,1.4210672296734232
2021-10-08,1.4285015655135034
2021-10-11,1.4308860534208276
2021-10-12,1.4279992679853046
2021-10-13,1.426402849196608
2021-10-14,1.4317820327474744
2021-10-15,1.4394825964576308
2021-10-18,1.4387508425607543
2021-10-19,1.4383260959789594
2021-10-20,1.4252919848783645
2021-10-21,1.4306069790037885
2021-10-22,1.4257716993290228
2021-10-25,1.428266795608737
2021-10-26,1.4267310662133024
2021-10-27,1.4136662324386413
2021-10-28,1.4115236051386844
2021-10-29,1.4094622509048942
2021-11-01,1.407783484357262
2021-11-02,1.4080117379641939
2021-11-03,1.406791044773544
2021-11-04,1.4027946442822488
2021-11-05,1.3990462188105293
2021-11-08,1.408278583848592
2021-11-09,1.408827196799015
2021-11-10,1.4114611707880003
2021-11-11,1.4117878101330217
2021-11-12,1.4102823121184063
2021-11-15,1.410643293059278
2021-11-16,1.411986207939454
2021-11-17,1.4088590610572194
2021-11-18,1.4049792524668145
2021-11-19,1.4113377071986422
2021-11-22,1.4075872250747963
2021-11-23,1.4066642572014834
2021-11-24,1.4142119371184378
2021-11-25,1.4145870321027558
2021-11-26,1.4095243624267277
2021-11-29,1.403930533980245
2021-11-30,1.395569044122666
2021-12-01,1.3970582044959523
2021-12-02,1.39206003203553
2021-12-03,1.3959709657537918
2021-12-06,1.3992329819037763
2021-12-07,1.3987480311802303
2021-12-08,1.3995415020189563
2021-12-09,1.40347231792954
2021-12-10,1.4035328079792402
2021-12-13,1.4070037534142887
2021-12-14,1.402581471858816
2021-12-15,1.400823484495401
2021-12-16,1.4075257843836486
2021-12-17,1.4135142909947813
2021-12-20,1.4079114148434069
2021-12-21,1.4109702635816788
2021-12-22,1.4169779173831658
2021-12-23,1.4255695553336565
2021-12-24,1.4250120000618438
2021-12-27,1.4228890968953034
2021-12-28,1.4286089111886302
2021-12-29,1.4271542272486604
2021-12-30,1.4307572218805815
2021-12-31,1.4314436143013194
2022-01-04,1.4332618304341693
2022-01-05,1.4371945816405585
2022-01-06,1.4320826326108005
2022-01-07,1.437222659059542
2022-01-10,1.4385449631841754
2022-01-11,1.4420303202149474
2022-01-12,1.4457557738096989
2022-01-13,1.4475957441425813
2022-01-14,1.4436166742188086
2022-01-17,1.4416850799581844
2022-01-18,1.4463116544710255
2022-01-19,1.4507714703191599
2022-01-20,1.4553663585103014
2022-01-21,1.4545978482405197
2022-01-24,1.4543832648014627
2022-01-25,1.4497343866549515
2022-01-26,1.4534783400214817
2022-01-27,1.450471086685895
2022-01-28,1.4537667967266308
2022-02-07,1.4717396173900896
2022-02-08,1.4776672930577677
2022-02-09,1.4776550817304417
2022-02-10,1.485846752059371
2022-02-11,1.4740653125254914
2022-02-14,1.4785928376757422
2022-02-15,1.4777761018824753
2022-02-16,1.4736517438903796
2022-02-17,1.4760622613064724
2022-02-18,1.482001524458259
2022-02-21,1.477992725885037
2022-02-22,1.4875306581117986
2022-02-23,1.4862639913835773
2022-02-24,1.4999483707389734
2022-02-25,1.4902541467185397
2022-02-28,1.4902773593811207
2022-03-01,1.4917464902070323
2022-03-02,1.5033542858215365
2022-03-03,1.5160023997611236
2022-03-04,1.5109926101481186
2022-03-07,1.535662584501258
2022-03-08,1.5337474951442973
2022-03-09,1.5325959074722135
2022-03-10,1.5080968517735396
2022-03-11,1.5149671607893422
2022-03-14,1.5147917756393021
2022-03-15,1.4924187699241211
2022-03-16,1.500280145389519
2022-03-17,1.5028618043333817
2022-03-18,1.5188096837136862
2022-03-21,1.519373179952298
2022-03-22,1.525496757013868
2022-03-23,1.5260691641249382
2022-03-24,1.5313078876297705
2022-03-25,1.5325466843743205
2022-03-28,1.5264445062995702
2022-03-29,1.5227001522179846
2022-03-30,1.5256568366292071
2022-03-31,1.5224066745941218
2022-04-01,1.5156533640458247
2022-04-06,1.523256535804939
2022-04-07,1.5150958728729296
2022-04-08,1.5180276318496058
2022-04-11,1.5132595820819927
2022-04-12,1.514972815830226
2022-04-13,1.5193233915394517
2022-04-14,1.5234676401023466
2022-04-15,1.528419487227509
2022-04-18,1.524787896331738
2022-04-19,1.5277307329820449
2022-04-20,1.5215411141369533
2022-04-21,1.524332087988581
2022-04-22,1.5250057855375863
2022-04-25,1.507364901726931
2022-04-26,1.508044565081437
2022-04-27,1.510125268805134
2022-04-28,1.5128150058456924
2022-04-29,1.5220232832429148
2022-05-05,1.5212817106080798
2022-05-06,1.515601016507095
2022-05-09,1.514049007046137
2022-05-10,1.5119099328214098
2022-05-11,1.5125288357010234
2022-05-12,1.516116230885896
2022-05-13,1.519677305307446
2022-05-16,1.5226615722803223
2022-05-17,1.5245392419508552
2022-05-18,1.5208348070671491
2022-05-19,1.5223414493699534
2022-05-20,1.525886843386873
2022-05-23,1.5284204415623477
2022-05-24,1.5226102853462966
2022-05-25,1.5273454513918605
2022-05-26,1.5319275942650326
2022-05-27,1.537633074229345
2022-05-30,1.535256851582925
2022-05-31,1.5349330666723517
2022-06-01,1.527353613442864
2022-06-02,1.5288102217848696
2022-06-06,1.5343489640620205
2022-06-07,1.5359401392390402
2022-06-08,1.5403805461778615
2022-06-09,1.542690594351163
2022-06-10,1.5420606083089548
2022-06-13,1.5354386622382528
2022-06-14,1.5334799149546126
2022-06-15,1.5274058445312664
2022-06-16,1.5269882775528771
2022-06-17,1.5266215755030421
2022-06-20,1.516501648927196
2022-06-21,1.5173569542118481
2022-06-22,1.5115016417490685
2022-06-23,1.5072141654828421
2022-06-24,1.4937291888374742
2022-06-27,1.4976466477321206
2022-06-28,1.502152803037433
2022-06-29,1.4996392627969815
2022-06-30,1.5018398948744809
2022-07-01,1.4938261420492283
2022-07-04,1.4940212448523502
2022-07-05,1.4926375966083143
2022-07-06,1.480372064572942
2022-07-07,1.4783579465658827
2022-07-08,1.4814486828773283
2022-07-11,1.4841843620872626
2022-07-12,1.48014698210893
2022-07-13,1.4737340553014604
2022-07-14,1.4723670755566094
2022-07-15,1.4658167739083865
2022-07-18,1.4777274249382066
2022-07-19,1.4757253669426744
2022-07-20,1.477208230678097
2022-07-21,1.4753402522649777
2022-07-22,1.4764658977998106
2022-07-25,1.4761640047462863
2022-07-26,1.4867946560329335
2022-07-27,1.484153036516207
2022-07-28,1.4907185503414317
2022-07-29,1.4950873569027392
2022-08-01,1.4966941564523595
2022-08-02,1.4947791095739866
2022-08-03,1.493649194129503
2022-08-04,1.4907498341159227
2022-08-05,1.4948129205410765
2022-08-08,1.496202823002943
2022-08-09,1.4979444294759712
2022-08-10,1.4979535474370937
2022-08-11,1.5028016886620545
2022-08-12,1.5054144272744412
2022-08-15,1.5078702600169653
2022-08-16,1.5081587024148502
2022-08-17,1.5087710099408813
2022-08-18,1.5073556012313714
2022-08-19,1.5090350868869964
2022-08-22,1.51045117348509
2022-08-23,1.5149842570445728
2022-08-24,1.519314012995089
2022-08-25,1.5180949084412978
2022-08-26,1.5181207141500854
2022-08-29,1.5166863781089495
2022-08-30,1.516281690301333
2022-08-31,1.5140452323767195
2022-09-01,1.512811426491847
2022-09-02,1.510816665885255
2022-09-05,1.5203759353016115
2022-09-06,1.5226994178803723
2022-09-07,1.5174559811066866
2022-09-08,1.5187198599764444
2022-09-09,1.521857587737886
2022-09-13,1.5279347328561261
2022-09-14,1.5227262549725078
2022-09-15,1.524344610498609
2022-09-16,1.5184709205645899
2022-09-19,1.5169508258253273
2022-09-20,1.5191560175245618
2022-09-21,1.523934838588374
2022-09-22,1.5222256615637835
2022-09-23,1.5185698211671084
2022-09-26,1.5044905540765885
2022-09-27,1.5083291860649544
2022-09-28,1.5046595935276141
2022-09-29,1.508591626051581
2022-09-30,1.5099494301685457
2022-10-10,1.523909767332061
2022-10-11,1.5210743082089708
2022-10-12,1.5237292202248294
2022-10-13,1.5228595792973518
2022-10-14,1.5325399259913945
2022-10-17,1.5235106575803308
2022-10-18,1.522321521969399
2022-10-19,1.5183895596780483
2022-10-20,1.5178013350725592
2022-10-21,1.5167717882648886
2022-10-24,1.5212242302572938
2022-10-25,1.5195515848710635
2022-10-26,1.521778002104962
2022-10-27,1.5233871423503123
2022-10-28,1.5182116548041784
2022-10-31,1.5145289840018294
2022-11-01,1.5218823150914613
2022-11-02,1.52270281906494
2022-11-03,1.522638230225818
2022-11-04,1.5266170811614903
2022-11-07,1.5315007681937352
2022-11-08,1.5339959416695315
2022-11-09,1.538730625825051
2022-11-10,1.5382135827757462
2022-11-11,1.540898645185856
2022-11-14,1.5287433267222326
2022-11-15,1.5303409196294562
2022-11-16,1.5290044098297446
2022-11-17,1.5299445683339792
2022-11-18,1.5263170377206625
2022-11-21,1.5189021378921295
2022-11-22,1.5186167418416765
2022-11-23,1.5238004078607394
2022-11-24,1.5267708280835781
2022-11-25,1.5296638188158367
2022-11-28,1.5186366813581944
2022-11-29,1.5274870097696869
2022-11-30,1.5271647069599352
2022-12-01,1.5321947719903437
2022-12-02,1.5345512956794576
2022-12-05,1.530740009398577
2022-12-06,1.5216548974919524
2022-12-07,1.5185707154060675
2022-12-08,1.528631614254594
2022-12-09,1.529940095356141
2022-12-12,1.520866713207052
2022-12-13,1.5223088478613338
2022-12-14,1.5260833356279602
2022-12-15,1.5242157231269584
2022-12-16,1.523373836795654
2022-12-19,1.5185305161718257
2022-12-20,1.5159088961754439
2022-12-21,1.5231899396869415
2022-12-22,1.5227481598695636
2022-12-23,1.520684412098825
2022-12-26,1.5269062940068912
2022-12-27,1.5330088000337985
2022-12-28,1.5292669898378255
2022-12-29,1.5290986307729786
2022-12-30,1.5345129764531762
2023-01-03,1.5360997054009853
2023-01-04,1.5296413383915863
2023-01-05,1.52675544317564
2023-01-06,1.5262588562720334
2023-01-09,1.5309823337454052
2023-01-10,1.5290607411060462
2023-01-11,1.5337053540738137
2023-01-12,1.5386869293727006
2023-01-13,1.5446335455683493
2023-01-16,1.5458576158009008
2023-01-17,1.5473366738584666
2023-01-18,1.5565893887930775
2023-01-19,1.5564810273893417
2023-01-20,1.5644041853770316
2023-01-30,1.5634025568065988
2023-01-31,1.5608712689475062
2023-02-01,1.566991216515803
2023-02-02,1.565262690873858
2023-02-03,1.5605202274202536
2023-02-06,1.554060336826914
2023-02-07,1.5557798509063008
2023-02-08,1.5551431755328164
2023-02-09,1.5598915116233467
2023-02-10,1.5546649565799506
2023-02-13,1.5588147099198817
2023-02-14,1.561554640534948
2023-02-15,1.557398680826673
2023-02-16,1.5569357288677437
2023-02-17,1.5519771322105553
2023-02-20,1.5609857074164823
2023-02-21,1.5638471105524998
2023-02-22,1.5650595610482358
2023-02-23,1.5614928529967966
2023-02-24,1.5629378328959822
2023-02-27,1.5562297600971395
2023-02-28,1.560532392361201
2023-03-01,1.5681330481178304
2023-03-02,1.566917512247034
2023-03-03,1.5713193109254004
2023-03-06,1.572745393003589
2023-03-07,1.571747192597196
2023-03-08,1.566961426938782
2023-03-09,1.5673406948507262
2023-03-10,1.5602914881413483
2023-03-13,1.5671349314910819
2023-03-14,1.5622337791794805
2023-03-15,1.5641586598691282
2023-03-16,1.556749453138373
2023-03-17,1.5631021466575097
2023-03-20,1.5646436709360898
2023-03-21,1.5674044196540087
2023-03-22,1.5672501429076648
2023-03-23,1.568928873457439
2023-03-24,1.57145808777581
2023-03-27,1.5700605634015374
2023-03-28,1.571402922870878
2023-03-29,1.5726239779338314
2023-03-30,1.5751692127370749
2023-03-31,1.5776811038220742
2023-04-03,1.5830327617106243
2023-04-04,1.5890964390986224
2023-04-06,1.5876160424086527
2023-04-07,1.5916344685434367
2023-04-10,1.5877920398916419
2023-04-11,1.5914240733489697
2023-04-12,1.5940623188867271
2023-04-13,1.5939100773618269
2023-04-14,1.5967649613993593
2023-04-17,1.598266385607579
2023-04-18,1.5990430823745576
2023-04-19,1.5951710469069416
2023-04-20,1.5937727972929345
2023-04-21,1.5852592612786658
2023-04-24,1.5827012855475784
2023-04-25,1.5821169494604128
2023-04-26,1.5829759517537945
2023-04-27,1.582398907570552
2023-04-28,1.5882473108777115
2023-05-04,1.591571635720955
2023-05-05,1.593284588071526
2023-05-08,1.5935387881190328
2023-05-09,1.5922124646888456
2023-05-10,1.591587207765532
2023-05-11,1.59177367274942
2023-05-12,1.5865299817942158
2023-05-15,1.5862562230326944
2023-05-16,1.5859863867205026
2023-05-17,1.5846445875113024
2023-05-18,1.5882339858238055
2023-05-19,1.5880530215595632
2023-05-22,1.5854377920532436
2023-05-23,1.5876062043519958
2023-05-24,1.585830469017615
2023-05-25,1.583956553780914
2023-05-26,1.5850414491281384
2023-05-29,1.5877767485032397
2023-05-30,1.5860821030358445
2023-05-31,1.5867777686625768
2023-06-01,1.5924713790192764
2023-06-02,1.5890460477331032
2023-06-05,1.5907101614478114
2023-06-06,1.5929687047763144
2023-06-07,1.5952476092362422
2023-06-08,1.5948242807782118
2023-06-09,1.6008872040731599
2023-06-12,1.5986069623321242
2023-06-13,1.6046623692816833
2023-06-14,1.6079340036357224
2023-06-15,1.6027662191902832
2023-06-16,1.6037685571563163
2023-06-19,1.599466563974751
2023-06-20,1.6033791152182701
2023-06-21,1.6058472543659847
2023-06-26,1.6017650305568476
2023-06-27,1.6025558348181215
2023-06-28,1.6021006319365698
2023-06-29,1.6020179366909764
2023-06-30,1.6068914413413196
2023-07-03,1.614426734006435
2023-07-04,1.6121178695145504
2023-07-05,1.614098424183298
2023-07-06,1.613962499350537
2023-07-07,1.6155956135035079
2023-07-10,1.6189018376782158
2023-07-11,1.6222970584323337
2023-07-12,1.6244922171792788
2023-07-13,1.6280259865141358
2023-07-14,1.6292067612818575
2023-07-17,1.629147903532799
2023-07-18,1.6308636940439334
2023-07-19,1.636206328206008
2023-07-20,1.6374194618661713
2023-07-21,1.6389917194345855
2023-07-24,1.6397744798885163
2023-07-25,1.6375729911024277
2023-07-26,1.642246481486322
2023-07-27,1.645452032831098
2023-07-28,1.6453578834558968
2023-07-31,1.6447143965414783
2023-08-01,1.6511374405620967
2023-08-02,1.649124444487161
2023-08-03,1.6436031426380908
2023-08-04,1.6480873762782642
2023-08-07,1.6466200716092279
2023-08-08,1.645835961075533
2023-08-09,1.6481864340937207
2023-08-10,1.6479845876999404
2023-08-11,1.6488620457194487
2023-08-14,1.6496059241529752
2023-08-15,1.6584627371218696
2023-08-16,1.657310023676666
2023-08-17,1.65749362570358
2023-08-18,1.6604518071897152
2023-08-21,1.6703335817435154
2023-08-22,1.6686123883131747
2023-08-23,1.669471412241989
2023-08-24,1.6696547027356368
2023-08-25,1.6706481781988005
2023-08-28,1.6724616734092943
2023-08-29,1.6722471601521263
2023-08-30,1.6758740306993576
2023-08-31,1.6774052387357166
2023-09-01,1.6773271333853579
2023-09-04,1.6727959522208915
2023-09-05,1.6720963741477721
2023-09-06,1.673846018073871
2023-09-07,1.6719719734885692
2023-09-08,1.6697636680756638
2023-09-11,1.6734382517848965
2023-09-12,1.6767022429728737
2023-09-13,1.6774103479895779
2023-09-14,1.686947964761164
2023-09-15,1.6854610925962958
2023-09-18,1.6803647266310477
2023-09-19,1.6797901948913476
2023-09-20,1.6813359316297534
2023-09-21,1.6792720996806296
2023-09-22,1.67928407252109
2023-09-25,1.6766886102198548
2023-09-26,1.6738879363661192
2023-09-27,1.6749779960509243
2023-09-28,1.6754935264052049
2023-10-09,1.662086117713055
2023-10-10,1.6528488162311832
2023-10-11,1.652328882760203
2023-10-12,1.6545626251433128
2023-10-13,1.6561037553944404
2023-10-16,1.662587140797508
2023-10-17,1.6594111469765758
2023-10-18,1.6625285851547134
2023-10-19,1.6574389634567517
2023-10-20,1.662300418878315
2023-10-23,1.6580421719968597
2023-10-24,1.6586983165256457
2023-10-25,1.6635241508913707
2023-10-26,1.6644779997832844
2023-10-27,1.665385771518073
2023-10-30,1.6687804197435572
2023-10-31,1.6689693742387168
2023-11-01,1.668956753226486
2023-11-02,1.6727539278876962
2023-11-03,1.6741241878769417
2023-11-06,1.6735783203419965
2023-11-07,1.6696237190563599
2023-11-08,1.6705448528368338
2023-11-09,1.666754816319708
2023-11-10,1.6671633329209594
2023-11-13,1.6665504394694657
2023-11-14,1.6688508128530704
2023-11-15,1.6723452267945378
2023-11-16,1.6736304287261619
2023-11-17,1.6708004270610641
2023-11-20,1.6705033791182102
2023-11-21,1.6686447498483363
2023-11-22,1.6647849877030825
2023-11-23,1.6599100617974847
2023-11-24,1.661983746610294
2023-11-27,1.659639051874793
2023-11-28,1.661075478702002
2023-11-29,1.6616628075439825
2023-11-30,1.665883785705713
2023-12-01,1.6650647539839172
2023-12-04,1.6658067036826782
2023-12-05,1.6609908180481474
2023-12-06,1.6611597834042973
2023-12-07,1.6590295206278884
2023-12-08,1.6627275675210589
2023-12-11,1.665427875985107
2023-12-12,1.6661804929262891
2023-12-13,1.6633953715921808
2023-12-14,1.6662382429982059
2023-12-15,1.6717017186567942
2023-12-18,1.6728230773471318
2023-12-19,1.6741764628336013
2023-12-20,1.6766880027279172
2023-12-21,1.679325467788373
2023-12-22,1.682136214420537
2023-12-25,1.6858501000456019
2023-12-26,1.6858978187232456
2023-12-27,1.6901647421367567
2023-12-28,1.6899767296985806
2023-12-29,1.6867104006690747
2024-01-02,1.689021458331547
2024-01-03,1.6862688391333343
2024-01-04,1.687819987042984
2024-01-05,1.6891196333891196
2024-01-08,1.684969836975995
2024-01-09,1.6874302905059342
2024-01-10,1.6850442318805954
2024-01-11,1.6847668249429308
2024-01-12,1.6822138362630412
2024-01-15,1.6827851378046343
2024-01-16,1.6838951063991716
2024-01-17,1.6821806399858419
2024-01-18,1.6808594602809575
2024-01-19,1.6830583858152746
2024-01-22,1.6841674918961858
2024-01-23,1.6854203806130403
2024-01-24,1.6913842631504366
2024-01-25,1.6937488502534084
2024-01-26,1.697105834145468
2024-01-29,1.6983353465178719
2024-01-30,1.7020310644877528
2024-01-31,1.7071351537905768
2024-02-01,1.703222103943854
2024-02-02,1.7014607481898463
2024-02-05,1.7024754606882677
2024-02-06,1.6974837493283204
2024-02-07,1.7020437319361486
2024-02-08,1.700958719084254
2024-02-19,1.7086113644902592
2024-02-20,1.7092413974662952
2024-02-21,1.7118336193587984
2024-02-22,1.7145781842194614
2024-02-23,1.7155754060671207
2024-02-26,1.7137342937748872
2024-02-27,1.717616028945047
2024-02-28,1.7180873077169068
2024-02-29,1.7221072473563146
2024-03-01,1.7181243154687817
2024-03-04,1.7290161673007094
2024-03-05,1.7307419332859046
2024-03-06,1.7357482737793262
2024-03-07,1.7401428515627957
2024-03-08,1.7443520542029605
2024-03-11,1.7399645507661772
2024-03-12,1.7351167670091023
2024-03-13,1.7382051428856824
2024-03-14,1.7432499819991538
2024-03-15,1.753137425304012
2024-03-18,1.7493950753494063
2024-03-19,1.7533982007870794
2024-03-20,1.7530539893455632
2024-03-21,1.7630632426878616
2024-03-22,1.7524751535037266
2024-03-25,1.7523475429402013
2024-03-26,1.7526628555159145
2024-03-27,1.7547882303700721
2024-03-28,1.7584212730315305
2024-03-29,1.772451251258721
2024-04-01,1.7748133475569183
2024-04-02,1.7779933408640136
2024-04-03,1.7865188445320275
2024-04-08,1.8008354403279416
2024-04-09,1.8037973893395478
2024-04-10,1.806923017684574
2024-04-11,1.8034056006811638
2024-04-12,1.8170709868733737
2024-04-15,1.817840606412354
2024-04-16,1.8165112046344394
2024-04-17,1.818942884580247
2024-04-18,1.8224136207776487
2024-04-19,1.8255187719207617
2024-04-22,1.8198274816662432
2024-04-23,1.8102348851316465
2024-04-24,1.8131004226131402
2024-04-25,1.8151966506374868
2024-04-26,1.8166459325557602
2024-04-29,1.8091480347828734
2024-04-30,1.8157489032702523
2024-05-06,1.8131851335140086
2024-05-07,1.8178859894220674
2024-05-08,1.813669438090435
2024-05-09,1.8132223392574867
2024-05-10,1.819998915007646
2024-05-13,1.8208586691074173
2024-05-14,1.8211820747882714
2024-05-15,1.821664297234351
2024-05-16,1.824841498203395
2024-05-17,1.8322930076461503
2024-05-20,1.8461940086912316
2024-05-21,1.8430617145311234
2024-05-22,1.8452554672079455
2024-05-23,1.8314418865067545
2024-05-24,1.8312602829661002
2024-05-27,1.835803441045225
2024-05-28,1.8385551598260463
2024-05-29,1.8430117348912047
2024-05-30,1.8379103173305285
2024-05-31,1.8347883345630795
2024-06-03,1.8263994912642723
2024-06-04,1.8266433425171826
2024-06-05,1.8231035610532165
2024-06-06,1.8288025835990078
2024-06-07,1.8315883085641962
2024-06-11,1.8269336920231396
2024-06-12,1.828696547476676
2024-06-13,1.8251649486778834
2024-06-14,1.8267441883428384
2024-06-17,1.8199393180184404
2024-06-18,1.8230041869473965
2024-06-19,1.8286104709502433
2024-06-20,1.8320639242449386
2024-06-21,1.8276085476165767
2024-06-24,1.8273789940413738
2024-06-25,1.831504458942355
2024-06-26,1.8303041682621006
2024-06-27,1.830874421264732
2024-06-28,1.836925486148119
2024-07-01,1.8320129142578006
2024-07-02,1.8383593768070814
2024-07-03,1.8429933442061985
2024-07-04,1.8373493674158439
2024-07-05,1.8349728703457453
2024-07-08,1.8292960631481636
2024-07-09,1.8313591674684842
2024-07-10,1.8244508656093967
2024-07-11,1.8272722159704224
2024-07-12,1.8270273539808328
2024-07-15,1.825821402297195
2024-07-16,1.824447562481926
2024-07-17,1.824694813593778
2024-07-18,1.8254717687508637
2024-07-19,1.8205768554531943
2024-07-22,1.8196043158591495
2024-07-23,1.817619151923507
2024-07-24,1.8190242385638768
2024-07-25,1.8123756157658146
2024-07-26,1.817768096224166
2024-07-29,1.8174673421373972
2024-07-30,1.813338029729853
2024-07-31,1.8198073891626287
2024-08-01,1.8253830082584845
2024-08-02,1.8247018303336655
2024-08-05,1.8181897483765606
2024-08-06,1.8083393014738145
2024-08-07,1.812043829786779
2024-08-08,1.8074038727214279
2024-08-09,1.8067441429035032
2024-08-12,1.8005710630408358
2024-08-13,1.8029012940688856
2024-08-14,1.803431596013655
2024-08-15,1.8038406033193735
2024-08-16,1.8081555563219698
2024-08-19,1.8093206206504426
2024-08-20,1.8089177627889172
2024-08-21,1.8071051220011047
2024-08-22,1.8082057677767434
2024-08-23,1.8083859760744336
2024-08-26,1.8176002055275502
2024-08-27,1.8164595811299333
2024-08-28,1.8156094582870816
2024-08-29,1.8085468733808057
2024-08-30,1.8098555071277191
2024-09-02,1.8037003545736963
2024-09-03,1.8050937238565727
2024-09-04,1.7970744206986253
2024-09-05,1.796613346053336
2024-09-06,1.8027173737549624
2024-09-09,1.797009953688615
2024-09-10,1.797558742946482
2024-09-11,1.798697313640069
2024-09-12,1.8023248860829548
2024-09-13,1.8089250655802553
2024-09-18,1.8166311879408774
2024-09-19,1.8164315145602035
2024-09-20,1.8210648164149073
2024-09-23,1.8204006556617334
2024-09-24,1.826304073031776
2024-09-25,1.8327799722916296
2024-09-26,1.8320177696134938
2024-09-27,1.8205705430573382
2024-09-30,1.8460786691449595
2024-10-08,1.8549080699694502
2024-10-09,1.83052579121468
2024-10-10,1.8399126845547873
2024-10-11,1.8379525453201786
2024-10-14,1.8449127974010542
2024-10-15,1.834411320945022
2024-10-16,1.8370031416769086
2024-10-17,1.8324440299293916
2024-10-18,1.8423741703967713
2024-10-21,1.8474600137451604
2024-10-22,1.8453429732509479
2024-10-23,1.8463564857915495
2024-10-24,1.844124573291275
2024-10-25,1.8395515964751004
2024-10-28,1.8411556689715074
2024-10-29,1.8399413206804678
2024-10-30,1.8434496677064565
2024-10-31,1.8419481000568974
2024-11-01,1.845008661520379
2024-11-04,1.8467719723463032
2024-11-05,1.8514187156253044
2024-11-06,1.847468563865804
2024-11-07,1.8552563309607788
2024-11-08,1.8571576492546866
2024-11-11,1.8558266655638
2024-11-12,1.848276182996002
2024-11-13,1.8456000224136637
2024-11-14,1.835517820934342
2024-11-15,1.8328123990188914
2024-11-18,1.8309721260419447
2024-11-19,1.840584484750259
2024-11-20,1.8415334488412691
2024-11-21,1.8453102256782483
2024-11-22,1.8419535444211708
2024-11-25,1.845472424410754
2024-11-26,1.8409078831404808
2024-11-27,1.8432305223580803
2024-11-28,1.8411310970865964
2024-11-29,1.8447772667290248
2024-12-02,1.8484625283906075
2024-12-03,1.8479370488726454
2024-12-04,1.8532864127317252
2024-12-05,1.847560377468574
2024-12-06,1.8459238854105042
2024-12-09,1.847464080195726
2024-12-10,1.8582561575652885
2024-12-11,1.860939760180353
2024-12-12,1.865414492537854
2024-12-13,1.8643088063492685
2024-12-16,1.869774665715439
2024-12-17,1.865151392474892
2024-12-18,1.8591320565871086
2024-12-19,1.856047054169055
2024-12-20,1.8635321339559412
2024-12-23,1.8643698521157024
2024-12-24,1.8622497221744587
2024-12-25,1.8636384599086113
2024-12-26,1.8611130263985938
2024-12-27,1.8669620552645796
2024-12-30,1.8661686301902811
2024-12-31,1.87171416600328
2025-01-02,1.8780883396609382
2025-01-03,1.8799592999295855
2025-01-06,1.8815767702168746
2025-01-07,1.8796495285293537
2025-01-08,1.8826717065744403
2025-01-09,1.8817673001253914
2025-01-10,1.8858704732628477
2025-01-13,1.8964108335517231
2025-01-14,1.8973152312125516
2025-01-15,1.9041860315747445
2025-01-16,1.9103438414237135
2025-01-17,1.9083932159738441
2025-01-20,1.9042935408679607
2025-01-21,1.9084598078581994
2025-01-22,1.9056879711231096
2025-01-23,1.901537445959366
2025-01-24,1.9058098339748761
2025-01-27,1.9072415785684556
2025-02-05,1.919028393093012
2025-02-06,1.9210817938296219
2025-02-07,1.9257933342255438
2025-02-10,1.9273271041755131
2025-02-11,1.934055987963216
2025-02-12,1.9289572223406828
2025-02-13,1.9257128140887558
2025-02-14,1.9275833075706217
2025-02-17,1.917432493793591
2025-02-18,1.916695016539033
2025-02-19,1.9241067842626045
2025-02-20,1.9230228728439458
2025-02-21,1.9186554551405
2025-02-24,1.9088517049082299
2025-02-25,1.9084321577787182
2025-02-26,1.9074460692245576
2025-02-27,1.9091559396639783
2025-02-28,1.9052283936878351
2025-03-03,1.9108910585187209
2025-03-04,1.9062601844723412
2025-03-05,1.9073959420344535
2025-03-06,1.9100152358611011
2025-03-07,1.9029839875512247
2025-03-10,1.9046372935702303
2025-03-11,1.896072739834398
2025-03-12,1.9028327360263615
2025-03-13,1.9052809443064165
2025-03-14,1.9177939682937157
2025-03-17,1.9128134806646775
2025-03-18,1.9141910547673633
2025-03-19,1.916795414184358
2025-03-20,1.9231595124230094
2025-03-21,1.9150019417414832
2025-03-24,1.9207547529065503
2025-03-25,1.9228465737247091
2025-03-26,1.9260730960376768
2025-03-27,1.9265802768213112
2025-03-28,1.9218031712863457
2025-03-31,1.9221655258830865
2025-04-01,1.9289844442686224
2025-04-02,1.9311205240843785
2025-04-03,1.934813051962665
2025-04-07,1.895744885145977
2025-04-08,1.8901084865316378
2025-04-09,1.8794302783173515
2025-04-10,1.9033267076790237
2025-04-11,1.9044024310837107
2025-04-14,1.9104688537745371
2025-04-15,1.9074004041850208
2025-04-16,1.9082566943582293
2025-04-17,1.9115921404503915
2025-04-18,1.9153227502566097
2025-04-21,1.9187932324686952
2025-04-22,1.9279698480358631
2025-04-23,1.9174609859977314
2025-04-24,1.9181524051866716
2025-04-25,1.918676129908728
2025-04-28,1.9185334104517568
2025-04-29,1.9200323928568077
2025-04-30,1.9115159820948466
2025-05-06,1.9119689422882127
2025-05-07,1.9109223972062026
2025-05-08,1.912272620051912
2025-05-09,1.9141279608310835
2025-05-12,1.910290170606662
2025-05-13,1.9136162557608971
2025-05-14,1.9184817891944779
2025-05-15,1.9110354709986457
2025-05-16,1.908875360373322
2025-05-19,1.9115049004129674
2025-05-20,1.9121765765489285
2025-05-21,1.9213249363609874
2025-05-22,1.9180756468231848
2025-05-23,1.9162237713718973
2025-05-26,1.9179103731030143
2025-05-27,1.9154516051238717
2025-05-28,1.9142235333525053
2025-05-29,1.916653684385861
2025-05-30,1.9157731337711332
2025-06-03,1.9161064942781694
2025-06-04,1.9222018182033493
2025-06-05,1.9210518494202842
2025-06-06,1.9285921563074253
2025-06-09,1.930568498220981
2025-06-10,1.930452858515553
2025-06-11,1.9366212216229
2025-06-12,1.940081554227751
2025-06-13,1.944160417987613
2025-06-16,1.9471877384428393
2025-06-17,1.9491466615829627
2025-06-18,1.9557500592324895
2025-06-19,1.955937241369584
2025-06-20,1.95451089123728
2025-06-23,1.9571262012833006
2025-06-24,1.9494307653441143
2025-06-25,1.9503464117268412
2025-06-26,1.9473775465687257
2025-06-27,1.9475218351483299
2025-06-30,1.9471870993499945
2025-07-01,1.9530139964536868
2025-07-02,1.9540930155562564
2025-07-03,1.9563941869462251
2025-07-04,1.9550217864992376
2025-07-07,1.9514977766036807
2025-07-08,1.9567194797503566
2025-07-09,1.9559612329969374
2025-07-10,1.9584487647852857
2025-07-11,1.9598322603941316
2025-07-14,1.9600053285438208
2025-07-15,1.9584441178690553
2025-07-16,1.9574250993768194
2025-07-17,1.9634525923660513
2025-07-18,1.9672980690198096
2025-07-21,1.9734111894875415
2025-07-22,1.976147900902666
2025-07-23,1.9749902115467006
2025-07-24,1.9707842489171936
2025-07-25,1.9678478611908974
2025-07-28,1.9658472017133277
2025-07-29,1.9641161176477582
2025-07-30,1.96804008149061
2025-07-31,1.9608276024633773
2025-08-01,1.9593189037049945
2025-08-04,1.9642829056673536
2025-08-05,1.9691478363544381
2025-08-06,1.9731453517898776
2025-08-07,1.9742153166811467
2025-08-08,1.973104025446488
2025-08-11,1.973789692011684
2025-08-12,1.9761500013799604
2025-08-13,1.9840926902186697
2025-08-14,1.977975668920919
2025-08-15,1.98338944844914
2025-08-18,1.982821855779517
2025-08-19,1.9820098389287515
2025-08-20,1.9852595780883142
2025-08-21,1.987432449944321
2025-08-22,1.9932871205835427
2025-08-25,2.007181382982861
2025-08-26,2.004889194386321
2025-08-27,1.994430734484843
2025-08-28,1.9949851608053488
2025-08-29,1.9987085054155957
2025-09-01,2.002500410642104
2025-09-02,2.0005587476869815
2025-09-03,2.0000514635089073
2025-09-04,1.9904666986057076
2025-09-05,1.9979325620851365
2025-09-08,1.999522198460304
2025-09-09,1.9981034644626257
2025-09-10,1.995206346671096
2025-09-11,2.006931392805264
2025-09-12,2.008543037287732
2025-09-15,2.006444769608454
2025-09-16,2.010700705596267
2025-09-17,2.0123719715033572
2025-09-18,1.9979105870487504
2025-09-19,1.9970367092211776
2025-09-22,2.0019492089201307
2025-09-23,1.9923250102325896
2025-09-24,1.9992051183155168
2025-09-25,2.0072332668981177
2025-09-26,2.002899577421584
2025-09-29,2.007844352709614
2025-09-30,2.0095793455038837
2025-10-09,2.0337253163439772
2025-10-10,2.0216154487635305
2025-10-13,2.0231211678843244
2025-10-14,2.0209041702207364
2025-10-15,2.0306518860386817
2025-10-16,2.032493682695666
2025-10-17,2.029135823690481
2025-10-20,2.026145429069139
2025-10-21,2.0357626822472517
2025-10-22,2.0329156795622456
2025-10-23,2.037191049001713
2025-10-24,2.042016249100268
2025-10-27,2.0503504458547694
2025-10-28,2.0456204748536524
2025-10-29,2.0539303983499106
2025-10-30,2.050653838274213
2025-10-31,2.0514800419077575
2025-11-03,2.0586748456064288
2025-11-04,2.052884867382181
2025-11-05,2.054089218086042
2025-11-06,2.060606972730366
2025-11-07,2.058265687357046
2025-11-10,2.0652494698989545
2025-11-11,2.0638872875175567
2025-11-12,2.0695569293578484
2025-11-13,2.072430961945907
2025-11-14,2.0677543187448704
2025-11-17,2.061634435850093
2025-11-18,2.055304551635966
2025-11-19,2.0576307375692324
2025-11-20,2.055948847661055
2025-11-21,2.043003264594669
2025-11-24,2.045710327268505
2025-11-25,2.0478324872068905
2025-11-26,2.042552857204922
2025-11-27,2.0450997629902687
2025-11-28,2.050148915658501
2025-12-01,2.059435660532025
2025-12-02,2.0564149665501743
2025-12-03,2.0542883572340065
2025-12-04,2.051679589861711
2025-12-05,2.058232771823376
2025-12-08,2.0571532187007766
2025-12-09,2.0445073669926117
2025-12-10,2.046329830695544
2025-12-11,2.047416002852492
2025-12-12,2.051585866567212
2025-12-15,2.045360651477818
2025-12-16,2.039761794428475
2025-12-17,2.0458518917958157
2025-12-18,2.0484880075247345
2025-12-19,2.055839103936218
2025-12-22,2.0631297277856344
2025-12-23,2.069390980337321
2025-12-24,2.0748569946949855
2025-12-25,2.0771064912241917
2025-12-26,2.08847931444543
2025-12-29,2.0778021821963946
2025-12-30,2.075749698010941
2025-12-31,2.0726104421220652
2026-01-05,2.086271138151912
2026-01-06,2.10417779347729
2026-01-07,2.0986651024325234
2026-01-08,2.0896954006781456
2026-01-09,2.1024435329667885
2026-01-12,2.11617231407731
2026-01-13,2.11040633317632
2026-01-14,2.112066972441102
2026-01-15,2.10790253138396
2026-01-16,2.0989464892207588
2026-01-19,2.1016346360594524
2026-01-20,2.1071357966871114
2026-01-21,2.114283042798218
2026-01-22,2.118943010318901
2026-01-23,2.1279469682072243
2026-01-26,2.1322184872233945
2026-01-27,2.1281829405805994
2026-01-28,2.1442050637404
2026-01-29,2.1608382820091827
2026-01-30,2.1369134154987255
2026-02-02,2.104524748300683
2026-02-03,2.1204791507966188
2026-02-04,2.1292298671052214
2026-02-05,2.123665856624611
2026-02-06,2.122804537083304
2026-02-09,2.1315569738228106
2026-02-10,2.133787438960621
2026-02-11,2.137833388460441
2026-02-12,2.1386751162368776
2026-02-13,2.129065394919762
2026-02-24,2.139778670602411
2026-02-25,2.1424055250413967
2026-02-26,2.1386051951960754
2026-02-27,2.141517380954117
2026-03-02,2.153832494923255
2026-03-03,2.1527329877803725
2026-03-04,2.1569088553860793
2026-03-05,2.163409518323923
2026-03-06,2.172381968526766
2026-03-09,2.181291608411395
2026-03-10,2.173353538105344
2026-03-11,2.1848125476296563
2026-03-12,2.193264440784301
2026-03-13,2.195458596486651
2026-03-16,2.191201886383205
2026-03-17,2.1871163399645615
2026-03-18,2.1847886545125306
2026-03-19,2.1806063960900888
2026-03-20,2.1726154336798515
2026-03-23,2.159923158719378
2026-03-24,2.159514019437635
2026-03-25,2.1623733394104563
2026-03-26,2.163760331626266
2026-03-27,2.1662312261284433
2026-03-30,2.1728294634481475
2026-03-31,2.17030164840448
