10年国债主连,策略名称,30年国债主连,PTA主连,date,中证1000主连,原油主连,沪深300主连,沪金主连,沪铜主连,沪铝主连,红利低波ETF,豆粕主连
0.25841404960986825,风险平价策略,0.08371549610211389,0.07484193994205089,2014-01-31,0.04340371220455907,0.06728777554822364,0.0430608853587624,0.07127068114001267,0.0818326182662728,0.13975242924553444,0.04726587728638726,0.08915453529621474
0.3351229526449191,风险平价策略,0.08814014024695005,0.055310416801551805,2014-02-28,0.03357374406033503,0.07291672217999096,0.036216331266820875,0.08208783067865774,0.06569980141833805,0.10612863132261088,0.04440482201509747,0.08039860736472813
0.3799951774988673,风险平价策略,0.12476600517724319,0.05422857150948905,2014-03-31,0.02932218984673598,0.06471103439053301,0.0335065930656827,0.0627477909035582,0.039358055481973374,0.08411537597906375,0.04142090159425298,0.08582830455260035
0.3766827603967675,风险平价策略,0.15082968319415102,0.04592485843360525,2014-04-30,0.027266129704100375,0.05887515391389598,0.03243732314052079,0.062175999309362004,0.04793348176703619,0.08037672913299526,0.03669333785113831,0.08080454315642724
0.3553888472568757,风险平价策略,0.19034987538680676,0.045257882555539405,2014-05-31,0.029183512267935457,0.06432000142898561,0.03538508133132207,0.05692274444037864,0.048393994652613403,0.071792601717595,0.04002191004466976,0.06298354891727834
0.3451662704453734,风险平价策略,0.2157824401676706,0.04768592148776972,2014-06-30,0.02893262209387494,0.06569844493268913,0.036841332245886614,0.05692558099465319,0.04931051884317554,0.06446066942751719,0.03764033206505812,0.05155586729633148
0.2607936908033339,风险平价策略,0.1658520177192173,0.05459325539949675,2014-07-31,0.04821008190741093,0.05844611976676645,0.06960791165203446,0.07514855667031645,0.06176520882500365,0.09344561067832531,0.06345204641480352,0.04868550016329137
0.29423797217624476,风险平价策略,0.1997499079805257,0.04957632966479848,2014-08-31,0.04341258103902282,0.04599411652493484,0.05329870309799426,0.06822423826261943,0.05682330038345885,0.08988255191219446,0.056265848269688806,0.042534450688517716
0.37586621367341955,风险平价策略,0.2711949379942227,0.03072311157363898,2014-09-30,0.041767436141385436,0.035246519447607164,0.03774144526384479,0.05082588178108899,0.04055215228638502,0.044536414046036386,0.04404921837020827,0.027496669422162764
0.2772464105590404,风险平价策略,0.3801124636774648,0.024256440118781374,2014-10-31,0.03673951296357028,0.02896400287263185,0.04221701092060819,0.0445511614887236,0.03759461256164245,0.04905612139550999,0.04308902672691076,0.03617323671511639
0.19607993754879957,风险平价策略,0.48563587164806676,0.02138637437710504,2014-11-30,0.03368846345088707,0.018217342137042996,0.05390971243787229,0.034015715777534136,0.03102827934925635,0.04785657915742976,0.04993567202835372,0.028246052087652383
0.3351036104279607,风险平价策略,0.22408834587875712,0.03378982444936812,2014-12-31,0.033725241255221375,0.02784761223445573,0.04404417670368688,0.05806511364806363,0.061982069068390044,0.07302316055694344,0.051534228231379355,0.05679661754577359
0.42170895503222927,风险平价策略,0.19271565615601846,0.03394802949716644,2015-01-31,0.038972046939866965,0.02267883956515223,0.026324772297232603,0.07022505670969675,0.03807730865685729,0.07645996197711756,0.03079574481815046,0.04809362835051192
0.41957875598943545,风险平价策略,0.17998816896209377,0.03740362303976891,2015-02-28,0.04164979142938141,0.023152101110376817,0.028448002366289072,0.06149624948516498,0.04351303129199049,0.07640451957274934,0.031077738149529566,0.05728801860322024
0.26873015805328526,风险平价策略,0.13542752643267486,0.04274308077554625,2015-03-31,0.07409750223287133,0.028562820753920953,0.04341892660644126,0.0726619614370573,0.06409998075083463,0.1495625356697947,0.050210778664336944,0.0704847286232364
0.26675651411995316,风险平价策略,0.1353259825291376,0.05124161890200539,2015-04-30,0.05313390712098019,0.03146981023419611,0.049490104151464806,0.07301925159224633,0.07467241095635561,0.1350201416739566,0.053747471768519565,0.07612278695118452
0.20574038824026256,风险平价策略,0.14043339653401982,0.051938821234408517,2015-05-31,0.04916615318376355,0.04335534189982073,0.04155548293019394,0.09805558882035437,0.09483207601967984,0.15377290375337055,0.040577440219416616,0.08057240716470954
0.22920032763453976,风险平价策略,0.17859816278674895,0.051187363697110626,2015-06-30,0.024439289798317065,0.04307701808022911,0.023456685358723212,0.12046302433981038,0.08455902467045912,0.1437111578232412,0.02858065390825631,0.07272729190256427
0.29092298798285243,风险平价策略,0.2766364311284086,0.045008881773200525,2015-07-31,0.020370740588585175,0.03799932631344629,0.018039067735778656,0.08806648457003723,0.048394100726280954,0.09052795701872655,0.02274083372904891,0.06129318843363471
0.3346335175796015,风险平价策略,0.2782117230119749,0.033903769323496806,2015-08-31,0.01433434552243358,0.026127811799403572,0.01317111879935875,0.09666243843867632,0.0513022214767813,0.08022686970051789,0.016360910573351383,0.055065273774403914
0.390723234083951,风险平价策略,0.22565683764716443,0.03853540302501134,2015-09-30,0.015137362608467434,0.02288043318660604,0.015392981288080485,0.08446279877606865,0.04543828486649604,0.08123849408510846,0.01826029691125851,0.06227387352178766
0.3058472030923544,风险平价策略,0.25058104861620445,0.05213534933475452,2015-10-31,0.020160266248741964,0.029606288126257558,0.021561960540379375,0.09887518849653304,0.05691797434247043,0.06379778661401704,0.02674473070693953,0.07377220388134755
0.2971896793020594,风险平价策略,0.26018038050264036,0.05809954049327803,2015-11-30,0.025309142093497897,0.03475209949902284,0.028892976955244745,0.07878901471805946,0.04636731500691543,0.06235062958243045,0.034445212465058966,0.07362400938179245
0.3236351338773643,风险平价策略,0.25845134602023523,0.05193541964417023,2015-12-31,0.027395053862267656,0.03304527067155325,0.028085108987361974,0.07662479758077854,0.04556570663431707,0.05772966653203676,0.03403939776621163,0.06349309842370347
0.3354304454475073,风险平价策略,0.2155249463045621,0.06013509063460869,2016-01-31,0.016304219164330138,0.022609965585535814,0.022400253511435615,0.11538062783649891,0.05277436608009733,0.0642750716682528,0.023643244825541084,0.0715217689416303
0.3133326474975551,风险平价策略,0.230146006588122,0.06753374350099421,2016-02-29,0.015447929594232516,0.021127885103937045,0.021391009572478123,0.1121234123511329,0.058312609603280795,0.07300317041402793,0.02381415906946084,0.0637674267047785
0.3468050108037565,风险平价策略,0.21733538157451124,0.054716394995262145,2016-03-31,0.018893796115008195,0.024212618423608778,0.02573823450124841,0.07170600084136532,0.056007854475824834,0.08918229858383418,0.03021656097441328,0.0651858487111672
0.32982782203854144,风险平价策略,0.22786908050472995,0.0447311392703574,2016-04-30,0.021610392107658416,0.03201976598563091,0.03125150796267186,0.07794226169063569,0.05701166975707921,0.07916293065966414,0.03793907854530449,0.060634351477726445
0.3851360897756907,风险平价策略,0.21762659156673986,0.044031417139231234,2016-05-31,0.021653323713526063,0.03465277184877392,0.035391943980853206,0.07252860362539315,0.04706419658191268,0.05066250897115787,0.04390830545738091,0.04734424733934041
0.42075982199551293,风险平价策略,0.18515498158256066,0.04446491044588629,2016-06-30,0.02478561307009093,0.026510059203976775,0.034171518630813,0.07387636863519331,0.05292080679224543,0.05201969093499681,0.043707473523105056,0.0416287551856188
0.41399230347123256,风险平价策略,0.22497061004338215,0.03647899387092605,2016-07-31,0.02619653857519583,0.019742566774041473,0.03847525308602296,0.07229004900158936,0.04357007900228174,0.04732785862844948,0.0515775789123159,0.02537816863456237
0.3607256623306367,风险平价策略,0.21910977585641825,0.04258532121318146,2016-08-31,0.034848554004285916,0.02187974594080366,0.05194644968961297,0.07204658593350342,0.05225907832947365,0.04567517214173327,0.06626983032813755,0.032653824232213136
0.36902879961957274,风险平价策略,0.24710887880939406,0.04051254756771397,2016-09-30,0.02887394859631626,0.021445421245194638,0.0415199551559841,0.07264320890463058,0.05379511482676685,0.04360851332544894,0.04864756989410847,0.032816042054869314
0.31532504550795953,风险平价策略,0.24694251943847706,0.04857224517510728,2016-10-31,0.03776773439096227,0.02269764416050172,0.05277209399689328,0.06830668639295594,0.06162460538677436,0.05374004661077255,0.05780424300429484,0.03444713593530125
0.2735856737030296,风险平价策略,0.19294759788987387,0.039748130403105555,2016-11-30,0.07195263441001867,0.03309401501968674,0.10950028098946825,0.06193826312599889,0.03259936530050019,0.03536466751761288,0.11020013306754758,0.03906923857315781
0.15894567954691505,风险平价策略,0.12386224190913556,0.07257394570318543,2016-12-31,0.07134179599164904,0.06879075524605117,0.09637941263997489,0.11617250570218944,0.056763497987962104,0.0647868904051827,0.10438245257262031,0.06600082229513433
0.1499433541459039,风险平价策略,0.1246039957675373,0.07620909649475589,2017-01-31,0.06778282661666307,0.06300111369032443,0.10321218046436172,0.1081902459540855,0.05798365214249063,0.06789744748823158,0.11578941171018825,0.06538667552545764
0.15245022764464514,风险平价策略,0.13311140578950736,0.06562169125504116,2017-02-28,0.07531795992621293,0.062001259750256825,0.10250896852291791,0.12524947606256628,0.04930896924221623,0.06050974470392623,0.11397704632872667,0.059943250773983145
0.17639407351286807,风险平价策略,0.1699715385473885,0.04397239667799306,2017-03-31,0.07157211556786368,0.04365547954256747,0.0946328560653797,0.11601151273966247,0.04899885584602784,0.06013868540454185,0.11727328924408907,0.05737919685161833
0.16767887576870663,风险平价策略,0.16810044497940177,0.04963198717116688,2017-04-30,0.0582026356958568,0.04108132641531664,0.09370407073411427,0.1265970774508222,0.056291676679391264,0.06220795068348299,0.10893672116705808,0.06756723325468253
0.17225374287764703,风险平价策略,0.20350255089145872,0.052637331221719486,2017-05-31,0.052831915115888424,0.034136112070171094,0.10737755826373907,0.10522796791398287,0.051076430269525255,0.05485591007839599,0.11505431608824854,0.05104616520922358
0.17707815896445434,风险平价策略,0.23007401675446018,0.05456850782270133,2017-06-30,0.050588073083355445,0.03198250135874573,0.09839353019186754,0.09628718773383721,0.05901962463393095,0.05559698547234262,0.09300911296189922,0.05340230102240539
0.19689319067956965,风险平价策略,0.2130566698765332,0.056194468790011214,2017-07-31,0.04500999778471403,0.03665027181796169,0.081275517710133,0.09401431304777318,0.07352255188273221,0.07004470523201889,0.08294148446774856,0.050396828710804434
0.25617293339867986,风险平价策略,0.20952652724862042,0.05138100519897942,2017-08-31,0.04815641194854112,0.033389173687095035,0.06864716643426064,0.09702695309506379,0.06133838460473802,0.061228765613107416,0.07362022568379702,0.03951245308711739
0.2674929361873318,风险平价策略,0.22456466811273826,0.03917526504320865,2017-09-30,0.04860634098094902,0.039318868338773065,0.07749786824018286,0.07664140593739827,0.04783488153148863,0.04031054693233974,0.09394892497797726,0.04460829371761252
0.15247730884110894,风险平价策略,0.19749863490072656,0.05865404968208056,2017-10-31,0.044149764499887646,0.05917605022485358,0.09597420495735604,0.0963193584693071,0.04950254476465194,0.048721394160978836,0.1344899760329861,0.06303671346606275
0.17734824910115307,风险平价策略,0.240607627796658,0.05584462813956636,2017-11-30,0.036430481518528075,0.06333352694333444,0.05127709692672117,0.12044415218189458,0.05203462050835901,0.04780317161689462,0.07667769764283439,0.07819874762405629
0.21262488449797648,风险平价策略,0.24823408862990257,0.056621125714187336,2017-12-31,0.03923418454843075,0.053173334814704536,0.04459901111056755,0.11321900883258221,0.04753418760702067,0.05030835989359351,0.06712912846765187,0.06732268588338246
0.18980516638848174,风险平价策略,0.3312621211851731,0.05590399660442916,2018-01-31,0.03850228885283397,0.04526358424404798,0.042550405907670646,0.08580592353329844,0.03898601977487162,0.03852649912373782,0.05885330645367042,0.07454068793178512
0.19258810281773983,风险平价策略,0.43511681255919377,0.05834110415949465,2018-02-28,0.022325763458129904,0.026046431996989774,0.019579739365293718,0.06774150993938234,0.03419023093071147,0.041012743707252,0.024834078129327964,0.07822348293648468
0.21405864707781397,风险平价策略,0.4934961922763871,0.03671498495852546,2018-03-31,0.018928104287711897,0.022761346330499577,0.016403468761973673,0.06327610183199461,0.02428186805244263,0.032698776180917266,0.02208711268667347,0.0552933975550604
0.253148155071644,风险平价策略,0.32358684915919833,0.06500457462875177,2018-04-30,0.027432767767078897,0.03503710602121798,0.025739357394158422,0.09422311099724394,0.04487215985013254,0.035892738008033616,0.03251885295506986,0.06254432814747053
0.23012512747357358,风险平价策略,0.32815362732377495,0.06568484584134103,2018-05-31,0.028046986592566738,0.037009309420506516,0.02964452620606866,0.10153065014966667,0.04803985810568515,0.046834411271737875,0.03845092958178118,0.04647972803329758
0.2554281675377851,风险平价策略,0.3728586510944886,0.0485996987425198,2018-06-30,0.017184904678001732,0.03949091281187913,0.022709238119568955,0.09480870071830713,0.03436044039504535,0.03912825601947591,0.026767867938330088,0.04866316194459806
0.22870680549553893,风险平价策略,0.33752340023890376,0.06512713683690588,2018-07-31,0.02096194512748816,0.04135995495310288,0.0258616080625511,0.1162158573217178,0.031054298335695164,0.0471934494055003,0.029123421167876994,0.05687212305471914
0.26240599142096094,风险平价策略,0.1970962559096693,0.08812557492571535,2018-08-31,0.029131731537258326,0.04495893640476022,0.03450354819210728,0.1373815420416879,0.047218570234630046,0.06982719033064949,0.03761234123145976,0.051738317771101355
0.2531310313425262,风险平价策略,0.22973997491951548,0.05419608871368828,2018-09-30,0.03164766220764629,0.0521857101456786,0.036205463352279,0.1272691693817156,0.0513609445839747,0.06295753528666292,0.04164358648788203,0.05966283357843098
0.29810649933206546,风险平价策略,0.29477065065624725,0.03714348361335355,2018-10-31,0.017741799610821472,0.028771687089042226,0.01958573759399324,0.13767197799550907,0.04389160836371219,0.051467421338265054,0.021912224571456126,0.0489369098355344
0.28294614679905894,风险平价策略,0.31311098930322795,0.023196939226491086,2018-11-30,0.01913370214924928,0.01708911005088436,0.021962548887084578,0.1536711563581348,0.052746093610857435,0.05836344029683216,0.025114438000732386,0.03266543531744688
0.275002049035995,风险平价策略,0.269819002178708,0.025148368942812433,2018-12-31,0.02085083566911135,0.015624794175543903,0.024268245022986395,0.18031505028003994,0.05114511651691087,0.06762403107872086,0.03135907677471947,0.03884343032445179
0.2693908863494023,风险平价策略,0.26875157721442283,0.03239355405125019,2019-01-31,0.024807990936830338,0.017705415641982816,0.030364016062094525,0.16195331411817118,0.05428813401497852,0.061064724881750014,0.040742513570601706,0.038537873158515625
0.23729772405599545,风险平价策略,0.2617618195733372,0.03497004103576083,2019-02-28,0.035075156023404615,0.02009334315077511,0.03133532165830271,0.14990086276010575,0.06720527568980085,0.0737594553463259,0.045229560631888835,0.04337144007430268
0.24939349161067334,风险平价策略,0.35528247918439865,0.03515309024918159,2019-03-31,0.02400158217008883,0.020701692049747818,0.02540894124681895,0.08331401808374872,0.0540106950166323,0.07654912183974423,0.03426511747018676,0.04191977107877879
0.2400420721723701,风险平价策略,0.17639495861661741,0.04111642494052128,2019-04-30,0.027138342206992176,0.03251658109166448,0.03446968032248464,0.11788397461135328,0.08674723083381533,0.13757696909815137,0.03910268136910733,0.06701108473692273
0.2903062412246537,风险平价策略,0.2249203635395703,0.02926927918497676,2019-05-31,0.019323569743110575,0.023070163570073465,0.024180456205293535,0.13528191406669285,0.05598983072928136,0.08770594096562404,0.03239416512586457,0.07755807564485896
0.2965516104880726,风险平价策略,0.25712364447363933,0.03227153720358645,2019-06-30,0.021317674550451027,0.0211127316348893,0.030259158543036114,0.103640296769839,0.06290855623288104,0.07961858733749408,0.03930980878235368,0.05588639398375743
0.3379261394475418,风险平价策略,0.25559537673505855,0.020045220184233454,2019-07-31,0.022927623011638688,0.02484085681751208,0.03420082426443586,0.0707400660859732,0.056834565524323706,0.08576093688356473,0.04600878063698537,0.04511961040873244
0.3196683058756978,风险平价策略,0.2675755312071415,0.02302460734880714,2019-08-31,0.02637445338077586,0.02656077800310472,0.035756713064380295,0.05268290027954787,0.06564877127885725,0.09564748074121841,0.0439859727131392,0.04307448610733008
0.27056821597818215,风险平价策略,0.23732288824942982,0.03128788640779938,2019-09-30,0.0291094386738905,0.027979890874710565,0.04495132070792638,0.05337914291033794,0.09123984628962684,0.09499834119219436,0.060626320938995754,0.05853670777690632
0.24363451895594493,风险平价策略,0.19029707468246868,0.03358105853893554,2019-10-31,0.033468706759433,0.03384586096854123,0.05668629542403104,0.06402721114712619,0.10798313190374184,0.1099239003603528,0.06578873936866446,0.0607635018907603
0.26647823216061856,风险平价策略,0.2181231903202737,0.03415378908364517,2019-11-30,0.030397881079495183,0.03400214189168052,0.04661094718348801,0.054842923718542595,0.11157221478543511,0.09442264845582285,0.05672927260731861,0.052666758713679714
0.24320871446253856,风险平价策略,0.22177179863159643,0.03405933701932676,2019-12-31,0.032643708237954656,0.0345598052234211,0.051014605456375116,0.05977435969444657,0.10932673917862362,0.09667698399834868,0.06340769271938801,0.05355625537798053
0.3154253084803939,风险平价策略,0.33328816124194016,0.02644831751512597,2020-01-31,0.025629817663921008,0.01776370792923278,0.02762739993540687,0.04219055888891563,0.061570503606212794,0.07345229936290269,0.03405751458136466,0.042546410794583704
0.34008204966973027,风险平价策略,0.4389680901902615,0.017477675350529402,2020-02-29,0.012209073254164884,0.011943755527288585,0.01418330148491072,0.05567232691932961,0.023543045797254965,0.03247451087704318,0.01652365410175001,0.03692251682773698
0.3497265550556828,风险平价策略,0.35624946643835975,0.02052601292605193,2020-03-31,0.022782297597320943,0.014596787179679759,0.02522356197599965,0.04948935254178142,0.023716787915386357,0.03211866668603172,0.02996207202733307,0.07560843965637276
0.3536599708082134,风险平价策略,0.30206990347435725,0.022578263231572335,2020-04-30,0.02891607649866722,0.01395752923615112,0.034732219186479577,0.06094002088989679,0.03222690545589373,0.04165812404300585,0.0414461912143949,0.06781479596136789
0.3032729093858262,风险平价策略,0.2755912438701542,0.027961082714786423,2020-05-31,0.03481940004211379,0.017216784797864152,0.041512629010418474,0.073834667267936,0.039758944165075506,0.05448214540188979,0.04950999116596752,0.08204020217796806
0.2799217703733923,风险平价策略,0.23575149312819776,0.031198894496749285,2020-06-30,0.04517852992599968,0.019027621904305535,0.04807371599039543,0.08708316961409102,0.04775250270840012,0.0637898609088145,0.05656741872251574,0.08565502222713865
0.2556211218609852,风险平价策略,0.2351224909905676,0.04643607191664673,2020-07-31,0.03303306542569576,0.024689407218993285,0.032778354169392655,0.11519477062700775,0.048888215282871135,0.06250063254806963,0.05211532128490769,0.09362054867486258
0.25853493339744404,风险平价策略,0.2330378063577463,0.05669694907430256,2020-08-31,0.03307350808368676,0.03382362884525385,0.03818631376304776,0.05878793623501848,0.0551204674503393,0.06972452270739433,0.05684906634786489,0.1061648677379016
0.2759313220059692,风险平价策略,0.27532890742374155,0.04744468064654619,2020-09-30,0.030470340365698855,0.021166957549578064,0.039967288602608855,0.054292354495349374,0.05448935732944132,0.055002378190207875,0.05202131875351297,0.09388509463734579
0.2797208353075453,风险平价策略,0.3045830739599275,0.039786467342893636,2020-10-31,0.028446931242676356,0.015926370449721703,0.03890034115734521,0.05214380336124612,0.05180350497779335,0.06323702633203084,0.050646317502219367,0.07480532836660071
0.26577138352934615,风险平价策略,0.29138220474382803,0.04059212374263943,2020-11-30,0.03140968947338509,0.01873351226553539,0.04264251280741533,0.041174546604618806,0.06029844856211717,0.08171848214003649,0.052822882190672424,0.07345421394040563
0.27719902259163004,风险平价策略,0.3340999090500438,0.046726301803566024,2020-12-31,0.03403799482458831,0.019602923917460786,0.046425774786032104,0.05072822208456594,0.04908390256943529,0.035540464490198924,0.04387462398189063,0.06268085990058819
0.2865902057788526,风险平价策略,0.3056340071568498,0.04267775294262709,2021-01-31,0.03832262817471512,0.02509695884393328,0.04419158657962667,0.057204433284595735,0.045364069008451316,0.04789887910190309,0.052691488904326095,0.05432799022411925
0.2741418041598339,风险平价策略,0.32212034949534574,0.04733249756453816,2021-02-28,0.04077763457968176,0.02815449790516825,0.0385682450247466,0.04608301043317839,0.04196295253548648,0.06685368617358162,0.05557114067129321,0.03843418145714592
0.3127923380903779,风险平价策略,0.3746331678381736,0.024192518920657945,2021-03-31,0.03376365757098356,0.017302829435424903,0.028285688443999077,0.0448378293509169,0.03813123073899911,0.042485449923994265,0.049582301017907573,0.033992988668565066
0.3288587218290757,风险平价策略,0.32526413415533784,0.0269082643118237,2021-04-30,0.03727332760926177,0.018824060353762925,0.030554559266721078,0.04843517174875753,0.0399477141675008,0.04997780168496195,0.05781024234025209,0.03614600253254475
0.35706287496105515,风险平价策略,0.3118384501835668,0.020550180122233204,2021-05-31,0.044668075596229914,0.017174096841571757,0.034979186041811224,0.06012091102789704,0.028322283859785646,0.028833813347912365,0.06641878589969206,0.03003134211824465
0.3784908164593991,风险平价策略,0.26273337087161963,0.025079884464373176,2021-06-30,0.052662142953742046,0.024759728541077587,0.044762648136924404,0.048048739709558884,0.027668850068460964,0.03371338581377972,0.07096757601040127,0.031112856970663277
0.3399974970884995,风险平价策略,0.2863040697722264,0.02632822696604893,2021-07-31,0.04364203733725595,0.023446997089785253,0.03362272322142736,0.06948274332143309,0.04397025117173397,0.04527930585143908,0.047014688338180476,0.04091145984196989
0.2876833500697931,风险平价策略,0.27238452747716707,0.027204556952222507,2021-08-31,0.050589813145794076,0.024365883412806592,0.042956221553219494,0.07327031209647995,0.04261723907351774,0.05820760066843822,0.06673853288920376,0.05398196266135751
0.2972126232686528,风险平价策略,0.3243407292730431,0.02926595511226386,2021-09-30,0.03335992377839049,0.028333995145388428,0.04917722331175471,0.06867247143318156,0.040765897409616836,0.03753036465267731,0.0343149356361533,0.05702588097887776
0.30804675445246343,风险平价策略,0.26982553561606654,0.031082423131302907,2021-10-31,0.0430549578316818,0.038167053897854825,0.059555119628634676,0.08443691249451234,0.04486813478514848,0.025242650752984774,0.037173594439743225,0.05854686296960699
0.3222151075265809,风险平价策略,0.3105768045317091,0.019331425757701446,2021-11-30,0.04956894246649986,0.018628067307127096,0.05818371348458342,0.0758645079392621,0.03811214881636089,0.022135161080181414,0.0362718998524264,0.049112221237567394
0.3146663319949,风险平价策略,0.31583867306251984,0.022203246619822557,2021-12-31,0.04170323597756658,0.01854051830129694,0.0526966122294774,0.08007690743568238,0.03862635784934344,0.02514263388639656,0.04359469940298287,0.04691078324001142
0.342687595290925,风险平价策略,0.3111764311940456,0.02886646021602342,2022-01-31,0.026666668710612535,0.024167031427885725,0.03490730270892847,0.06901041225786561,0.039029914612919214,0.03556114171984811,0.03621269615730311,0.051714345703643125
0.32679924644815994,风险平价策略,0.26228638726998466,0.030650502515175423,2022-02-28,0.03625015023466909,0.03352742858507683,0.04835858939878984,0.0768246751691975,0.04850503322046221,0.03942169739835158,0.04993697348545544,0.04743931627467746
0.3239767588037785,风险平价策略,0.30102566153482785,0.024882778992953495,2022-03-31,0.0322169323685643,0.017778778700979398,0.03451458296464003,0.06447843813907524,0.06925595533778486,0.04280596023604856,0.037663037396108476,0.05140111552523918
0.353869897766427,风险平价策略,0.33553096819307765,0.023457203083218487,2022-04-30,0.018943793849706483,0.015128748613578005,0.025118506011853503,0.07322367393426377,0.06106343335511579,0.026718470135216665,0.028956029535424484,0.037989275522118
0.3632464096187978,风险平价策略,0.3280299312524234,0.02470388513468346,2022-05-31,0.020172624485772596,0.01587140240253621,0.025456739033236565,0.06926150057330269,0.060673321454091794,0.026818812653489846,0.029397925061104176,0.03636744833056147
0.33272038336968823,风险平价策略,0.3750681103521561,0.019209021844938626,2022-06-30,0.02822491945570957,0.01533131689153187,0.03450515689929939,0.07321179914336716,0.030974481113508222,0.02415164803255305,0.03752521634092524,0.029077946556322547
0.3745022454929426,风险平价策略,0.37789127202489275,0.013816337582488335,2022-07-31,0.028320215513655617,0.012522437274802716,0.03351611298588816,0.053745152565535026,0.019774920646166184,0.024280563777229536,0.033591791812309486,0.02803895032408962
0.38364623962274147,风险平价策略,0.3559690887675446,0.01637634033547479,2022-08-31,0.02394674402808908,0.014457665167309227,0.03423318576265058,0.05956465377396116,0.021503216949358576,0.024075415686337077,0.03763941246360647,0.02858803744292698
0.33732681235661716,风险平价策略,0.29030873611053337,0.02121582541806694,2022-09-30,0.03125651224217706,0.018408598338667162,0.049146560252774175,0.08881466095580298,0.0319593096033051,0.03172938215829749,0.04524293039975794,0.05459067216400071
0.35770950486438874,风险平价策略,0.3174599344979917,0.018086038721851858,2022-10-31,0.027971253001778083,0.019515827878367455,0.034015028622201,0.08994652802694914,0.03141158802480453,0.025630436719241294,0.03322300520585694,0.04503085443656936
0.28218899425172345,风险平价策略,0.18850619265846202,0.031428397061362925,2022-11-30,0.05095484915041815,0.02441897106812281,0.05708211487195203,0.14857773408262373,0.048835463602739125,0.048787341840771555,0.059479214862747,0.05974072654907719
0.2954452965734619,风险平价策略,0.2237505530081744,0.033963698469241424,2022-12-31,0.0474192076888914,0.024059584806437672,0.05438035556673689,0.12161674025669104,0.049950896118794705,0.04516163881484493,0.049670169183594154,0.05458185951313143
0.2920148245836065,风险平价策略,0.23018774846623224,0.03205483945186825,2023-01-31,0.05746099575748286,0.019666377544982346,0.062391903873134834,0.11936637670750794,0.045245866238884346,0.03935244864135556,0.056429257881505594,0.045829360853439534
0.3186290936679791,风险平价策略,0.26289363533067445,0.027949065317718125,2023-02-28,0.05206142647563562,0.018868894561757152,0.04702336379261397,0.08610354553229792,0.04294833626787461,0.037576353933342556,0.061196736125271614,0.044749548994835006
0.3451119659230894,风险平价策略,0.3191351477023453,0.025649681034548902,2023-03-31,0.0423544430050835,0.012608666371537567,0.03911266227327166,0.0764598104740783,0.029734655253437967,0.03465648759462978,0.04377798900958391,0.031398491358393704
0.365401900622569,风险平价策略,0.34740544680405067,0.022176109841884884,2023-04-30,0.03371876132973496,0.01163219713461852,0.03522413248305602,0.05756793338029925,0.02838019549299935,0.030211812005238606,0.04410097463145784,0.024180536274090832
0.4083648589658998,风险平价策略,0.30042771354084635,0.02021925030851539,2023-05-31,0.041287204404198675,0.012095213863753614,0.03413553232951593,0.06057903722264178,0.03057217670967597,0.03214386544959126,0.030679068812839126,0.02949607839252216
0.36225348023225445,风险平价策略,0.24148022475863068,0.027955475703416114,2023-06-30,0.04814399035631775,0.019134680620632782,0.04530806643316961,0.08262387512715155,0.05002952921064016,0.03909731439587556,0.037185099168994595,0.0467882639929167
0.3079439030682885,风险平价策略,0.20004648495369326,0.033695288342049136,2023-07-31,0.05540900806355921,0.02694793157334555,0.053477296703480934,0.09628783736102588,0.06155605872757752,0.05255308537284516,0.05075723049050815,0.06132587534362672
0.33267506817363285,风险平价策略,0.21254616586217084,0.03189505537968956,2023-08-31,0.037058706979611604,0.02556434318791883,0.03824714856793182,0.10551353087648109,0.0548368763326693,0.06166226666122624,0.04886840529583348,0.05113243268283447
0.33768837965424253,风险平价策略,0.14950590042342238,0.03530455974896538,2023-09-30,0.046245051589580984,0.039698431218687234,0.04325379073901013,0.10695083972057731,0.05990504129226069,0.06693761733224848,0.07207598615008827,0.04243440213091664
0.35737123402113075,风险平价策略,0.17625782641846977,0.03268128464527247,2023-10-31,0.042779588852142954,0.024279647397524206,0.043233303726639534,0.10486767123550064,0.0666861704394998,0.06481695698514951,0.0495724739833722,0.03745384229529824
0.34241602637951357,风险平价策略,0.17872320824680943,0.03160682696339861,2023-11-30,0.0452611426523943,0.020753016430892543,0.044487604000588044,0.10117290571383908,0.08423255178734754,0.06005651373648308,0.05755904064905821,0.03373116343967561
0.38772602462363365,风险平价策略,0.1946924725223581,0.029021515462523594,2023-12-31,0.035928951504395686,0.014706468445613661,0.03417246876435567,0.08241839531193512,0.0713389341501571,0.062406140006228045,0.05377832371091133,0.03381030549788789
0.39884779801733156,风险平价策略,0.22196296671254326,0.033576911038720944,2024-01-31,0.013950587946920754,0.016745537623425125,0.025216892849679737,0.08764935707090593,0.08323399417751619,0.05366912402949931,0.03748950407789272,0.027657326455564454
0.39704796708165774,风险平价策略,0.1747993305561075,0.039463242489643065,2024-02-29,0.013093743453175995,0.01981828117204556,0.030299749710552597,0.10795646335363844,0.07683795772155447,0.063642807070309,0.03956012013702855,0.03748033725428715
0.3446961565077386,风险平价策略,0.10398947001578784,0.058815236114587936,2024-03-31,0.019757381834851366,0.028644054207055354,0.04416440646647927,0.12666225050293564,0.08077273210286418,0.09759264570820661,0.05166994140228588,0.043235725137207394
0.34386766650048456,风险平价策略,0.11196098814867123,0.08014430259487419,2024-04-30,0.027032359342412646,0.03692506236720119,0.05987386489631625,0.06608923352065993,0.08466621808982604,0.07495770119898855,0.05404329103760183,0.06043931230296354
0.4048670350494233,风险平价策略,0.12406548398752922,0.08571279747948012,2024-05-31,0.028176825272894,0.03176496498590439,0.05764144737730175,0.048130399497856115,0.03669242189172985,0.05787476441571457,0.06142886790489574,0.063644992137271
0.4735443677181356,风险平价策略,0.1454625141341212,0.06614426445092657,2024-06-30,0.025086804297655703,0.03478954164275141,0.060062181579513665,0.03950529942965744,0.02971091472569789,0.038949783060014835,0.04093301924221721,0.04581130971930847
0.46028548016646437,风险平价策略,0.1756973237070521,0.05198822919755795,2024-07-31,0.028929621519009296,0.03014687797097349,0.05515708168274169,0.04406191414365743,0.028375612247930837,0.0401145779236666,0.04430700998842811,0.04093627145251818
0.37268021922327965,风险平价策略,0.1580094538186974,0.05094225051660945,2024-08-31,0.039392717534901714,0.028084259666274636,0.07231484052389046,0.061466255278800785,0.041554734326608944,0.06183382030298962,0.058740865213536025,0.05498058359441137
0.30588823844594387,风险平价策略,0.11735735088923122,0.040875153708035704,2024-09-30,0.054275859278883676,0.03135601900196509,0.0827687206038634,0.08772899794807448,0.05991765836667747,0.07667791386207033,0.07831811575496608,0.06483597214028881
0.38546957725031417,风险平价策略,0.14140102481154443,0.040372956639610554,2024-10-31,0.03029188727125531,0.029608957865750577,0.033149752783039714,0.10279062935223829,0.0658397975168938,0.07537589107840713,0.034131093433482834,0.061568431997463126
0.4610156782791944,风险平价策略,0.14546813804532013,0.0402637472666433,2024-11-30,0.024559670803048446,0.0339395397349968,0.030406482630437427,0.06776646332659195,0.05515751881446732,0.050684813707865005,0.0375445094861156,0.05319343790531959
0.4383635512789807,风险平价策略,0.1412778248153163,0.0444784579799636,2024-12-31,0.0246266316112142,0.03980930034152605,0.034297262848318175,0.07082880292200612,0.062059317259261636,0.052584271946841774,0.04223350130031128,0.04944107769626018
0.4131578410843975,风险平价策略,0.14711779049157267,0.04162588172534855,2025-01-31,0.02537754226525982,0.03926103942037636,0.035506540531126576,0.08914246634068411,0.06161741870022903,0.055193409295712835,0.04087892023464555,0.051121149910647
0.3570670032059248,风险平价策略,0.11518783485443994,0.05358474430168313,2025-02-28,0.03606884380111207,0.03463551136757384,0.049626132710594587,0.08186755316159525,0.076261439404117,0.07957851153238607,0.058842796550499295,0.057279629110073935
0.2878992172891082,风险平价策略,0.09839050720248216,0.05723603227626586,2025-03-31,0.04383925747581371,0.043082770931263364,0.0570535572366381,0.11328238444066,0.07750312742146656,0.08311916058391346,0.08564535784981349,0.05294862729257509
0.44309548022739176,风险平价策略,0.16544437463402772,0.03079651515842716,2025-04-30,0.026898088667121147,0.02483423776552972,0.03077356742588515,0.05501313286684454,0.03877824277533909,0.06227468654016757,0.04777041512637253,0.07432125881289371
0.40930681231831834,风险平价策略,0.15086408323773082,0.033324768175005556,2025-05-31,0.030960313557407203,0.024011106355319677,0.0371285989872892,0.04971789170073211,0.04565327652106761,0.0687635231821343,0.059231389739859974,0.09103823622513525
0.41353190805475726,风险平价策略,0.15430997843951214,0.02860424521079764,2025-06-30,0.03434080733937102,0.01758760160020614,0.040567330203107675,0.047637181683042124,0.05169132446726654,0.07213376724573267,0.06142575449464689,0.07817010126155989
0.3902802965781464,风险平价策略,0.134431484195073,0.03558151950100941,2025-07-31,0.04837055901011472,0.02529047252760424,0.050959325873405285,0.05103955663425541,0.05713777756781838,0.07935857480342298,0.060484835052413796,0.0670655982567363
0.35858718330453665,风险平价策略,0.11261119822986738,0.040655448885349735,2025-08-31,0.04998345700201132,0.02587847886940076,0.055585056832706536,0.0677722672501783,0.07116697993510422,0.09385880749690972,0.06254351645775114,0.061357605736184186
0.35012747710149295,风险平价策略,0.11063450517695254,0.04309516467171848,2025-09-30,0.04403463111917989,0.026240523582679365,0.05506688876784268,0.08057733142606101,0.07999647339550099,0.10253453272717994,0.059898468262890865,0.04779400376850116
0.415225180927886,风险平价策略,0.12100184655056118,0.04106538775344612,2025-10-31,0.03845537185422907,0.024686676849206,0.043332970912028805,0.03907393989739258,0.054680124174521914,0.0923133534595715,0.07896251119543818,0.05120263642571862
0.4167522520349879,风险平价策略,0.1287165272232261,0.053253896418570375,2025-11-30,0.0332787947870658,0.027671579816918142,0.0387170309082043,0.04029564412149101,0.05887644770396958,0.0736697548672011,0.0654561224259288,0.06331194969243693
0.3860045687075179,风险平价策略,0.09835081745573272,0.0462115240607122,2025-12-31,0.04733303429247025,0.03136132241623655,0.05160443808472038,0.04720298948542726,0.06029073179844497,0.07402546535451432,0.08695917858813491,0.0706559297560885
0.5123163518478447,风险平价策略,0.10877834173641308,0.034713909045171264,2026-01-31,0.04872168740475288,0.03114039674100283,0.04983082908543984,0.02323143899763813,0.024809410721097033,0.030255083891780755,0.08091452413607633,0.05528802639278309
0.5363460959046509,风险平价策略,0.1458584891664469,0.029489753069987207,2026-02-28,0.028916554140860643,0.02208392755414391,0.037724329008663425,0.01217078514023471,0.02020005797696025,0.02072355017748522,0.06978812325123374,0.07669833460933319
0.1425181170927785,全天候策略,0.1425181170927785,0.08081572378327123,2014-01-31,0.03265364648313118,0.08081572378327123,0.03265364648313118,0.19068019439291856,0.08081572378327123,0.08081572378327123,0.05489765953890592,0.08081572378327123
0.16155367482632707,全天候策略,0.16155367482632707,0.0706071739424825,2014-02-28,0.026241978977677792,0.0706071739424825,0.026241978977677792,0.20591886979113178,0.0706071739424825,0.0706071739424825,0.06545395288844606,0.0706071739424825
0.17851104286084912,全天候策略,0.17851104286084912,0.06277339266811534,2014-03-31,0.02405940462275515,0.06277339266811534,0.02405940462275515,0.21722503090620932,0.06277339266811534,0.06277339266811534,0.06376711078600554,0.06277339266811534
0.17518035073126922,全天候策略,0.17518035073126922,0.06491034811121596,2014-04-30,0.024834224874192307,0.06491034811121596,0.024834224874192307,0.21525647396829287,0.06491034811121596,0.06491034811121596,0.06016263426470434,0.06491034811121596
0.18248768199933274,全天候策略,0.18248768199933274,0.06026072465108864,2014-05-31,0.024968199938615744,0.06026072465108864,0.024968199938615744,0.21778020671180562,0.06026072465108864,0.06026072465108864,0.06600440615685424,0.06026072465108864
0.18117766573663197,全天候策略,0.18117766573663197,0.060845978537120066,2014-06-30,0.026058985271876885,0.060845978537120066,0.026058985271876885,0.21596465900187514,0.060845978537120066,0.060845978537120066,0.06533214629550688,0.060845978537120066
0.1799557033069284,全天候策略,0.1799557033069284,0.059140063316721316,2014-07-31,0.02856632269407292,0.059140063316721316,0.02856632269407292,0.2105294439295768,0.059140063316721316,0.059140063316721316,0.07672618748481393,0.059140063316721316
0.18451421793588685,全天候策略,0.18451421793588685,0.056820845868901126,2014-08-31,0.026491759687466143,0.056820845868901126,0.026491759687466143,0.21484330411732183,0.056820845868901126,0.056820845868901126,0.07904051129146666,0.056820845868901126
0.21595490818664287,全天候策略,0.21595490818664287,0.041210820235778337,2014-09-30,0.02020521950376971,0.041210820235778337,0.02020521950376971,0.2369605089186515,0.041210820235778337,0.041210820235778337,0.08466513452163164,0.041210820235778337
0.21206556573147312,全天候策略,0.21206556573147312,0.043014379890602916,2014-10-31,0.021607882457141795,0.043014379890602916,0.021607882457141795,0.23347206316493424,0.043014379890602916,0.043014379890602916,0.08410914100482135,0.043014379890602916
0.21089298501449838,全天候策略,0.21089298501449838,0.04190661900357032,2014-11-30,0.02204326286162456,0.04190661900357032,0.02204326286162456,0.2307563411564441,0.04190661900357032,0.04190661900357032,0.09383806807345857,0.04190661900357032
0.1943756844663644,全天候策略,0.1943756844663644,0.05223460276200252,2014-12-31,0.024937250749400737,0.05223460276200252,0.024937250749400737,0.2216730364789662,0.05223460276200252,0.05223460276200252,0.07852807927949086,0.05223460276200252
0.2072188447860403,全天候策略,0.2072188447860403,0.04828896522659973,2015-01-31,0.021870995189777056,0.04828896522659973,0.021870995189777056,0.23363681482286297,0.04828896522659973,0.04828896522659973,0.06673867909250372,0.04828896522659973
0.19476444247098398,全天候策略,0.19476444247098398,0.05416259108748758,2015-02-28,0.02558531238723234,0.05416259108748758,0.02558531238723234,0.22334172117123924,0.05416259108748758,0.05416259108748758,0.06514581367489,0.05416259108748758
0.17634783552762026,全天候策略,0.17634783552762026,0.0612128261408238,2015-03-31,0.03172298952917744,0.0612128261408238,0.03172298952917744,0.20583767213926663,0.0612128261408238,0.0612128261408238,0.07195654704301882,0.0612128261408238
0.16603757596868604,全天候策略,0.16603757596868604,0.06646273679781335,2015-04-30,0.033451562000895475,0.06646273679781335,0.033451562000895475,0.1990487507656039,0.06646273679781335,0.06646273679781335,0.06965928930616615,0.06646273679781335
0.16896726424142933,全天候策略,0.16896726424142933,0.06726245033318098,2015-05-31,0.030827765123690065,0.06726245033318098,0.030827765123690065,0.20540194945092025,0.06726245033318098,0.06726245033318098,0.058695740152936084,0.06726245033318098
0.1933616776019501,全天候策略,0.1933616776019501,0.058413313396856584,2015-06-30,0.019157570869017645,0.058413313396856584,0.019157570869017645,0.23261742012978906,0.058413313396856584,0.058413313396856584,0.05027751594399241,0.058413313396856584
0.21831154694542534,全天候策略,0.21831154694542534,0.04663646941748817,2015-07-31,0.01616820650668239,0.04663646941748817,0.01616820650668239,0.24877980985623113,0.04663646941748817,0.04663646941748817,0.04907833615211255,0.04663646941748817
0.2424664685763582,全天候策略,0.2424664685763582,0.03723484617801151,2015-08-31,0.011662810412786174,0.03723484617801151,0.011662810412786174,0.26803850434158355,0.03723484617801151,0.03723484617801151,0.03752870679007014,0.03723484617801151
0.23143314775890414,全天候策略,0.23143314775890414,0.0413904612053392,2015-09-30,0.01411449825179462,0.0413904612053392,0.01411449825179462,0.25870911071244873,0.0413904612053392,0.0413904612053392,0.04324329123945781,0.0413904612053392
0.22141173219847693,全天候策略,0.22141173219847693,0.04480218260822753,2015-10-31,0.015801810593198417,0.04480218260822753,0.015801810593198417,0.25041210421350607,0.04480218260822753,0.04480218260822753,0.05114989716200561,0.04480218260822753
0.21044489452838339,全天候策略,0.21044489452838339,0.047573155371496575,2015-11-30,0.018728954615413868,0.047573155371496575,0.018728954615413868,0.2392890952844661,0.047573155371496575,0.047573155371496575,0.06449742957045657,0.047573155371496575
0.2145072494074635,全天候策略,0.2145072494074635,0.04585018590272933,2015-12-31,0.018489957052585635,0.04585018590272933,0.018489957052585635,0.24186747825760718,0.04585018590272933,0.04585018590272933,0.06288717930864787,0.04585018590272933
0.2406066873971697,全天候策略,0.2406066873971697,0.03587759948215958,2016-01-31,0.01281229456732042,0.03587759948215958,0.01281229456732042,0.2636719923120089,0.03587759948215958,0.03587759948215958,0.05010204634821297,0.03587759948215958
0.23515486155345458,全天候策略,0.23515486155345458,0.038236271186744504,2016-02-29,0.013290314574121349,0.038236271186744504,0.013290314574121349,0.2601008181660778,0.038236271186744504,0.038236271186744504,0.05182747364504781,0.038236271186744504
0.21465983216202061,全天候策略,0.21465983216202061,0.04540092194406148,2016-03-31,0.01763889912769454,0.04540092194406148,0.01763889912769454,0.24242185497838756,0.04540092194406148,0.04540092194406148,0.0659760727218748,0.04540092194406148
0.20617163214020326,全天候策略,0.20617163214020326,0.04892684087162094,2016-04-30,0.019570455300201604,0.04892684087162094,0.019570455300201604,0.2355280177116226,0.04892684087162094,0.04892684087162094,0.06835360304946292,0.04892684087162094
0.20851394465397408,全天候策略,0.20851394465397408,0.04671793668572243,2016-05-31,0.019241329639074954,0.04671793668572243,0.019241329639074954,0.23599055170062155,0.04671793668572243,0.04671793668572243,0.07490921628466829,0.04671793668572243
0.20053986484582806,全天候策略,0.20053986484582806,0.049284699738703204,2016-06-30,0.019466256204732243,0.049284699738703204,0.019466256204732243,0.23035830837979904,0.049284699738703204,0.049284699738703204,0.08320595082556433,0.049284699738703204
0.22637195143019018,全天候策略,0.22637195143019018,0.035096901588912134,2016-07-31,0.01556704623491444,0.035096901588912134,0.01556704623491444,0.24590180678418788,0.035096901588912134,0.035096901588912134,0.09473568994104221,0.035096901588912134
0.21818056345975012,全天候策略,0.21818056345975012,0.03846040267284158,2016-08-31,0.01778208905375157,0.03846040267284158,0.01778208905375157,0.23885887707884013,0.03846040267284158,0.03846040267284158,0.09691380452994856,0.03846040267284158
0.22079939406030105,全天候策略,0.22079939406030105,0.03938535701454668,2016-09-30,0.017294824724486933,0.03938535701454668,0.017294824724486933,0.2428899263503608,0.03938535701454668,0.03938535701454668,0.0839948510073299,0.03938535701454668
0.20513297940891756,全天候策略,0.20513297940891756,0.045849140607274116,2016-10-31,0.020290834539667506,0.045849140607274116,0.020290834539667506,0.23069128547652418,0.045849140607274116,0.045849140607274116,0.08921538358993499,0.045849140607274116
0.2023192341883107,全天候策略,0.2023192341883107,0.044509956525563596,2016-11-30,0.022804219541251954,0.044509956525563596,0.022804219541251954,0.22402497117262232,0.044509956525563596,0.044509956525563596,0.10317833874043439,0.044509956525563596
0.17109436766292205,全天候策略,0.17109436766292205,0.06316755363700638,2016-12-31,0.03093918602669309,0.06316755363700638,0.03093918602669309,0.20332273527323536,0.06316755363700638,0.06316755363700638,0.07677238916250236,0.06316755363700638
0.16647016693343294,全天候策略,0.16647016693343294,0.06524352148160036,2017-01-31,0.03242598442855286,0.06524352148160036,0.03242598442855286,0.19928770398648044,0.06524352148160036,0.06524352148160036,0.07670238588154636,0.06524352148160036
0.18293469144988178,全天候策略,0.18293469144988178,0.05651323245757618,2017-02-28,0.02732548800208231,0.05651323245757618,0.02732548800208231,0.21212243590537566,0.05651323245757618,0.05651323245757618,0.08479104290281514,0.05651323245757618
0.20218158101136008,全天候策略,0.20218158101136008,0.046578131614307856,2017-03-31,0.02237007728378811,0.046578131614307856,0.02237007728378811,0.22638963534187984,0.046578131614307856,0.046578131614307856,0.09161638999628435,0.046578131614307856
0.19531570514220065,全天候策略,0.19531570514220065,0.050752930589221416,2017-04-30,0.02369258367660205,0.050752930589221416,0.02369258367660205,0.22237605205482,0.050752930589221416,0.050752930589221416,0.08584271736146754,0.050752930589221416
0.20546093536362472,全天候策略,0.20546093536362472,0.04525155602331604,2017-05-31,0.02212813291637298,0.04525155602331604,0.02212813291637298,0.2285843584705678,0.04525155602331604,0.04525155602331604,0.08997972485285652,0.04525155602331604
0.1995596284203572,全天候策略,0.1995596284203572,0.04848334364164199,2017-06-30,0.024286421823446428,0.04848334364164199,0.024286421823446428,0.2237565502385528,0.04848334364164199,0.04848334364164199,0.08613463106563,0.04848334364164199
0.18292689251120536,全天候策略,0.18292689251120536,0.05788619952719966,2017-07-31,0.02802035802346353,0.05788619952719966,0.02802035802346353,0.2127927340149415,0.05788619952719966,0.05788619952719966,0.07588176727972232,0.05788619952719966
0.1934660700912612,全天候策略,0.1934660700912612,0.05236911010267891,2017-08-31,0.0249786860767545,0.05236911010267891,0.0249786860767545,0.2208564941171856,0.05236911010267891,0.05236911010267891,0.08040844303338851,0.05236911010267891
0.1967863017578993,全天候策略,0.1967863017578993,0.04933188417433043,2017-09-30,0.024632343886479797,0.04933188417433043,0.024632343886479797,0.22148584204574995,0.04933188417433043,0.04933188417433043,0.0890174457938397,0.04933188417433043
0.18251452118957565,全天候策略,0.18251452118957565,0.05581628575065645,2017-10-31,0.027612397315324128,0.05581628575065645,0.027612397315324128,0.21071840962490795,0.05581628575065645,0.05581628575065645,0.0899463246120102,0.05581628575065645
0.1909676475743956,全天候策略,0.1909676475743956,0.05460540314408681,2017-11-30,0.022798251864943254,0.05460540314408681,0.022798251864943254,0.22277479885353918,0.05460540314408681,0.05460540314408681,0.07666638654734902,0.05460540314408681
0.19513449789311882,全天候策略,0.19513449789311882,0.05321152242853064,2017-12-31,0.02281911025212164,0.05321152242853064,0.02281911025212164,0.2255269100695278,0.05321152242853064,0.05321152242853064,0.07250826149733805,0.05321152242853064
0.2011040243180698,全天候策略,0.2011040243180698,0.049880453820866685,2018-01-31,0.023156664220423544,0.049880453820866685,0.023156664220423544,0.22782781391851295,0.049880453820866685,0.049880453820866685,0.07424853990016705,0.049880453820866685
0.210066014561163,全天候策略,0.210066014561163,0.049027594515671236,2018-02-28,0.01843104071879597,0.049027594515671236,0.01843104071879597,0.24066256835803826,0.049027594515671236,0.049027594515671236,0.05720534850368775,0.049027594515671236
0.21997331664030137,全天候策略,0.21997331664030137,0.04340675862431186,2018-03-31,0.016782065141200904,0.04340675862431186,0.016782065141200904,0.24659801012341231,0.04340675862431186,0.04340675862431186,0.06285743319202369,0.04340675862431186
0.21001274327722239,全天候策略,0.21001274327722239,0.04814939178607342,2018-04-30,0.018867431967629154,0.04814939178607342,0.018867431967629154,0.23929470309566664,0.04814939178607342,0.04814939178607342,0.0621979874842633,0.04814939178607342
0.2111499304397701,全天候策略,0.2111499304397701,0.046860146042989825,2018-05-31,0.01837239450419828,0.046860146042989825,0.01837239450419828,0.23963768197856164,0.046860146042989825,0.046860146042989825,0.06701693791855265,0.046860146042989825
0.23135909386333042,全天候策略,0.23135909386333042,0.03971425366382437,2018-06-30,0.013684835539677398,0.03971425366382437,0.013684835539677398,0.2573885119874774,0.03971425366382437,0.03971425366382437,0.05395236088738507,0.03971425366382437
0.23032643663372684,全天候策略,0.23032643663372684,0.03979819942704284,2018-07-31,0.013939415919286172,0.03979819942704284,0.013939415919286172,0.25618522014148354,0.03979819942704284,0.03979819942704284,0.05629207761727629,0.03979819942704284
0.19889166015737408,全天候策略,0.19889166015737408,0.05508564928952014,2018-08-31,0.019344330596460756,0.05508564928952014,0.019344330596460756,0.23463297885043344,0.05508564928952014,0.05508564928952014,0.053466793194296244,0.05508564928952014
0.1986000932374795,全天候策略,0.1986000932374795,0.05491360914026896,2018-09-30,0.019782496411541194,0.05491360914026896,0.019782496411541194,0.23373120596620728,0.05491360914026896,0.05491360914026896,0.05493556903440648,0.05491360914026896
0.2458352713267842,全天候策略,0.2458352713267842,0.03402582251460394,2018-10-31,0.011435084119513439,0.03402582251460394,0.011435084119513439,0.2684260097218747,0.03402582251460394,0.03402582251460394,0.04690416681251026,0.03402582251460394
0.2626952274750879,全天候策略,0.2626952274750879,0.024578262748114282,2018-11-30,0.009630982862589262,0.024578262748114282,0.009630982862589262,0.2776425073606129,0.024578262748114282,0.024578262748114282,0.05481375822346135,0.024578262748114282
0.25902930013455855,全天候策略,0.25902930013455855,0.02468728795211244,2018-12-31,0.009536016523140147,0.02468728795211244,0.009536016523140147,0.2741805715635308,0.02468728795211244,0.02468728795211244,0.06525235536050968,0.02468728795211244
0.2465640126361104,全天候策略,0.2465640126361104,0.028206941192741926,2019-01-31,0.011154633487432926,0.028206941192741926,0.011154633487432926,0.2636163203414194,0.028206941192741926,0.028206941192741926,0.07991168144778432,0.028206941192741926
0.23451830807243051,全天候策略,0.23451830807243051,0.03403077464728968,2019-02-28,0.013646993068915762,0.03403077464728968,0.013646993068915762,0.2549020896508044,0.03403077464728968,0.03403077464728968,0.07861343483005467,0.03403077464728968
0.2226539983232776,全天候策略,0.2226539983232776,0.03897588939654834,2019-03-31,0.015016017009653807,0.03897588939654834,0.015016017009653807,0.2466138707101721,0.03897588939654834,0.03897588939654834,0.08316665164122349,0.03897588939654834
0.20264725225861935,全天候策略,0.20264725225861935,0.05001967874076999,2019-04-30,0.019726488046726737,0.05001967874076999,0.019726488046726737,0.23294044295266259,0.05001967874076999,0.05001967874076999,0.07221368273279526,0.05001967874076999
0.23298197385277145,全天候策略,0.23298197385277145,0.036509337827454316,2019-05-31,0.012886722897840793,0.036509337827454316,0.012886722897840793,0.256604588782385,0.036509337827454316,0.036509337827454316,0.06911132857911897,0.036509337827454316
0.2202228226468374,全天候策略,0.2202228226468374,0.040895079871303065,2019-06-30,0.014717818386601111,0.040895079871303065,0.014717818386601111,0.24640008413153935,0.040895079871303065,0.040895079871303065,0.0792432344450683,0.040895079871303065
0.21739841214779265,全天候策略,0.21739841214779265,0.0405453806491992,2019-07-31,0.016367555786548506,0.0405453806491992,0.016367555786548506,0.24157623701044334,0.0405453806491992,0.0405453806491992,0.08816492387487827,0.0405453806491992
0.18710049923722522,全天候策略,0.18710049923722522,0.05603129795733355,2019-08-31,0.02222980575240265,0.05603129795733355,0.02222980575240265,0.2209019914421561,0.05603129795733355,0.05603129795733355,0.08028090879192033,0.05603129795733355
0.17618040660141154,全天候策略,0.17618040660141154,0.060686645825269336,2019-09-30,0.027267473528488458,0.060686645825269336,0.027267473528488458,0.20959957889819245,0.060686645825269336,0.060686645825269336,0.08007143171566083,0.060686645825269336
0.17214497124300177,全天候策略,0.17214497124300177,0.06279544259533984,2019-10-31,0.02824348169651672,0.06279544259533984,0.02824348169651672,0.2066969321418249,0.06279544259533984,0.06279544259533984,0.07854894900243886,0.06279544259533984
0.17443991314469084,全天候策略,0.17443991314469084,0.062330821887119,2019-11-30,0.027592084128336133,0.062330821887119,0.027592084128336133,0.2091786509034737,0.062330821887119,0.062330821887119,0.07510324511487733,0.062330821887119
0.17441676500523548,全天候策略,0.17441676500523548,0.06136024121214398,2019-12-31,0.028032181488083282,0.06136024121214398,0.028032181488083282,0.20774482472929617,0.06136024121214398,0.06136024121214398,0.08055607622334646,0.06136024121214398
0.19667175570524242,全天候策略,0.19667175570524242,0.04795613736401792,2020-01-31,0.023847268970926688,0.04795613736401792,0.023847268970926688,0.22078062409833366,0.04795613736401792,0.04795613736401792,0.09840063972923854,0.04795613736401792
0.2444031835494384,全天候策略,0.2444031835494384,0.02846460197431319,2020-02-29,0.011426346095195408,0.02846460197431319,0.011426346095195408,0.2614414394285562,0.02846460197431319,0.02846460197431319,0.08457649141061022,0.02846460197431319
0.2230668058712736,全天候策略,0.2230668058712736,0.038048584829795104,2020-03-31,0.01678579211083132,0.038048584829795104,0.01678579211083132,0.24432959859023737,0.038048584829795104,0.038048584829795104,0.08572228129657725,0.038048584829795104
0.22519205793195896,全天候策略,0.22519205793195896,0.035989062944798575,2020-04-30,0.016441612973999185,0.035989062944798575,0.016441612973999185,0.2447395079027584,0.035989062944798575,0.035989062944798575,0.09204783556133232,0.035989062944798575
0.22217780925435068,全天候策略,0.22217780925435068,0.037416360856337906,2020-05-31,0.016986379146007504,0.037416360856337906,0.016986379146007504,0.24260779096468107,0.037416360856337906,0.037416360856337906,0.09198202795291299,0.037416360856337906
0.21960746933353031,全天候策略,0.21960746933353031,0.038226450733870404,2020-06-30,0.017527917834414878,0.038226450733870404,0.017527917834414878,0.24030600223298582,0.038226450733870404,0.038226450733870404,0.09429096976177188,0.038226450733870404
0.22492137540334683,全天候策略,0.22492137540334683,0.03696027950566501,2020-07-31,0.015146598451020215,0.03696027950566501,0.015146598451020215,0.24673505645799163,0.03696027950566501,0.03696027950566501,0.0883275983049493,0.03696027950566501
0.1767873438781797,全天候策略,0.1767873438781797,0.06133775675449055,2020-08-31,0.0274877822717057,0.06133775675449055,0.0274877822717057,0.21063731836096455,0.06133775675449055,0.06133775675449055,0.07412364556681192,0.06133775675449055
0.19903069575399246,全天候策略,0.19903069575399246,0.05025135873971379,2020-09-30,0.022942239599798558,0.05025135873971379,0.022942239599798558,0.2263398148939077,0.05025135873971379,0.05025135873971379,0.07845752069994122,0.05025135873971379
0.2112576569214909,全天候策略,0.2112576569214909,0.043665769849764835,2020-10-31,0.02019910315321274,0.043665769849764835,0.02019910315321274,0.234724323618043,0.043665769849764835,0.043665769849764835,0.0840333069837256,0.043665769849764835
0.1863297288672669,全天候策略,0.1863297288672669,0.05622459152340846,2020-11-30,0.02585149621950306,0.05622459152340846,0.02585149621950306,0.21670282417117231,0.05622459152340846,0.05622459152340846,0.07781176803824541,0.05622459152340846
0.20686172316979118,全天候策略,0.20686172316979118,0.04721355524582602,2020-12-31,0.021632669607805907,0.04721355524582602,0.021632669607805907,0.2324426088078113,0.04721355524582602,0.04721355524582602,0.07450082940786447,0.04721355524582602
0.20726784514982352,全天候策略,0.20726784514982352,0.04663872427500986,2021-01-31,0.02143815387220136,0.04663872427500986,0.02143815387220136,0.23246841555263204,0.04663872427500986,0.04663872427500986,0.07692596502826882,0.04663872427500986
0.19755154842099865,全天候策略,0.19755154842099865,0.05055967817088279,2021-02-28,0.02333357202695344,0.05055967817088279,0.02333357202695344,0.224777654564928,0.05055967817088279,0.05055967817088279,0.08065371368475392,0.05055967817088279
0.22209940920668253,全天候策略,0.22209940920668253,0.037752183755939014,2021-03-31,0.017456896894901715,0.037752183755939014,0.017456896894901715,0.24239469606771982,0.037752183755939014,0.037752183755939014,0.08973177294941662,0.037752183755939014
0.22052993952942762,全天候策略,0.22052993952942762,0.03857709742929895,2021-04-30,0.017796505379733325,0.03857709742929895,0.017796505379733325,0.24131053157899324,0.03857709742929895,0.03857709742929895,0.08915109145619007,0.03857709742929895
0.23801986220047633,全天候策略,0.23801986220047633,0.02874208625134455,2021-05-31,0.01384323646866654,0.02874208625134455,0.01384323646866654,0.25291871198315435,0.02874208625134455,0.02874208625134455,0.0996446594218371,0.02874208625134455
0.22043856139772194,全天候策略,0.22043856139772194,0.03765140187168124,2021-06-30,0.018956425001684474,0.03765140187168124,0.018956425001684474,0.23913353826771871,0.03765140187168124,0.03765140187168124,0.09381947957506222,0.03765140187168124
0.22295980398327736,全天候策略,0.22295980398327736,0.0381681235774424,2021-07-31,0.018884086889650802,0.0381681235774424,0.018884086889650802,0.24224384067106897,0.0381681235774424,0.0381681235774424,0.08322775969586267,0.0381681235774424
0.21906948151782207,全天候策略,0.21906948151782207,0.037436194756091515,2021-08-31,0.01900566937194063,0.037436194756091515,0.01900566937194063,0.23750000690197298,0.037436194756091515,0.037436194756091515,0.09916871753804402,0.037436194756091515
0.2136831680521155,全天候策略,0.2136831680521155,0.044095264652552035,2021-09-30,0.021243938576011562,0.044095264652552035,0.021243938576011562,0.236534494128656,0.044095264652552035,0.044095264652552035,0.07313496935232958,0.044095264652552035
0.22724470381670359,全天候策略,0.22724470381670359,0.03761301959783078,2021-10-31,0.018054090819252133,0.03761301959783078,0.018054090819252133,0.2468036325952822,0.03761301959783078,0.03761301959783078,0.07453368014365254,0.03761301959783078
0.23971433453780222,全天候策略,0.23971433453780222,0.029704925498701983,2021-11-30,0.014861483920862945,0.029704925498701983,0.014861483920862945,0.25455777611564123,0.029704925498701983,0.029704925498701983,0.08776595947351852,0.029704925498701983
0.24200207790434447,全天候策略,0.24200207790434447,0.027564573907175198,2021-12-31,0.013473547880334452,0.027564573907175198,0.013473547880334452,0.25609310393118523,0.027564573907175198,0.027564573907175198,0.09513277496358101,0.027564573907175198
0.22448103061829194,全天候策略,0.22448103061829194,0.03860722881873585,2022-01-31,0.01737747809177923,0.03860722881873585,0.01737747809177923,0.24571078134524857,0.03860722881873585,0.03860722881873585,0.07753605714092973,0.03860722881873585
0.22093107219708868,全天候策略,0.22093107219708868,0.03776302833593042,2022-02-28,0.01849561865593417,0.03776302833593042,0.01849561865593417,0.24019848187708492,0.03776302833593042,0.03776302833593042,0.09213299473721724,0.03776302833593042
0.22604236681065412,全天候策略,0.22604236681065412,0.03698474559972024,2022-03-31,0.017562855184933637,0.03698474559972024,0.017562855184933637,0.2454642572254407,0.03698474559972024,0.03698474559972024,0.08240157078478255,0.03698474559972024
0.246657012100827,全天候策略,0.246657012100827,0.029271613319783688,2022-04-30,0.012857624143307085,0.029271613319783688,0.012857624143307085,0.2630710012773036,0.029271613319783688,0.029271613319783688,0.07154165963550974,0.029271613319783688
0.24149011028855966,全天候策略,0.24149011028855966,0.031333777696246026,2022-05-31,0.013747039716388776,0.031333777696246026,0.013747039716388776,0.25907684826841687,0.031333777696246026,0.031333777696246026,0.07377996324045617,0.031333777696246026
0.24752578642033451,全天候策略,0.24752578642033451,0.026186568564866942,2022-06-30,0.012418099209307556,0.026186568564866942,0.012418099209307556,0.2612942557758939,0.026186568564866942,0.026186568564866942,0.08788513014048728,0.026186568564866942
0.24873255752047668,全天候策略,0.24873255752047668,0.026049828693242308,2022-07-31,0.012711143202817701,0.026049828693242308,0.012711143202817701,0.2620712430109013,0.026049828693242308,0.026049828693242308,0.08479221207629851,0.026049828693242308
0.24840404294386412,全天候策略,0.24840404294386412,0.026113658828000277,2022-08-31,0.012535962600247101,0.026113658828000277,0.012535962600247101,0.26198173917161727,0.026113658828000277,0.026113658828000277,0.08556995560015893,0.026113658828000277
0.24653903885964695,全天候策略,0.24653903885964695,0.028234133385998644,2022-09-30,0.013359866145704741,0.028234133385998644,0.013359866145704741,0.26141330609994085,0.028234133385998644,0.028234133385998644,0.07761821695936251,0.028234133385998644
0.2516326539234093,全天候策略,0.2516326539234093,0.027060311346880014,2022-10-31,0.012590130930591473,0.027060311346880014,0.012590130930591473,0.26610283433969784,0.027060311346880014,0.027060311346880014,0.07015003921790046,0.027060311346880014
0.23289729449105223,全天候策略,0.23289729449105223,0.034241417964228776,2022-11-30,0.016014371419092018,0.034241417964228776,0.016014371419092018,0.251124341036189,0.034241417964228776,0.034241417964228776,0.07984523732237865,0.034241417964228776
0.2316549622615348,全天候策略,0.2316549622615348,0.034907654747166714,2022-12-31,0.01654159966180162,0.034907654747166714,0.01654159966180162,0.2500210173468999,0.034907654747166714,0.034907654747166714,0.0790475850705936,0.034907654747166714
0.23745492818717245,全天候策略,0.23745492818717245,0.031142558961444418,2023-01-31,0.015315700775375923,0.031142558961444418,0.015315700775375923,0.25328178637324095,0.031142558961444418,0.031142558961444418,0.08546416089444027,0.031142558961444418
0.23348400986360068,全天候策略,0.23348400986360068,0.032527584752984125,2023-02-28,0.01560140971025375,0.032527584752984125,0.01560140971025375,0.25041018490633105,0.032527584752984125,0.032527584752984125,0.08878105218103936,0.032527584752984125
0.23698015560700447,全天候策略,0.23698015560700447,0.030112670573796192,2023-03-31,0.01388626978185647,0.030112670573796192,0.01388626978185647,0.2532065563989442,0.030112670573796192,0.030112670573796192,0.09449723995435293,0.030112670573796192
0.23889360479747618,全天候策略,0.23889360479747618,0.027786887969506367,2023-04-30,0.012851605372358924,0.027786887969506367,0.012851605372358924,0.2538288873946236,0.027786887969506367,0.027786887969506367,0.1037462524181744,0.027786887969506367
0.23863286669831307,全天候策略,0.23863286669831307,0.03058882354273075,2023-05-31,0.013938031247413505,0.03058882354273075,0.013938031247413505,0.2552836589936303,0.03058882354273075,0.03058882354273075,0.08663042740126278,0.03058882354273075
0.23149461334105886,全天候策略,0.23149461334105886,0.035405433959608976,2023-06-30,0.016123928061056222,0.035405433959608976,0.016123928061056222,0.25077611923961163,0.035405433959608976,0.035405433959608976,0.07695962815811329,0.035405433959608976
0.21950592455456103,全天候策略,0.21950592455456103,0.038845395839334766,2023-07-31,0.017540906305800647,0.038845395839334766,0.017540906305800647,0.24081041408809517,0.038845395839334766,0.038845395839334766,0.09086894499450764,0.038845395839334766
0.22503789547652178,全天候策略,0.22503789547652178,0.03603508714441217,2023-08-31,0.01636957919911989,0.03603508714441217,0.01636957919911989,0.24470340342181407,0.03603508714441217,0.03603508714441217,0.09230621150484178,0.03603508714441217
0.2070327009213282,全天候策略,0.2070327009213282,0.044676411808571515,2023-09-30,0.020036765730645174,0.044676411808571515,0.020036765730645174,0.23167234699925454,0.044676411808571515,0.044676411808571515,0.09080666065394123,0.044676411808571515
0.2320101671705599,全天候策略,0.2320101671705599,0.03454848499149785,2023-10-31,0.016087323258611643,0.03454848499149785,0.016087323258611643,0.2504713289034461,0.03454848499149785,0.03454848499149785,0.0805912652807216,0.03454848499149785
0.22833984564779428,全天候策略,0.22833984564779428,0.03430771883449473,2023-11-30,0.01626794453669184,0.03430771883449473,0.01626794453669184,0.24637961994559718,0.03430771883449473,0.03430771883449473,0.09286620551295699,0.03430771883449473
0.23745506000682098,全天候策略,0.23745506000682098,0.029726875221032352,2023-12-31,0.013982225944245424,0.029726875221032352,0.013982225944245424,0.2531997092836079,0.029726875221032352,0.029726875221032352,0.09529134270909762,0.029726875221032352
0.24674892427463913,全天候策略,0.24674892427463913,0.028983961886520297,2024-01-31,0.011301579419860801,0.028983961886520297,0.011301579419860801,0.2644313067412986,0.028983961886520297,0.028983961886520297,0.07454787643710002,0.028983961886520297
0.2449861551493976,全天候策略,0.2449861551493976,0.02940916756036454,2024-02-29,0.01054542531321055,0.02940916756036454,0.01054542531321055,0.26384989739655157,0.02940916756036454,0.02940916756036454,0.0780411038764095,0.02940916756036454
0.20664110921634596,全天候策略,0.20664110921634596,0.048076442525058154,2024-03-31,0.01872498389998243,0.048076442525058154,0.01872498389998243,0.2359925678414217,0.048076442525058154,0.048076442525058154,0.07289303330063085,0.048076442525058154
0.17615215411112725,全天候策略,0.17615215411112725,0.06297506608809378,2024-04-30,0.02879516320061876,0.06297506608809378,0.02879516320061876,0.21033205699860227,0.06297506608809378,0.06297506608809378,0.06489797793743693,0.06297506608809378
0.18607791950921165,全天候策略,0.18607791950921165,0.056819444952989365,2024-05-31,0.027067489711869796,0.056819444952989365,0.027067489711869796,0.21582987475033125,0.056819444952989365,0.056819444952989365,0.07378208204255901,0.056819444952989365
0.18805787140225103,全天候策略,0.18805787140225103,0.05689358425985408,2024-06-30,0.027610902883296456,0.05689358425985408,0.027610902883296456,0.21734055277880865,0.05689358425985408,0.05689358425985408,0.0668539773508259,0.05689358425985408
0.19954508141649324,全天候策略,0.19954508141649324,0.05011213370912512,2024-07-31,0.024825539385264883,0.05011213370912512,0.024825539385264883,0.22483167574035345,0.05011213370912512,0.05011213370912512,0.07586641411050479,0.05011213370912512
0.2084572365683904,全天候策略,0.2084572365683904,0.04575252082220056,2024-08-31,0.022616815887701824,0.04575252082220056,0.022616815887701824,0.23159294150288914,0.04575252082220056,0.04575252082220056,0.07749634947392353,0.04575252082220056
0.20152559411349874,全天候策略,0.20152559411349874,0.04806184996830576,2024-09-30,0.023070664690575414,0.04806184996830576,0.023070664690575414,0.22651677939122908,0.04806184996830576,0.04806184996830576,0.08398145315909389,0.04806184996830576
0.22036339906259306,全天候策略,0.22036339906259306,0.04342390313400911,2024-10-31,0.01730041047939996,0.04342390313400911,0.01730041047939996,0.24648689171720217,0.04342390313400911,0.04342390313400911,0.06106597352876621,0.04342390313400911
0.2150499109525873,全天候策略,0.2150499109525873,0.044012517034377516,2024-11-30,0.017810712205317734,0.044012517034377516,0.017810712205317734,0.24125171578164706,0.044012517034377516,0.044012517034377516,0.07296445273065534,0.044012517034377516
0.21001571606900502,全天候策略,0.21001571606900502,0.046048761229686236,2024-12-31,0.019372319215346205,0.046048761229686236,0.019372319215346205,0.23669215808334504,0.046048761229686236,0.046048761229686236,0.0742879651995213,0.046048761229686236
0.21596032441211577,全天候策略,0.21596032441211577,0.04284277654839383,2025-01-31,0.01807326776480501,0.04284277654839383,0.01807326776480501,0.24072983319570462,0.04284277654839383,0.04284277654839383,0.07698909970848482,0.04284277654839383
0.1918761691758639,全天候策略,0.1918761691758639,0.05288372731094486,2025-02-28,0.02527510486853499,0.05288372731094486,0.02527510486853499,0.21948479161827378,0.05288372731094486,0.05288372731094486,0.08179402373820406,0.05288372731094486
0.1811026257071136,全天候策略,0.1811026257071136,0.05766695214145044,2025-03-31,0.02704156448823711,0.05766695214145044,0.02704156448823711,0.21172801336032693,0.05766695214145044,0.05766695214145044,0.0836488455417194,0.05766695214145044
0.2023525352320495,全天候策略,0.2023525352320495,0.04971619478107102,2025-04-30,0.02051633550808388,0.04971619478107102,0.02051633550808388,0.23155239450503662,0.04971619478107102,0.04971619478107102,0.07412889010934158,0.04971619478107102
0.19165972278763097,全天候策略,0.19165972278763097,0.053892992296029826,2025-05-31,0.02317704023259832,0.053892992296029826,0.02317704023259832,0.22237567485106247,0.053892992296029826,0.053892992296029826,0.07848583762832993,0.053892992296029826
0.19787303363522557,全天候策略,0.19787303363522557,0.04989195634412152,2025-06-30,0.02398529065827012,0.04989195634412152,0.02398529065827012,0.22377969932107694,0.04989195634412152,0.04989195634412152,0.08304387037132395,0.04989195634412152
0.18607091307887608,全天候策略,0.18607091307887608,0.056105620343821744,2025-07-31,0.02743064998249838,0.056105620343821744,0.02743064998249838,0.21474588344019946,0.056105620343821744,0.056105620343821744,0.07772288871794288,0.056105620343821744
0.18513520383946575,全天候策略,0.18513520383946575,0.05704625701766175,2025-08-31,0.026818212153830807,0.05704625701766175,0.026818212153830807,0.2153632487032967,0.05704625701766175,0.05704625701766175,0.07549863422180143,0.05704625701766175
0.19449951178428485,全天候策略,0.19449951178428485,0.05308107814990826,2025-09-30,0.02367122777997662,0.05308107814990826,0.02367122777997662,0.22390936215421647,0.05308107814990826,0.05308107814990826,0.07434376796771934,0.05308107814990826
0.1628111444720092,全天候策略,0.1628111444720092,0.06719780942445276,2025-10-31,0.030060216601701013,0.06719780942445276,0.030060216601701013,0.19994873729476093,0.06719780942445276,0.06719780942445276,0.07831949343555479,0.06719780942445276
0.16806939478199354,全天候策略,0.16806939478199354,0.06531914155525212,2025-11-30,0.02873938358685253,0.06531914155525212,0.02873938358685253,0.20464915275039314,0.06531914155525212,0.06531914155525212,0.07513758273565412,0.06531914155525212
0.16734158247663222,全天候策略,0.16734158247663222,0.06525373663505714,2025-12-31,0.030380762190202092,0.06525373663505714,0.030380762190202092,0.20221455692148727,0.06525373663505714,0.06525373663505714,0.07607207056955835,0.06525373663505714
0.1671990138838398,全天候策略,0.1671990138838398,0.0639662231573244,2026-01-31,0.03449444700624568,0.0639662231573244,0.03449444700624568,0.1966707900349185,0.0639662231573244,0.0639662231573244,0.08011117239828856,0.0639662231573244
0.16228334806651223,全天候策略,0.16228334806651223,0.0665689472894716,2026-02-28,0.03585530695023458,0.0665689472894716,0.03585530695023458,0.19299698840574928,0.0665689472894716,0.0665689472894716,0.07788096511339912,0.0665689472894716
0.29360488157991116,全天候增强策略 (动量择时),0.29360488157991116,0.0,2014-01-31,0.0,0.0,0.0,0.29360488157991116,0.0,0.0,0.11918535526026644,0.0
0.2918687577914484,全天候增强策略 (动量择时),0.2918687577914484,0.0,2014-02-28,0.0,0.0,0.0,0.2918687577914484,0.0,0.0,0.12439372662565486,0.0
0.19189624807197467,全天候增强策略 (动量择时),0.19189624807197467,0.07071854263067932,2014-03-31,0.0,0.07071854263067932,0.0,0.262614790702654,0.07071854263067932,0.07071854263067932,0.0,0.07071854263067932
0.0,全天候增强策略 (动量择时),0.0,0.15679169964118142,2014-04-30,0.0592498021529115,0.15679169964118142,0.0592498021529115,0.09754189748826993,0.15679169964118142,0.15679169964118142,0.0,0.15679169964118142
0.2947001587493351,全天候增强策略 (动量择时),0.2947001587493351,0.0,2014-05-31,0.0,0.0,0.0,0.2947001587493351,0.0,0.0,0.11589952375199494,0.0
0.0,全天候增强策略 (动量择时),0.0,0.15565637476597727,2014-06-30,0.06606175140413645,0.15565637476597727,0.06606175140413645,0.0895946233618408,0.15565637476597727,0.15565637476597727,0.0,0.15565637476597727
0.15556275514338042,全天候增强策略 (动量择时),0.15556275514338042,0.05396413991806832,2014-07-31,0.05396413991806832,0.05396413991806832,0.05396413991806832,0.15556275514338042,0.05396413991806832,0.05396413991806832,0.15556275514338042,0.05396413991806832
0.28899079334641203,全天候增强策略 (动量择时),0.28899079334641203,0.0,2014-08-31,0.0,0.0,0.0,0.28899079334641203,0.0,0.0,0.13302761996076387,0.0
0.2917191257597289,全天候增强策略 (动量择时),0.2917191257597289,0.0,2014-09-30,0.0,0.0,0.0,0.2917191257597289,0.0,0.0,0.12484262272081342,0.0
0.29198784895583507,全天候增强策略 (动量择时),0.29198784895583507,0.0,2014-10-31,0.0,0.0,0.0,0.29198784895583507,0.0,0.0,0.12403645313249495,0.0
0.29068218328955975,全天候增强策略 (动量择时),0.29068218328955975,0.0,2014-11-30,0.0,0.0,0.0,0.29068218328955975,0.0,0.0,0.12795345013132067,0.0
0.29497916689534587,全天候增强策略 (动量择时),0.29497916689534587,0.0,2014-12-31,0.0,0.0,0.0,0.29497916689534587,0.0,0.0,0.1150624993139625,0.0
0.30080252743252606,全天候增强策略 (动量择时),0.30080252743252606,0.0,2015-01-31,0.0,0.0,0.0,0.30080252743252606,0.0,0.0,0.09759241770242186,0.0
0.0,全天候增强策略 (动量择时),0.0,0.1540504458932261,2015-02-28,0.07569732464064323,0.1540504458932261,0.07569732464064323,0.07835312125258288,0.1540504458932261,0.1540504458932261,0.0,0.1540504458932261
0.13740797557895326,全天候增强策略 (动量择时),0.13740797557895326,0.06433829966916957,2015-03-31,0.06433829966916957,0.06433829966916957,0.06433829966916957,0.13740797557895326,0.06433829966916957,0.06433829966916957,0.13740797557895326,0.06433829966916957
0.13575948401741536,全天候增强策略 (动量择时),0.13575948401741536,0.06528029484719124,2015-04-30,0.06528029484719124,0.06528029484719124,0.06528029484719124,0.13575948401741536,0.06528029484719124,0.06528029484719124,0.13575948401741536,0.06528029484719124
0.0,全天候增强策略 (动量择时),0.0,0.1538867867357397,2015-05-31,0.07667927958556182,0.1538867867357397,0.07667927958556182,0.07720750715017788,0.1538867867357397,0.1538867867357397,0.0,0.1538867867357397
0.30619046170713904,全天候增强策略 (动量择时),0.30619046170713904,0.0,2015-06-30,0.0,0.0,0.0,0.30619046170713904,0.0,0.0,0.08142861487858281,0.0
0.3081555725807321,全天候增强策略 (动量择时),0.3081555725807321,0.0,2015-07-31,0.0,0.0,0.0,0.3081555725807321,0.0,0.0,0.07553328225780376,0.0
0.3137533472351962,全天候增强策略 (动量择时),0.3137533472351962,0.0,2015-08-31,0.0,0.0,0.0,0.3137533472351962,0.0,0.0,0.058739958294411365,0.0
0.24636373955533855,全天候增强策略 (动量择时),0.24636373955533855,0.0434847968889974,2015-09-30,0.0,0.0434847968889974,0.0,0.28984853644433595,0.0434847968889974,0.0434847968889974,0.0,0.0434847968889974
0.0,全天候增强策略 (动量择时),0.0,0.15751210071152236,2015-10-31,0.05492739573086584,0.15751210071152236,0.05492739573086584,0.10258470498065651,0.15751210071152236,0.15751210071152236,0.0,0.15751210071152236
0.300794336548241,全天候增强策略 (动量择时),0.300794336548241,0.0,2015-11-30,0.0,0.0,0.0,0.300794336548241,0.0,0.0,0.09761699035527702,0.0
0.2346606331819631,全天候增强策略 (动量择时),0.2346606331819631,0.049336350075685105,2015-12-31,0.0,0.049336350075685105,0.0,0.2839969832576482,0.049336350075685105,0.049336350075685105,0.0,0.049336350075685105
0.0,全天候增强策略 (动量择时),0.0,0.1572252291456539,2016-01-31,0.05664862512607655,0.1572252291456539,0.05664862512607655,0.10057660401957735,0.1572252291456539,0.1572252291456539,0.0,0.1572252291456539
0.0,全天候增强策略 (动量择时),0.0,0.15735045040410744,2016-02-29,0.05589729757535528,0.15735045040410744,0.05589729757535528,0.10145315282875217,0.15735045040410744,0.15735045040410744,0.0,0.15735045040410744
0.0,全天候增强策略 (动量择时),0.0,0.1565379532371734,2016-03-31,0.06077228057695966,0.1565379532371734,0.06077228057695966,0.09576567266021373,0.1565379532371734,0.1565379532371734,0.0,0.1565379532371734
0.2229087441429405,全天候增强策略 (动量择时),0.2229087441429405,0.05521229459519642,2016-04-30,0.0,0.05521229459519642,0.0,0.2781210387381369,0.05521229459519642,0.05521229459519642,0.0,0.05521229459519642
0.29360163006910023,全天候增强策略 (动量择时),0.29360163006910023,0.0,2016-05-31,0.0,0.0,0.0,0.29360163006910023,0.0,0.0,0.11919510979269936,0.0
0.0,全天候增强策略 (动量择时),0.0,0.1565027194603647,2016-06-30,0.060983683237811816,0.1565027194603647,0.060983683237811816,0.09551903622255288,0.1565027194603647,0.1565027194603647,0.0,0.1565027194603647
0.0,全天候增强策略 (动量择时),0.0,0.15523076021824048,2016-07-31,0.06861543869055724,0.15523076021824048,0.06861543869055724,0.08661532152768324,0.15523076021824048,0.15523076021824048,0.0,0.15523076021824048
0.0,全天候增强策略 (动量择时),0.0,0.1547700752857343,2016-08-31,0.07137954828559408,0.1547700752857343,0.07137954828559408,0.08339052700014023,0.1547700752857343,0.1547700752857343,0.0,0.1547700752857343
0.0,全天候增强策略 (动量择时),0.0,0.155171255167667,2016-09-30,0.06897246899399788,0.155171255167667,0.06897246899399788,0.08619878617366912,0.155171255167667,0.155171255167667,0.0,0.155171255167667
0.0,全天候增强策略 (动量择时),0.0,0.155084276325841,2016-10-31,0.06949434204495394,0.155084276325841,0.06949434204495394,0.08558993428088706,0.155084276325841,0.155084276325841,0.0,0.155084276325841
0.0,全天候增强策略 (动量择时),0.0,0.15371214574842448,2016-11-30,0.07772712550945322,0.15371214574842448,0.07772712550945322,0.07598502023897126,0.15371214574842448,0.15371214574842448,0.0,0.15371214574842448
0.0,全天候增强策略 (动量择时),0.0,0.15399279608497501,2016-12-31,0.0760432234901499,0.15399279608497501,0.0760432234901499,0.07794957259482511,0.15399279608497501,0.15399279608497501,0.0,0.15399279608497501
0.1423631541188086,全天候增强策略 (动量择时),0.1423631541188086,0.0615067690749665,2017-01-31,0.0615067690749665,0.0615067690749665,0.0615067690749665,0.1423631541188086,0.0615067690749665,0.0615067690749665,0.1423631541188086,0.0615067690749665
0.15867667883457143,全天候增强策略 (动量择时),0.15867667883457143,0.05218475495167346,2017-02-28,0.05218475495167346,0.05218475495167346,0.05218475495167346,0.15867667883457143,0.05218475495167346,0.05218475495167346,0.15867667883457143,0.05218475495167346
0.28908115676809043,全天候增强策略 (动量择时),0.28908115676809043,0.0,2017-03-31,0.0,0.0,0.0,0.28908115676809043,0.0,0.0,0.1327565296957287,0.0
0.29046754946682946,全天候增强策略 (动量择时),0.29046754946682946,0.0,2017-04-30,0.0,0.0,0.0,0.29046754946682946,0.0,0.0,0.12859735159951155,0.0
0.17391161448708028,全天候增强策略 (动量择时),0.17391161448708028,0.04347907743595413,2017-05-31,0.04347907743595413,0.04347907743595413,0.04347907743595413,0.17391161448708028,0.04347907743595413,0.04347907743595413,0.17391161448708028,0.04347907743595413
0.29160174156931956,全天候增强策略 (动量择时),0.29160174156931956,0.0,2017-06-30,0.0,0.0,0.0,0.29160174156931956,0.0,0.0,0.12519477529204123,0.0
0.21434408443853117,全天候增强策略 (动量择时),0.21434408443853117,0.059494624447401084,2017-07-31,0.0,0.059494624447401084,0.0,0.27383870888593226,0.059494624447401084,0.059494624447401084,0.0,0.059494624447401084
0.16636369221604305,全天候增强策略 (动量择时),0.16636369221604305,0.04779217587654682,2017-08-31,0.04779217587654682,0.04779217587654682,0.04779217587654682,0.16636369221604305,0.04779217587654682,0.04779217587654682,0.16636369221604305,0.04779217587654682
0.22458202922259551,全天候增强策略 (动量择时),0.22458202922259551,0.05437565205536892,2017-09-30,0.0,0.05437565205536892,0.0,0.27895768127796444,0.05437565205536892,0.05437565205536892,0.0,0.05437565205536892
0.163651771721638,全天候增强策略 (动量择时),0.163651771721638,0.049341844730492565,2017-10-31,0.049341844730492565,0.049341844730492565,0.049341844730492565,0.163651771721638,0.049341844730492565,0.049341844730492565,0.163651771721638,0.049341844730492565
0.2910549771676699,全天候增强策略 (动量择时),0.2910549771676699,0.0,2017-11-30,0.0,0.0,0.0,0.2910549771676699,0.0,0.0,0.12683506849699014,0.0
0.29387334640130297,全天候增强策略 (动量择时),0.29387334640130297,0.0,2017-12-31,0.0,0.0,0.0,0.29387334640130297,0.0,0.0,0.1183799607960912,0.0
0.0,全天候增强策略 (动量择时),0.0,0.1544349133105733,2018-01-31,0.07339052013656032,0.1544349133105733,0.07339052013656032,0.08104439317401296,0.1544349133105733,0.1544349133105733,0.0,0.1544349133105733
0.30227463883475103,全天候增强策略 (动量择时),0.30227463883475103,0.0,2018-02-28,0.0,0.0,0.0,0.30227463883475103,0.0,0.0,0.0931760834957468,0.0
0.30099571646049944,全天候增强策略 (动量择时),0.30099571646049944,0.0,2018-03-31,0.0,0.0,0.0,0.30099571646049944,0.0,0.0,0.0970128506185016,0.0
0.22973501922413606,全天候增强策略 (动量择时),0.22973501922413606,0.051799157054598644,2018-04-30,0.0,0.051799157054598644,0.0,0.28153417627873467,0.051799157054598644,0.051799157054598644,0.0,0.051799157054598644
0.22944203446183364,全天候增强策略 (动量择时),0.22944203446183364,0.05194564943574984,2018-05-31,0.0,0.05194564943574984,0.0,0.2813876838975835,0.05194564943574984,0.05194564943574984,0.0,0.05194564943574984
0.24039624339631963,全天候增强策略 (动量择时),0.24039624339631963,0.04646854496850686,2018-06-30,0.0,0.04646854496850686,0.0,0.2868647883648265,0.04646854496850686,0.04646854496850686,0.0,0.04646854496850686
0.30284088471163684,全天候增强策略 (动量择时),0.30284088471163684,0.0,2018-07-31,0.0,0.0,0.0,0.30284088471163684,0.0,0.0,0.0914773458650895,0.0
0.30293286878238745,全天候增强策略 (动量择时),0.30293286878238745,0.0,2018-08-31,0.0,0.0,0.0,0.30293286878238745,0.0,0.0,0.09120139365283764,0.0
0.3020492361980024,全天候增强策略 (动量择时),0.3020492361980024,0.0,2018-09-30,0.0,0.0,0.0,0.3020492361980024,0.0,0.0,0.09385229140599284,0.0
0.30881261594047293,全天候增强策略 (动量择时),0.30881261594047293,0.0,2018-10-31,0.0,0.0,0.0,0.30881261594047293,0.0,0.0,0.07356215217858121,0.0
0.30816700035873834,全天候增强策略 (动量择时),0.30816700035873834,0.0,2018-11-30,0.0,0.0,0.0,0.30816700035873834,0.0,0.0,0.07549899892378494,0.0
0.30425044141935254,全天候增强策略 (动量择时),0.30425044141935254,0.0,2018-12-31,0.0,0.0,0.0,0.30425044141935254,0.0,0.0,0.08724867574194241,0.0
0.2965336154318901,全天候增强策略 (动量择时),0.2965336154318901,0.0,2019-01-31,0.0,0.0,0.0,0.2965336154318901,0.0,0.0,0.1103991537043297,0.0
0.0,全天候增强策略 (动量择时),0.0,0.15604348657535755,2019-02-28,0.06373908054785474,0.15604348657535755,0.06373908054785474,0.0923044060275028,0.15604348657535755,0.15604348657535755,0.0,0.15604348657535755
0.0,全天候增强策略 (动量择时),0.0,0.15630438725821058,2019-03-31,0.062173676450736584,0.15630438725821058,0.062173676450736584,0.094130710807474,0.15630438725821058,0.15630438725821058,0.0,0.15630438725821058
0.0,全天候增强策略 (动量择时),0.0,0.15638342384594578,2019-04-30,0.06169945692432533,0.15638342384594578,0.06169945692432533,0.09468396692162044,0.15638342384594578,0.15638342384594578,0.0,0.15638342384594578
0.2992100497938358,全天候增强策略 (动量择时),0.2992100497938358,0.0,2019-05-31,0.0,0.0,0.0,0.2992100497938358,0.0,0.0,0.10236985061849269,0.0
0.2933544426482296,全天候增强策略 (动量择时),0.2933544426482296,0.0,2019-06-30,0.0,0.0,0.0,0.2933544426482296,0.0,0.0,0.11993667205531135,0.0
0.0,全天候增强策略 (动量择时),0.0,0.1561697500666106,2019-07-31,0.06298149960033632,0.1561697500666106,0.06298149960033632,0.09318825046627428,0.1561697500666106,0.1561697500666106,0.0,0.1561697500666106
0.28940015928193263,全天候增强策略 (动量择时),0.28940015928193263,0.0,2019-08-31,0.0,0.0,0.0,0.28940015928193263,0.0,0.0,0.1317995221542023,0.0
0.0,全天候增强策略 (动量择时),0.0,0.1555187059318552,2019-09-30,0.06688776440886876,0.1555187059318552,0.06688776440886876,0.08863094152298645,0.1555187059318552,0.1555187059318552,0.0,0.1555187059318552
0.15731507217918023,全天候增强策略 (动量择时),0.15731507217918023,0.052962815897611294,2019-10-31,0.052962815897611294,0.052962815897611294,0.052962815897611294,0.15731507217918023,0.052962815897611294,0.052962815897611294,0.15731507217918023,0.052962815897611294
0.0,全天候增强策略 (动量择时),0.0,0.15577889416393156,2019-11-30,0.06532663501641069,0.15577889416393156,0.06532663501641069,0.09045225914752088,0.15577889416393156,0.15577889416393156,0.0,0.15577889416393156
0.0,全天候增强策略 (动量择时),0.0,0.155640376871594,2019-12-31,0.06615773877043601,0.155640376871594,0.06615773877043601,0.08948263810115799,0.155640376871594,0.155640376871594,0.0,0.155640376871594
0.18373150422641032,全天候增强策略 (动量择时),0.18373150422641032,0.037867711870622676,2020-01-31,0.037867711870622676,0.037867711870622676,0.037867711870622676,0.18373150422641032,0.037867711870622676,0.037867711870622676,0.18373150422641032,0.037867711870622676
0.29208507611582785,全天候增强策略 (动量择时),0.29208507611582785,0.0,2020-02-29,0.0,0.0,0.0,0.29208507611582785,0.0,0.0,0.12374477165251646,0.0
0.2916475357579227,全天候增强策略 (动量择时),0.2916475357579227,0.0,2020-03-31,0.0,0.0,0.0,0.2916475357579227,0.0,0.0,0.125057392726232,0.0
0.29023530518390434,全天候增强策略 (动量择时),0.29023530518390434,0.0,2020-04-30,0.0,0.0,0.0,0.29023530518390434,0.0,0.0,0.12929408444828708,0.0
0.0,全天候增强策略 (动量择时),0.0,0.15530853625192753,2020-05-31,0.06814878248843483,0.15530853625192753,0.06814878248843483,0.0871597537634927,0.15530853625192753,0.15530853625192753,0.0,0.15530853625192753
0.0,全天候增强策略 (动量择时),0.0,0.15520956965217403,2020-06-30,0.06874258208695574,0.15520956965217403,0.06874258208695574,0.08646698756521827,0.15520956965217403,0.15520956965217403,0.0,0.15520956965217403
0.0,全天候增强策略 (动量择时),0.0,0.1563112931545649,2020-07-31,0.06213224107261065,0.1563112931545649,0.06213224107261065,0.09417905208195426,0.1563112931545649,0.1563112931545649,0.0,0.1563112931545649
0.0,全天候增强策略 (动量择时),0.0,0.15563076604289705,2020-08-31,0.06621540374261763,0.15563076604289705,0.06621540374261763,0.08941536230027942,0.15563076604289705,0.15563076604289705,0.0,0.15563076604289705
0.17020376835214948,全天候增强策略 (动量择时),0.17020376835214948,0.04559784665591459,2020-09-30,0.04559784665591459,0.04559784665591459,0.04559784665591459,0.17020376835214948,0.04559784665591459,0.04559784665591459,0.17020376835214948,0.04559784665591459
0.0,全天候增强策略 (动量择时),0.0,0.1550366439605615,2020-10-31,0.06978013623663105,0.1550366439605615,0.06978013623663105,0.08525650772393045,0.1550366439605615,0.1550366439605615,0.0,0.1550366439605615
0.0,全天候增强策略 (动量择时),0.0,0.1550753288641834,2020-11-30,0.06954802681489948,0.1550753288641834,0.06954802681489948,0.08552730204928394,0.1550753288641834,0.1550753288641834,0.0,0.1550753288641834
0.0,全天候增强策略 (动量择时),0.0,0.1549737232993575,2020-12-31,0.07015766020385518,0.1549737232993575,0.07015766020385518,0.08481606309550231,0.1549737232993575,0.1549737232993575,0.0,0.1549737232993575
0.0,全天候增强策略 (动量择时),0.0,0.15489978358529038,2021-01-31,0.07060129848825766,0.15489978358529038,0.07060129848825766,0.08429848509703271,0.15489978358529038,0.15489978358529038,0.0,0.15489978358529038
0.16870180062284837,全天候增强策略 (动量择时),0.16870180062284837,0.046456113929800945,2021-02-28,0.046456113929800945,0.046456113929800945,0.046456113929800945,0.16870180062284837,0.046456113929800945,0.046456113929800945,0.16870180062284837,0.046456113929800945
0.0,全天候增强策略 (动量择时),0.0,0.15478952762246012,2021-03-31,0.07126283426523938,0.15478952762246012,0.07126283426523938,0.08352669335722072,0.15478952762246012,0.15478952762246012,0.0,0.15478952762246012
0.0,全天候增强策略 (动量择时),0.0,0.15482887631630587,2021-04-30,0.07102674210216492,0.15482887631630587,0.07102674210216492,0.08380213421414094,0.15482887631630587,0.15482887631630587,0.0,0.15482887631630587
0.2900219312400115,全天候增强策略 (动量择时),0.2900219312400115,0.0,2021-05-31,0.0,0.0,0.0,0.2900219312400115,0.0,0.0,0.1299342062799654,0.0
0.2904874464599334,全天候增强策略 (动量择时),0.2904874464599334,0.0,2021-06-30,0.0,0.0,0.0,0.2904874464599334,0.0,0.0,0.12853766062019975,0.0
0.258929459056986,全天候增强策略 (动量择时),0.258929459056986,0.037201937138173664,2021-07-31,0.0,0.037201937138173664,0.0,0.29613139619515966,0.037201937138173664,0.037201937138173664,0.0,0.037201937138173664
0.28826813354023983,全天候增强策略 (动量择时),0.28826813354023983,0.0,2021-08-31,0.0,0.0,0.0,0.28826813354023983,0.0,0.0,0.13519559937928052,0.0
0.2412070767962258,全天候增强策略 (动量择时),0.2412070767962258,0.046063128268553764,2021-09-30,0.0,0.046063128268553764,0.0,0.28727020506477957,0.046063128268553764,0.046063128268553764,0.0,0.046063128268553764
0.17407912890944263,全天候增强策略 (动量择时),0.17407912890944263,0.04338335490888993,2021-10-31,0.04338335490888993,0.04338335490888993,0.04338335490888993,0.17407912890944263,0.04338335490888993,0.04338335490888993,0.17407912890944263,0.04338335490888993
0.2937312899198149,全天候增强策略 (动量择时),0.2937312899198149,0.0,2021-11-30,0.0,0.0,0.0,0.2937312899198149,0.0,0.0,0.11880613024055525,0.0
0.29179320979215956,全天候增强策略 (动量择时),0.29179320979215956,0.0,2021-12-31,0.0,0.0,0.0,0.29179320979215956,0.0,0.0,0.12462037062352137,0.0
0.29647092301314054,全天候增强策略 (动量择时),0.29647092301314054,0.0,2022-01-31,0.0,0.0,0.0,0.29647092301314054,0.0,0.0,0.11058723096057825,0.0
0.25060339819802346,全天候增强策略 (动量择时),0.25060339819802346,0.04136496756765492,2022-02-28,0.0,0.04136496756765492,0.0,0.29196836576567836,0.04136496756765492,0.04136496756765492,0.0,0.04136496756765492
0.26145210351165094,全天候增强策略 (动量择时),0.26145210351165094,0.035940614910841204,2022-03-31,0.0,0.035940614910841204,0.0,0.29739271842249215,0.035940614910841204,0.035940614910841204,0.0,0.035940614910841204
0.30183553158998416,全天候增强策略 (动量择时),0.30183553158998416,0.0,2022-04-30,0.0,0.0,0.0,0.30183553158998416,0.0,0.0,0.0944934052300474,0.0
0.29935449900564726,全天候增强策略 (动量择时),0.29935449900564726,0.0,2022-05-31,0.0,0.0,0.0,0.29935449900564726,0.0,0.0,0.10193650298305823,0.0
0.0,全天候增强策略 (动量择时),0.0,0.15450219524504843,2022-06-30,0.07298682852970949,0.15450219524504843,0.07298682852970949,0.08151536671533893,0.15450219524504843,0.15450219524504843,0.0,0.15450219524504843
0.2978480095894276,全天候增强策略 (动量择时),0.2978480095894276,0.0,2022-07-31,0.0,0.0,0.0,0.2978480095894276,0.0,0.0,0.10645597123171731,0.0
0.0,全天候增强策略 (动量择时),0.0,0.15431298247190633,2022-08-31,0.07412210516856203,0.15431298247190633,0.07412210516856203,0.08019087730334429,0.15431298247190633,0.15431298247190633,0.0,0.15431298247190633
0.3017944832891109,全天候增强策略 (动量择时),0.3017944832891109,0.0,2022-09-30,0.0,0.0,0.0,0.3017944832891109,0.0,0.0,0.0946165501326673,0.0
0.2833564200896238,全天候增强策略 (动量择时),0.2833564200896238,0.024988456621854765,2022-10-31,0.0,0.024988456621854765,0.0,0.3083448767114786,0.024988456621854765,0.024988456621854765,0.0,0.024988456621854765
0.0,全天候增强策略 (动量择时),0.0,0.15468028941296852,2022-11-30,0.07191826352218911,0.15468028941296852,0.07191826352218911,0.0827620258907794,0.15468028941296852,0.15468028941296852,0.0,0.15468028941296852
0.18259291430012908,全天候增强策略 (动量择时),0.18259291430012908,0.03851833468564054,2022-12-31,0.03851833468564054,0.03851833468564054,0.03851833468564054,0.18259291430012908,0.03851833468564054,0.03851833468564054,0.18259291430012908,0.03851833468564054
0.18898387421167176,全天候增强策略 (动量择时),0.18898387421167176,0.03486635759333042,2023-01-31,0.03486635759333042,0.03486635759333042,0.03486635759333042,0.18898387421167176,0.03486635759333042,0.03486635759333042,0.18898387421167176,0.03486635759333042
0.2946792404001208,全天候增强策略 (动量择时),0.2946792404001208,0.0,2023-02-28,0.0,0.0,0.0,0.2946792404001208,0.0,0.0,0.11596227879963757,0.0
0.1994623366386816,全天候增强策略 (动量择时),0.1994623366386816,0.028878664777896235,2023-03-31,0.028878664777896235,0.028878664777896235,0.028878664777896235,0.1994623366386816,0.028878664777896235,0.028878664777896235,0.1994623366386816,0.028878664777896235
0.0,全天候增强策略 (动量择时),0.0,0.15480613709199476,2023-04-30,0.07116317744803151,0.15480613709199476,0.07116317744803151,0.08364295964396323,0.15480613709199476,0.15480613709199476,0.0,0.15480613709199476
0.2950829460534829,全天候增强策略 (动量择时),0.2950829460534829,0.0,2023-05-31,0.0,0.0,0.0,0.2950829460534829,0.0,0.0,0.1147511618395513,0.0
0.29596799406393987,全天候增强策略 (动量择时),0.29596799406393987,0.0,2023-06-30,0.0,0.0,0.0,0.29596799406393987,0.0,0.0,0.11209601780818042,0.0
0.0,全天候增强策略 (动量择时),0.0,0.1550359838593146,2023-07-31,0.06978409684411221,0.1550359838593146,0.06978409684411221,0.08525188701520241,0.1550359838593146,0.1550359838593146,0.0,0.1550359838593146
0.0,全天候增强策略 (动量择时),0.0,0.15490270596682446,2023-08-31,0.07058376419905313,0.15490270596682446,0.07058376419905313,0.08431894176777133,0.15490270596682446,0.15490270596682446,0.0,0.15490270596682446
0.0,全天候增强策略 (动量择时),0.0,0.15515704540863573,2023-09-30,0.0690577275481857,0.15515704540863573,0.0690577275481857,0.08609931786045001,0.15515704540863573,0.15515704540863573,0.0,0.15515704540863573
0.18230182910412482,全天候增强策略 (动量择时),0.18230182910412482,0.03868466908335725,2023-10-31,0.03868466908335725,0.03868466908335725,0.03868466908335725,0.18230182910412482,0.03868466908335725,0.03868466908335725,0.18230182910412482,0.03868466908335725
0.25676732142205977,全天候增强策略 (动量择时),0.25676732142205977,0.038283005955636794,2023-11-30,0.0,0.038283005955636794,0.0,0.29505032737769654,0.038283005955636794,0.038283005955636794,0.0,0.038283005955636794
0.26979739179850093,全天候增强策略 (动量择时),0.26979739179850093,0.03176797076741619,2023-12-31,0.0,0.03176797076741619,0.0,0.30156536256591715,0.03176797076741619,0.03176797076741619,0.0,0.03176797076741619
0.3011584256506384,全天候增强策略 (动量择时),0.3011584256506384,0.0,2024-01-31,0.0,0.0,0.0,0.3011584256506384,0.0,0.0,0.09652472304808483,0.0
0.26166220435378473,全天候增强策略 (动量择时),0.26166220435378473,0.03583556448977431,2024-02-29,0.0,0.03583556448977431,0.0,0.29749776884355905,0.03583556448977431,0.03583556448977431,0.0,0.03583556448977431
0.17481208146841173,全天候增强策略 (动量择时),0.17481208146841173,0.0429645248751933,2024-03-31,0.0429645248751933,0.0429645248751933,0.0429645248751933,0.17481208146841173,0.0429645248751933,0.0429645248751933,0.17481208146841173,0.0429645248751933
0.0,全天候增强策略 (动量择时),0.0,0.155921688371933,2024-04-30,0.06446986976840212,0.155921688371933,0.06446986976840212,0.09145181860353085,0.155921688371933,0.155921688371933,0.0,0.155921688371933
0.0,全天候增强策略 (动量择时),0.0,0.1549875870685571,2024-05-31,0.07007447758865755,0.1549875870685571,0.07007447758865755,0.08491310947989954,0.1549875870685571,0.1549875870685571,0.0,0.1549875870685571
0.21738002699787365,全天候增强策略 (动量择时),0.21738002699787365,0.05797665316772984,2024-06-30,0.0,0.05797665316772984,0.0,0.2753566801656035,0.05797665316772984,0.05797665316772984,0.0,0.05797665316772984
0.29409134139736925,全天候增强策略 (动量择时),0.29409134139736925,0.0,2024-07-31,0.0,0.0,0.0,0.29409134139736925,0.0,0.0,0.11772597580789215,0.0
0.16889710806603783,全天候增强策略 (动量择时),0.16889710806603783,0.04634450967654983,2024-08-31,0.04634450967654983,0.04634450967654983,0.04634450967654983,0.16889710806603783,0.04634450967654983,0.04634450967654983,0.16889710806603783,0.04634450967654983
0.2898974477981111,全天候增强策略 (动量择时),0.2898974477981111,0.0,2024-09-30,0.0,0.0,0.0,0.2898974477981111,0.0,0.0,0.13030765660566662,0.0
0.0,全天候增强策略 (动量择时),0.0,0.1562004245322054,2024-10-31,0.06279745280676773,0.1562004245322054,0.06279745280676773,0.09340297172543766,0.1562004245322054,0.1562004245322054,0.0,0.1562004245322054
0.29584670895928034,全天候增强策略 (动量择时),0.29584670895928034,0.0,2024-11-30,0.0,0.0,0.0,0.29584670895928034,0.0,0.0,0.11245987312215892,0.0
0.29497351277487344,全天候增强策略 (动量择时),0.29497351277487344,0.0,2024-12-31,0.0,0.0,0.0,0.29497351277487344,0.0,0.0,0.11507946167537993,0.0
0.0,全天候增强策略 (动量择时),0.0,0.15588720902281322,2025-01-31,0.06467674586312068,0.15588720902281322,0.06467674586312068,0.09121046315969256,0.15588720902281322,0.15588720902281322,0.0,0.15588720902281322
0.16620395218324352,全天候增强策略 (动量择时),0.16620395218324352,0.047883455895289424,2025-02-28,0.047883455895289424,0.047883455895289424,0.047883455895289424,0.16620395218324352,0.047883455895289424,0.047883455895289424,0.16620395218324352,0.047883455895289424
0.1636823360366662,全天候增强策略 (动量择时),0.1636823360366662,0.049324379407619315,2025-03-31,0.049324379407619315,0.049324379407619315,0.049324379407619315,0.1636823360366662,0.049324379407619315,0.049324379407619315,0.1636823360366662,0.049324379407619315
0.2914764708187083,全天候增强策略 (动量择时),0.2914764708187083,0.0,2025-04-30,0.0,0.0,0.0,0.2914764708187083,0.0,0.0,0.12557058754387512,0.0
0.2892356890870219,全天候增强策略 (动量择时),0.2892356890870219,0.0,2025-05-31,0.0,0.0,0.0,0.2892356890870219,0.0,0.0,0.13229293273893417,0.0
0.0,全天候增强策略 (动量择时),0.0,0.15450116846174045,2025-06-30,0.07299298922955712,0.15450116846174045,0.07299298922955712,0.08150817923218334,0.15450116846174045,0.15450116846174045,0.0,0.15450116846174045
0.0,全天候增强策略 (动量择时),0.0,0.1544238590144288,2025-07-31,0.07345684591342738,0.1544238590144288,0.07345684591342738,0.08096701310100139,0.1544238590144288,0.1544238590144288,0.0,0.1544238590144288
0.0,全天候增强策略 (动量择时),0.0,0.15489666041509167,2025-08-31,0.07062003750944991,0.15489666041509167,0.07062003750944991,0.08427662290564177,0.15489666041509167,0.15489666041509167,0.0,0.15489666041509167
0.0,全天候增强策略 (动量择时),0.0,0.1554582996538645,2025-09-30,0.06725020207681295,0.1554582996538645,0.06725020207681295,0.08820809757705156,0.1554582996538645,0.1554582996538645,0.0,0.1554582996538645
0.2863001008576639,全天候增强策略 (动量择时),0.2863001008576639,0.0,2025-10-31,0.0,0.0,0.0,0.2863001008576639,0.0,0.0,0.14109969742700837,0.0
0.0,全天候增强策略 (动量择时),0.0,0.15593167350729137,2025-11-30,0.0644099589562519,0.15593167350729137,0.0644099589562519,0.09152171455103945,0.15593167350729137,0.15593167350729137,0.0,0.15593167350729137
0.15232144437863251,全天候增强策略 (动量择时),0.15232144437863251,0.05581631749792428,2025-12-31,0.05581631749792428,0.05581631749792428,0.05581631749792428,0.15232144437863251,0.05581631749792428,0.05581631749792428,0.15232144437863251,0.05581631749792428
0.0,全天候增强策略 (动量择时),0.0,0.1533004317123669,2026-01-31,0.08019740972579865,0.1533004317123669,0.08019740972579865,0.07310302198656823,0.1533004317123669,0.1533004317123669,0.0,0.1533004317123669
0.19174359504167282,全天候增强策略 (动量择时),0.19174359504167282,0.07079486914583026,2026-02-28,0.0,0.07079486914583026,0.0,0.2625384641875031,0.07079486914583026,0.07079486914583026,0.0,0.07079486914583026
