低信号倍率,正信号满值倍率,参数组合,回测区间,期末净值,年化收益,年化波动,夏普比率,最大回撤,月度胜率,平均资金占用,股指平均仓位,v0.16股指平均仓位,股指仓位差异,股指目标风险预算均值,股指实际风险贡献均值,周度记录数
0.25,1.50,低信号0.25_满值1.50,全局 (Total),2.0628,9.58%,5.20%,1.79,-6.89%,70.71%,12.39%,5.87%,14.93%,-9.06%,11.86%,11.86%,421
0.25,1.50,低信号0.25_满值1.50,训练期 (2018-2020),1.2560,8.23%,5.02%,1.60,-6.89%,72.22%,12.80%,5.21%,18.70%,-13.49%,11.12%,11.12%,154
0.25,1.50,低信号0.25_满值1.50,验证期 (2021-2026),1.6423,10.36%,5.30%,1.89,-4.86%,69.84%,12.16%,6.25%,12.75%,-6.50%,12.29%,12.29%,267
0.25,1.50,低信号0.25_满值1.50,2018年,1.0428,4.52%,4.44%,1.02,-3.52%,66.67%,12.52%,2.61%,6.47%,-3.86%,6.19%,6.19%,51
0.25,1.50,低信号0.25_满值1.50,2019年,1.1056,10.93%,3.78%,2.77,-2.14%,83.33%,12.96%,6.67%,28.24%,-21.57%,15.04%,15.04%,51
0.25,1.50,低信号0.25_满值1.50,2020年,1.0894,9.29%,6.45%,1.41,-6.89%,66.67%,12.92%,6.32%,21.35%,-15.03%,12.11%,12.11%,52
0.25,1.50,低信号0.25_满值1.50,2021年,1.1120,11.64%,6.00%,1.87,-3.30%,66.67%,13.84%,7.71%,24.81%,-17.09%,13.58%,13.58%,52
0.25,1.50,低信号0.25_满值1.50,2022年,1.0619,6.45%,6.17%,1.04,-4.86%,66.67%,11.74%,3.32%,2.40%,0.92%,6.00%,6.00%,50
0.25,1.50,低信号0.25_满值1.50,2023年,1.0970,10.12%,3.43%,2.83,-2.02%,58.33%,11.73%,6.93%,9.60%,-2.67%,12.26%,12.26%,50
0.25,1.50,低信号0.25_满值1.50,2024年,1.1118,11.67%,5.25%,2.13,-2.93%,75.00%,11.11%,3.19%,2.35%,0.84%,6.81%,6.81%,51
0.25,1.50,低信号0.25_满值1.50,2025年,1.0913,9.48%,4.87%,1.89,-3.15%,75.00%,12.25%,8.98%,20.72%,-11.74%,19.74%,19.74%,53
0.25,1.50,低信号0.25_满值1.50,2026年,1.0449,21.86%,6.75%,2.97,-2.48%,100.00%,12.63%,10.54%,27.00%,-16.46%,24.35%,24.35%,11
0.25,2.00,低信号0.25_满值2.00,全局 (Total),2.0761,9.67%,5.30%,1.77,-6.93%,69.70%,12.32%,6.99%,14.93%,-7.94%,14.25%,14.25%,421
0.25,2.00,低信号0.25_满值2.00,训练期 (2018-2020),1.2635,8.46%,5.12%,1.61,-6.93%,72.22%,12.68%,6.40%,18.70%,-12.30%,13.77%,13.77%,154
0.25,2.00,低信号0.25_满值2.00,验证期 (2021-2026),1.6432,10.37%,5.40%,1.85,-4.86%,68.25%,12.12%,7.32%,12.75%,-5.43%,14.52%,14.52%,267
0.25,2.00,低信号0.25_满值2.00,2018年,1.0413,4.36%,4.49%,0.97,-3.76%,66.67%,12.45%,3.02%,6.47%,-3.45%,7.18%,7.18%,51
0.25,2.00,低信号0.25_满值2.00,2019年,1.1094,11.32%,3.91%,2.76,-2.28%,83.33%,12.79%,8.33%,28.24%,-19.90%,19.00%,19.00%,51
0.25,2.00,低信号0.25_满值2.00,2020年,1.0937,9.73%,6.57%,1.45,-6.93%,66.67%,12.80%,7.83%,21.35%,-13.51%,15.10%,15.10%,52
0.25,2.00,低信号0.25_满值2.00,2021年,1.1089,11.32%,6.08%,1.80,-3.28%,66.67%,13.81%,9.47%,24.81%,-15.34%,17.06%,17.06%,52
0.25,2.00,低信号0.25_满值2.00,2022年,1.0597,6.22%,6.18%,1.01,-4.86%,58.33%,11.74%,3.60%,2.40%,1.20%,6.48%,6.48%,50
0.25,2.00,低信号0.25_满值2.00,2023年,1.0975,10.18%,3.50%,2.79,-2.02%,58.33%,11.70%,7.96%,9.60%,-1.64%,14.19%,14.19%,50
0.25,2.00,低信号0.25_满值2.00,2024年,1.1133,11.82%,5.52%,2.05,-2.93%,75.00%,11.10%,3.40%,2.35%,1.05%,7.26%,7.26%,51
0.25,2.00,低信号0.25_满值2.00,2025年,1.0964,10.02%,4.95%,1.96,-3.17%,75.00%,12.14%,10.75%,20.72%,-9.97%,23.78%,23.78%,53
0.25,2.00,低信号0.25_满值2.00,2026年,1.0437,21.24%,6.87%,2.84,-2.53%,100.00%,12.55%,12.82%,27.00%,-14.18%,29.64%,29.64%,11
0.25,2.50,低信号0.25_满值2.50,全局 (Total),2.0884,9.75%,5.40%,1.75,-6.96%,69.70%,12.27%,7.98%,14.93%,-6.95%,16.36%,16.36%,421
0.25,2.50,低信号0.25_满值2.50,训练期 (2018-2020),1.2703,8.66%,5.22%,1.62,-6.96%,72.22%,12.58%,7.48%,18.70%,-11.22%,16.17%,16.17%,154
0.25,2.50,低信号0.25_满值2.50,验证期 (2021-2026),1.6440,10.38%,5.50%,1.82,-4.86%,68.25%,12.09%,8.27%,12.75%,-4.49%,16.48%,16.48%,267
0.25,2.50,低信号0.25_满值2.50,2018年,1.0400,4.22%,4.54%,0.93,-3.97%,66.67%,12.39%,3.38%,6.47%,-3.09%,8.06%,8.06%,51
0.25,2.50,低信号0.25_满值2.50,2019年,1.1129,11.68%,4.04%,2.75,-2.40%,83.33%,12.66%,9.83%,28.24%,-18.40%,22.59%,22.59%,51
0.25,2.50,低信号0.25_满值2.50,2020年,1.0976,10.14%,6.69%,1.48,-6.96%,66.67%,12.69%,9.20%,21.35%,-12.15%,17.82%,17.82%,52
0.25,2.50,低信号0.25_满值2.50,2021年,1.1062,11.04%,6.17%,1.73,-3.26%,66.67%,13.79%,11.06%,24.81%,-13.75%,20.21%,20.21%,52
0.25,2.50,低信号0.25_满值2.50,2022年,1.0578,6.03%,6.19%,0.98,-4.86%,58.33%,11.73%,3.84%,2.40%,1.44%,6.89%,6.89%,50
0.25,2.50,低信号0.25_满值2.50,2023年,1.0980,10.23%,3.56%,2.75,-2.02%,58.33%,11.68%,8.85%,9.60%,-0.75%,15.83%,15.83%,50
0.25,2.50,低信号0.25_满值2.50,2024年,1.1146,11.96%,5.76%,1.99,-3.02%,75.00%,11.10%,3.58%,2.35%,1.23%,7.65%,7.65%,51
0.25,2.50,低信号0.25_满值2.50,2025年,1.1010,10.49%,5.03%,2.01,-3.18%,75.00%,12.05%,12.30%,20.72%,-8.42%,27.27%,27.27%,53
0.25,2.50,低信号0.25_满值2.50,2026年,1.0427,20.68%,7.00%,2.72,-2.57%,100.00%,12.49%,14.85%,27.00%,-12.15%,34.21%,34.21%,11
0.25,3.00,低信号0.25_满值3.00,全局 (Total),2.0996,9.83%,5.50%,1.73,-6.99%,68.69%,12.23%,8.88%,14.93%,-6.05%,18.25%,18.25%,421
0.25,3.00,低信号0.25_满值3.00,训练期 (2018-2020),1.2766,8.85%,5.32%,1.62,-6.99%,69.44%,12.50%,8.47%,18.70%,-10.23%,18.34%,18.34%,154
0.25,3.00,低信号0.25_满值3.00,验证期 (2021-2026),1.6447,10.39%,5.60%,1.79,-4.86%,68.25%,12.07%,9.12%,12.75%,-3.64%,18.20%,18.20%,267
0.25,3.00,低信号0.25_满值3.00,2018年,1.0388,4.09%,4.60%,0.90,-4.17%,66.67%,12.34%,3.71%,6.47%,-2.76%,8.86%,8.86%,51
0.25,3.00,低信号0.25_满值3.00,2019年,1.1161,12.01%,4.18%,2.73,-2.53%,75.00%,12.56%,11.21%,28.24%,-17.03%,25.85%,25.85%,51
0.25,3.00,低信号0.25_满值3.00,2020年,1.1012,10.51%,6.82%,1.50,-6.99%,66.67%,12.61%,10.44%,21.35%,-10.90%,20.28%,20.28%,52
0.25,3.00,低信号0.25_满值3.00,2021年,1.1038,10.78%,6.26%,1.67,-3.24%,66.67%,13.77%,12.50%,24.81%,-12.31%,23.08%,23.08%,52
0.25,3.00,低信号0.25_满值3.00,2022年,1.0562,5.85%,6.20%,0.95,-4.86%,58.33%,11.73%,4.05%,2.40%,1.65%,7.24%,7.24%,50
0.25,3.00,低信号0.25_满值3.00,2023年,1.0985,10.28%,3.63%,2.71,-2.02%,58.33%,11.66%,9.63%,9.60%,0.03%,17.24%,17.24%,50
0.25,3.00,低信号0.25_满值3.00,2024年,1.1157,12.08%,5.98%,1.94,-3.28%,75.00%,11.09%,3.74%,2.35%,1.39%,7.99%,7.99%,51
0.25,3.00,低信号0.25_满值3.00,2025年,1.1050,10.91%,5.11%,2.05,-3.19%,75.00%,11.98%,13.69%,20.72%,-7.03%,30.31%,30.31%,53
0.25,3.00,低信号0.25_满值3.00,2026年,1.0417,20.17%,7.13%,2.61,-2.61%,100.00%,12.45%,16.69%,27.00%,-10.31%,38.21%,38.21%,11
0.25,4.00,低信号0.25_满值4.00,全局 (Total),2.1200,9.96%,5.69%,1.70,-7.05%,67.68%,12.16%,10.46%,14.93%,-4.47%,21.48%,21.48%,421
0.25,4.00,低信号0.25_满值4.00,训练期 (2018-2020),1.2880,9.18%,5.53%,1.62,-7.05%,66.67%,12.38%,10.22%,18.70%,-8.48%,22.14%,22.14%,154
0.25,4.00,低信号0.25_满值4.00,验证期 (2021-2026),1.6459,10.41%,5.78%,1.74,-4.86%,68.25%,12.04%,10.60%,12.75%,-2.15%,21.09%,21.09%,267
0.25,4.00,低信号0.25_满值4.00,2018年,1.0366,3.87%,4.70%,0.83,-4.51%,66.67%,12.26%,4.28%,6.47%,-2.19%,10.23%,10.23%,51
0.25,4.00,低信号0.25_满值4.00,2019年,1.1218,12.60%,4.45%,2.69,-2.74%,66.67%,12.39%,13.66%,28.24%,-14.57%,31.55%,31.55%,51
0.25,4.00,低信号0.25_满值4.00,2020年,1.1077,11.19%,7.05%,1.54,-7.05%,66.67%,12.47%,12.66%,21.35%,-8.69%,24.59%,24.59%,52
0.25,4.00,低信号0.25_满值4.00,2021年,1.0995,10.34%,6.47%,1.55,-3.38%,66.67%,13.74%,15.08%,24.81%,-9.73%,28.09%,28.09%,52
0.25,4.00,低信号0.25_满值4.00,2022年,1.0534,5.56%,6.22%,0.90,-4.86%,58.33%,11.73%,4.41%,2.40%,2.01%,7.81%,7.81%,50
0.25,4.00,低信号0.25_满值4.00,2023年,1.0993,10.36%,3.76%,2.64,-2.02%,58.33%,11.64%,10.97%,9.60%,1.37%,19.52%,19.52%,50
0.25,4.00,低信号0.25_满值4.00,2024年,1.1177,12.28%,6.36%,1.85,-3.73%,75.00%,11.09%,4.01%,2.35%,1.66%,8.54%,8.54%,51
0.25,4.00,低信号0.25_满值4.00,2025年,1.1122,11.66%,5.28%,2.12,-3.21%,75.00%,11.89%,16.11%,20.72%,-4.61%,35.38%,35.38%,53
0.25,4.00,低信号0.25_满值4.00,2026年,1.0400,19.28%,7.40%,2.42,-2.67%,100.00%,12.38%,19.93%,27.00%,-7.07%,44.89%,44.89%,11
0.25,5.00,低信号0.25_满值5.00,全局 (Total),2.1380,10.08%,5.88%,1.66,-7.11%,67.68%,12.11%,11.83%,14.93%,-3.10%,24.14%,24.14%,421
0.25,5.00,低信号0.25_满值5.00,训练期 (2018-2020),1.2982,9.48%,5.73%,1.61,-7.11%,66.67%,12.28%,11.74%,18.70%,-6.96%,25.35%,25.35%,154
0.25,5.00,低信号0.25_满值5.00,验证期 (2021-2026),1.6470,10.42%,5.96%,1.69,-4.86%,68.25%,12.01%,11.88%,12.75%,-0.88%,23.44%,23.44%,267
0.25,5.00,低信号0.25_满值5.00,2018年,1.0347,3.67%,4.80%,0.77,-4.81%,66.67%,12.21%,4.78%,6.47%,-1.69%,11.37%,11.37%,51
0.25,5.00,低信号0.25_满值5.00,2019年,1.1268,13.12%,4.71%,2.64,-2.94%,66.67%,12.27%,15.82%,28.24%,-12.42%,36.38%,36.38%,51
0.25,5.00,低信号0.25_满值5.00,2020年,1.1134,11.78%,7.28%,1.57,-7.11%,66.67%,12.37%,14.59%,21.35%,-6.76%,28.24%,28.24%,52
0.25,5.00,低信号0.25_满值5.00,2021年,1.0959,9.96%,6.69%,1.45,-3.59%,66.67%,13.73%,17.34%,24.81%,-7.46%,32.33%,32.33%,52
0.25,5.00,低信号0.25_满值5.00,2022年,1.0510,5.32%,6.23%,0.86,-4.86%,58.33%,11.73%,4.71%,2.40%,2.31%,8.26%,8.26%,50
0.25,5.00,低信号0.25_满值5.00,2023年,1.1000,10.43%,3.88%,2.58,-2.02%,58.33%,11.63%,12.09%,9.60%,2.49%,21.30%,21.30%,50
0.25,5.00,低信号0.25_满值5.00,2024年,1.1193,12.46%,6.70%,1.79,-4.09%,75.00%,11.09%,4.24%,2.35%,1.89%,8.98%,8.98%,51
0.25,5.00,低信号0.25_满值5.00,2025年,1.1183,12.30%,5.44%,2.16,-3.22%,75.00%,11.82%,18.18%,20.72%,-2.54%,39.43%,39.43%,53
0.25,5.00,低信号0.25_满值5.00,2026年,1.0385,18.51%,7.67%,2.25,-2.73%,100.00%,12.34%,22.72%,27.00%,-4.28%,50.24%,50.24%,11
0.25,6.00,低信号0.25_满值6.00,全局 (Total),2.1544,10.19%,6.05%,1.63,-7.16%,65.66%,12.08%,13.04%,14.93%,-1.89%,26.38%,26.38%,421
0.25,6.00,低信号0.25_满值6.00,训练期 (2018-2020),1.3073,9.75%,5.92%,1.60,-7.16%,66.67%,12.21%,13.10%,18.70%,-5.60%,28.10%,28.10%,154
0.25,6.00,低信号0.25_满值6.00,验证期 (2021-2026),1.6480,10.44%,6.13%,1.65,-4.86%,65.08%,12.00%,13.00%,12.75%,0.25%,25.39%,25.39%,267
0.25,6.00,低信号0.25_满值6.00,2018年,1.0330,3.49%,4.90%,0.72,-5.08%,66.67%,12.17%,5.21%,6.47%,-1.26%,12.34%,12.34%,51
0.25,6.00,低信号0.25_满值6.00,2019年,1.1313,13.59%,4.96%,2.60,-3.12%,66.67%,12.18%,17.74%,28.24%,-10.49%,40.51%,40.51%,51
0.25,6.00,低信号0.25_满值6.00,2020年,1.1186,12.32%,7.50%,1.59,-7.16%,66.67%,12.29%,16.30%,21.35%,-5.05%,31.37%,31.37%,52
0.25,6.00,低信号0.25_满值6.00,2021年,1.0927,9.63%,6.90%,1.37,-3.77%,58.33%,13.72%,19.37%,24.81%,-5.44%,35.96%,35.96%,52
0.25,6.00,低信号0.25_满值6.00,2022年,1.0490,5.11%,6.25%,0.83,-4.86%,58.33%,11.73%,4.97%,2.40%,2.57%,8.61%,8.61%,50
0.25,6.00,低信号0.25_满值6.00,2023年,1.1006,10.49%,3.99%,2.52,-2.02%,58.33%,11.63%,13.05%,9.60%,3.45%,22.72%,22.72%,50
0.25,6.00,低信号0.25_满值6.00,2024年,1.1208,12.61%,6.99%,1.73,-4.40%,75.00%,11.09%,4.44%,2.35%,2.08%,9.33%,9.33%,51
0.25,6.00,低信号0.25_满值6.00,2025年,1.1237,12.86%,5.60%,2.19,-3.23%,75.00%,11.77%,19.98%,20.72%,-0.73%,42.75%,42.75%,53
0.25,6.00,低信号0.25_满值6.00,2026年,1.0372,17.84%,7.93%,2.11,-2.78%,66.67%,12.31%,25.19%,27.00%,-1.81%,54.63%,54.63%,11
0.25,7.00,低信号0.25_满值7.00,全局 (Total),2.1694,10.28%,6.22%,1.61,-7.20%,65.66%,12.05%,14.12%,14.93%,-0.81%,28.29%,28.29%,421
0.25,7.00,低信号0.25_满值7.00,训练期 (2018-2020),1.3156,9.99%,6.10%,1.59,-7.20%,66.67%,12.16%,14.33%,18.70%,-4.37%,30.47%,30.47%,154
0.25,7.00,低信号0.25_满值7.00,验证期 (2021-2026),1.6489,10.45%,6.29%,1.61,-4.86%,65.08%,11.99%,14.00%,12.75%,1.25%,27.03%,27.03%,267
0.25,7.00,低信号0.25_满值7.00,2018年,1.0315,3.33%,5.00%,0.68,-5.32%,66.67%,12.14%,5.60%,6.47%,-0.87%,13.17%,13.17%,51
0.25,7.00,低信号0.25_满值7.00,2019年,1.1355,14.02%,5.20%,2.55,-3.28%,66.67%,12.11%,19.49%,28.24%,-8.75%,44.10%,44.10%,51
0.25,7.00,低信号0.25_满值7.00,2020年,1.1233,12.81%,7.71%,1.60,-7.20%,66.67%,12.23%,17.84%,21.35%,-3.51%,34.08%,34.08%,52
0.25,7.00,低信号0.25_满值7.00,2021年,1.0899,9.34%,7.11%,1.29,-3.94%,58.33%,13.71%,21.20%,24.81%,-3.61%,39.11%,39.11%,52
0.25,7.00,低信号0.25_满值7.00,2022年,1.0473,4.93%,6.26%,0.80,-4.86%,58.33%,11.73%,5.19%,2.40%,2.79%,8.91%,8.91%,50
0.25,7.00,低信号0.25_满值7.00,2023年,1.1011,10.55%,4.09%,2.47,-2.02%,58.33%,11.63%,13.90%,9.60%,4.30%,23.89%,23.89%,50
0.25,7.00,低信号0.25_满值7.00,2024年,1.1221,12.75%,7.25%,1.69,-4.67%,75.00%,11.09%,4.61%,2.35%,2.26%,9.62%,9.62%,51
0.25,7.00,低信号0.25_满值7.00,2025年,1.1286,13.37%,5.76%,2.21,-3.23%,75.00%,11.74%,21.59%,20.72%,0.87%,45.52%,45.52%,53
0.25,7.00,低信号0.25_满值7.00,2026年,1.0360,17.24%,8.17%,1.99,-2.82%,66.67%,12.29%,27.41%,27.00%,0.41%,58.29%,58.29%,11
0.50,1.50,低信号0.50_满值1.50,全局 (Total),2.0426,9.45%,5.21%,1.76,-6.86%,69.70%,12.35%,6.70%,14.93%,-8.23%,13.79%,13.79%,421
0.50,1.50,低信号0.50_满值1.50,训练期 (2018-2020),1.2548,8.20%,5.03%,1.59,-6.86%,72.22%,12.76%,5.59%,18.70%,-13.12%,12.20%,12.20%,154
0.50,1.50,低信号0.50_满值1.50,验证期 (2021-2026),1.6278,10.17%,5.32%,1.85,-4.75%,68.25%,12.11%,7.34%,12.75%,-5.41%,14.70%,14.70%,267
0.50,1.50,低信号0.50_满值1.50,2018年,1.0404,4.26%,4.45%,0.96,-3.52%,66.67%,12.43%,3.40%,6.47%,-3.07%,8.44%,8.44%,51
0.50,1.50,低信号0.50_满值1.50,2019年,1.1062,10.98%,3.78%,2.78,-2.14%,83.33%,12.95%,6.73%,28.24%,-21.50%,15.21%,15.21%,51
0.50,1.50,低信号0.50_满值1.50,2020年,1.0904,9.39%,6.47%,1.42,-6.86%,66.67%,12.90%,6.60%,21.35%,-14.75%,12.93%,12.93%,52
0.50,1.50,低信号0.50_满值1.50,2021年,1.1119,11.63%,6.00%,1.86,-3.28%,66.67%,13.84%,8.12%,24.81%,-16.69%,14.07%,14.07%,52
0.50,1.50,低信号0.50_满值1.50,2022年,1.0573,5.98%,6.18%,0.97,-4.75%,66.67%,11.66%,4.97%,2.40%,2.57%,9.48%,9.48%,50
0.50,1.50,低信号0.50_满值1.50,2023年,1.0922,9.61%,3.42%,2.70,-2.04%,58.33%,11.66%,8.47%,9.60%,-1.13%,15.48%,15.48%,50
0.50,1.50,低信号0.50_满值1.50,2024年,1.1123,11.73%,5.25%,2.14,-3.15%,66.67%,11.04%,4.96%,2.35%,2.61%,11.18%,11.18%,51
0.50,1.50,低信号0.50_满值1.50,2025年,1.0907,9.42%,4.94%,1.85,-3.25%,75.00%,12.20%,9.39%,20.72%,-11.33%,20.90%,20.90%,53
0.50,1.50,低信号0.50_满值1.50,2026年,1.0449,21.86%,6.75%,2.97,-2.48%,100.00%,12.63%,10.54%,27.00%,-16.46%,24.35%,24.35%,11
0.50,2.00,低信号0.50_满值2.00,全局 (Total),2.0558,9.54%,5.31%,1.74,-6.90%,69.70%,12.28%,7.82%,14.93%,-7.11%,16.17%,16.17%,421
0.50,2.00,低信号0.50_满值2.00,训练期 (2018-2020),1.2623,8.42%,5.13%,1.60,-6.90%,72.22%,12.64%,6.78%,18.70%,-11.92%,14.85%,14.85%,154
0.50,2.00,低信号0.50_满值2.00,验证期 (2021-2026),1.6287,10.18%,5.42%,1.82,-4.75%,68.25%,12.07%,8.41%,12.75%,-4.34%,16.94%,16.94%,267
0.50,2.00,低信号0.50_满值2.00,2018年,1.0389,4.11%,4.50%,0.92,-3.76%,66.67%,12.35%,3.81%,6.47%,-2.66%,9.42%,9.42%,51
0.50,2.00,低信号0.50_满值2.00,2019年,1.1099,11.37%,3.91%,2.77,-2.28%,83.33%,12.78%,8.39%,28.24%,-19.84%,19.17%,19.17%,51
0.50,2.00,低信号0.50_满值2.00,2020年,1.0946,9.83%,6.59%,1.46,-6.90%,66.67%,12.77%,8.11%,21.35%,-13.23%,15.93%,15.93%,52
0.50,2.00,低信号0.50_满值2.00,2021年,1.1088,11.31%,6.08%,1.79,-3.26%,66.67%,13.81%,9.87%,24.81%,-14.93%,17.56%,17.56%,52
0.50,2.00,低信号0.50_满值2.00,2022年,1.0551,5.75%,6.19%,0.93,-4.75%,66.67%,11.66%,5.25%,2.40%,2.85%,9.96%,9.96%,50
0.50,2.00,低信号0.50_满值2.00,2023年,1.0927,9.67%,3.48%,2.67,-2.04%,58.33%,11.63%,9.49%,9.60%,-0.11%,17.42%,17.42%,50
0.50,2.00,低信号0.50_满值2.00,2024年,1.1138,11.88%,5.52%,2.06,-3.15%,66.67%,11.04%,5.17%,2.35%,2.82%,11.63%,11.63%,51
0.50,2.00,低信号0.50_满值2.00,2025年,1.0958,9.96%,5.02%,1.92,-3.26%,75.00%,12.09%,11.15%,20.72%,-9.56%,24.94%,24.94%,53
0.50,2.00,低信号0.50_满值2.00,2026年,1.0437,21.24%,6.87%,2.84,-2.53%,100.00%,12.55%,12.82%,27.00%,-14.18%,29.64%,29.64%,11
0.50,2.50,低信号0.50_满值2.50,全局 (Total),2.0680,9.62%,5.41%,1.72,-6.93%,68.69%,12.22%,8.81%,14.93%,-6.12%,18.29%,18.29%,421
0.50,2.50,低信号0.50_满值2.50,训练期 (2018-2020),1.2691,8.62%,5.23%,1.61,-6.93%,72.22%,12.54%,7.86%,18.70%,-10.84%,17.24%,17.24%,154
0.50,2.50,低信号0.50_满值2.50,验证期 (2021-2026),1.6294,10.19%,5.51%,1.79,-4.75%,66.67%,12.04%,9.36%,12.75%,-3.39%,18.89%,18.89%,267
0.50,2.50,低信号0.50_满值2.50,2018年,1.0376,3.97%,4.56%,0.88,-3.97%,66.67%,12.29%,4.17%,6.47%,-2.30%,10.30%,10.30%,51
0.50,2.50,低信号0.50_满值2.50,2019年,1.1134,11.73%,4.05%,2.76,-2.40%,83.33%,12.65%,9.89%,28.24%,-18.34%,22.75%,22.76%,51
0.50,2.50,低信号0.50_满值2.50,2020年,1.0985,10.24%,6.71%,1.49,-6.93%,66.67%,12.67%,9.48%,21.35%,-11.87%,18.64%,18.64%,52
0.50,2.50,低信号0.50_满值2.50,2021年,1.1061,11.03%,6.17%,1.73,-3.24%,66.67%,13.79%,11.46%,24.81%,-13.35%,20.71%,20.71%,52
0.50,2.50,低信号0.50_满值2.50,2022年,1.0533,5.55%,6.20%,0.90,-4.75%,58.33%,11.66%,5.49%,2.40%,3.09%,10.37%,10.37%,50
0.50,2.50,低信号0.50_满值2.50,2023年,1.0932,9.73%,3.55%,2.63,-2.04%,58.33%,11.60%,10.38%,9.60%,0.78%,19.05%,19.05%,50
0.50,2.50,低信号0.50_满值2.50,2024年,1.1151,12.01%,5.76%,2.00,-3.15%,66.67%,11.03%,5.35%,2.35%,3.00%,12.02%,12.02%,51
0.50,2.50,低信号0.50_满值2.50,2025年,1.1004,10.43%,5.10%,1.97,-3.28%,75.00%,12.01%,12.71%,20.72%,-8.01%,28.43%,28.43%,53
0.50,2.50,低信号0.50_满值2.50,2026年,1.0427,20.68%,7.00%,2.72,-2.57%,100.00%,12.49%,14.85%,27.00%,-12.15%,34.21%,34.21%,11
0.50,3.00,低信号0.50_满值3.00,全局 (Total),2.0791,9.69%,5.51%,1.71,-6.97%,67.68%,12.18%,9.71%,14.93%,-5.22%,20.17%,20.17%,421
0.50,3.00,低信号0.50_满值3.00,训练期 (2018-2020),1.2754,8.81%,5.33%,1.61,-6.97%,69.44%,12.46%,8.84%,18.70%,-9.86%,19.42%,19.42%,154
0.50,3.00,低信号0.50_满值3.00,验证期 (2021-2026),1.6301,10.20%,5.61%,1.76,-4.75%,66.67%,12.02%,10.21%,12.75%,-2.54%,20.61%,20.61%,267
0.50,3.00,低信号0.50_满值3.00,2018年,1.0364,3.84%,4.61%,0.84,-4.17%,66.67%,12.25%,4.50%,6.47%,-1.97%,11.10%,11.10%,51
0.50,3.00,低信号0.50_满值3.00,2019年,1.1166,12.06%,4.18%,2.74,-2.53%,75.00%,12.55%,11.27%,28.24%,-16.97%,26.01%,26.01%,51
0.50,3.00,低信号0.50_满值3.00,2020年,1.1021,10.61%,6.83%,1.51,-6.97%,66.67%,12.58%,10.72%,21.35%,-10.62%,21.10%,21.10%,52
0.50,3.00,低信号0.50_满值3.00,2021年,1.1037,10.77%,6.27%,1.66,-3.22%,66.67%,13.77%,12.90%,24.81%,-11.90%,23.57%,23.57%,52
0.50,3.00,低信号0.50_满值3.00,2022年,1.0516,5.38%,6.21%,0.87,-4.75%,58.33%,11.66%,5.70%,2.40%,3.30%,10.72%,10.72%,50
0.50,3.00,低信号0.50_满值3.00,2023年,1.0937,9.77%,3.62%,2.60,-2.04%,58.33%,11.59%,11.16%,9.60%,1.56%,20.46%,20.46%,50
0.50,3.00,低信号0.50_满值3.00,2024年,1.1162,12.13%,5.98%,1.95,-3.28%,66.67%,11.03%,5.51%,2.35%,3.16%,12.35%,12.35%,51
0.50,3.00,低信号0.50_满值3.00,2025年,1.1044,10.85%,5.18%,2.02,-3.29%,75.00%,11.94%,14.10%,20.72%,-6.62%,31.48%,31.48%,53
0.50,3.00,低信号0.50_满值3.00,2026年,1.0417,20.17%,7.13%,2.61,-2.61%,100.00%,12.45%,16.69%,27.00%,-10.31%,38.21%,38.21%,11
0.50,4.00,低信号0.50_满值4.00,全局 (Total),2.0993,9.83%,5.70%,1.67,-7.03%,66.67%,12.11%,11.29%,14.93%,-3.64%,23.40%,23.40%,421
0.50,4.00,低信号0.50_满值4.00,训练期 (2018-2020),1.2868,9.15%,5.54%,1.61,-7.03%,66.67%,12.33%,10.59%,18.70%,-8.11%,23.22%,23.22%,154
0.50,4.00,低信号0.50_满值4.00,验证期 (2021-2026),1.6313,10.22%,5.80%,1.71,-4.75%,66.67%,11.99%,11.70%,12.75%,-1.06%,23.51%,23.51%,267
0.50,4.00,低信号0.50_满值4.00,2018年,1.0343,3.62%,4.72%,0.78,-4.51%,66.67%,12.17%,5.07%,6.47%,-1.40%,12.47%,12.47%,51
0.50,4.00,低信号0.50_满值4.00,2019年,1.1223,12.65%,4.45%,2.70,-2.74%,66.67%,12.38%,13.72%,28.24%,-14.51%,31.72%,31.72%,51
0.50,4.00,低信号0.50_满值4.00,2020年,1.1086,11.29%,7.07%,1.55,-7.03%,66.67%,12.45%,12.94%,21.35%,-8.41%,25.41%,25.41%,52
0.50,4.00,低信号0.50_满值4.00,2021年,1.0994,10.33%,6.48%,1.55,-3.38%,66.67%,13.75%,15.48%,24.81%,-9.32%,28.58%,28.58%,52
0.50,4.00,低信号0.50_满值4.00,2022年,1.0488,5.09%,6.23%,0.83,-4.75%,58.33%,11.65%,6.06%,2.40%,3.66%,11.29%,11.29%,50
0.50,4.00,低信号0.50_满值4.00,2023年,1.0945,9.86%,3.75%,2.53,-2.04%,58.33%,11.57%,12.50%,9.60%,2.90%,22.74%,22.74%,50
0.50,4.00,低信号0.50_满值4.00,2024年,1.1182,12.34%,6.37%,1.86,-3.73%,66.67%,11.03%,5.78%,2.35%,3.43%,12.91%,12.91%,51
0.50,4.00,低信号0.50_满值4.00,2025年,1.1116,11.59%,5.34%,2.08,-3.30%,75.00%,11.84%,16.52%,20.72%,-4.20%,36.54%,36.54%,53
0.50,4.00,低信号0.50_满值4.00,2026年,1.0400,19.28%,7.40%,2.42,-2.67%,100.00%,12.38%,19.93%,27.00%,-7.07%,44.89%,44.89%,11
0.50,5.00,低信号0.50_满值5.00,全局 (Total),2.1172,9.94%,5.89%,1.64,-7.08%,67.68%,12.07%,12.66%,14.93%,-2.27%,26.07%,26.07%,421
0.50,5.00,低信号0.50_满值5.00,训练期 (2018-2020),1.2970,9.45%,5.73%,1.60,-7.08%,66.67%,12.24%,12.12%,18.70%,-6.58%,26.43%,26.43%,154
0.50,5.00,低信号0.50_满值5.00,验证期 (2021-2026),1.6324,10.23%,5.98%,1.66,-4.75%,68.25%,11.97%,12.97%,12.75%,0.22%,25.86%,25.86%,267
0.50,5.00,低信号0.50_满值5.00,2018年,1.0324,3.42%,4.82%,0.72,-4.81%,66.67%,12.12%,5.57%,6.47%,-0.90%,13.62%,13.62%,51
0.50,5.00,低信号0.50_满值5.00,2019年,1.1273,13.18%,4.71%,2.65,-2.94%,66.67%,12.26%,15.88%,28.24%,-12.36%,36.55%,36.55%,51
0.50,5.00,低信号0.50_满值5.00,2020年,1.1144,11.89%,7.30%,1.58,-7.08%,66.67%,12.35%,14.87%,21.35%,-6.48%,29.06%,29.06%,52
0.50,5.00,低信号0.50_满值5.00,2021年,1.0958,9.95%,6.69%,1.45,-3.59%,66.67%,13.73%,17.75%,24.81%,-7.06%,32.82%,32.82%,52
0.50,5.00,低信号0.50_满值5.00,2022年,1.0465,4.84%,6.24%,0.79,-4.75%,58.33%,11.65%,6.36%,2.40%,3.96%,11.74%,11.74%,50
0.50,5.00,低信号0.50_满值5.00,2023年,1.0951,9.93%,3.87%,2.47,-2.04%,58.33%,11.56%,13.62%,9.60%,4.02%,24.52%,24.52%,50
0.50,5.00,低信号0.50_满值5.00,2024年,1.1199,12.51%,6.70%,1.79,-4.09%,66.67%,11.02%,6.01%,2.35%,3.66%,13.34%,13.34%,51
0.50,5.00,低信号0.50_满值5.00,2025年,1.1177,12.23%,5.51%,2.12,-3.31%,83.33%,11.77%,18.58%,20.72%,-2.13%,40.60%,40.60%,53
0.50,5.00,低信号0.50_满值5.00,2026年,1.0385,18.51%,7.67%,2.25,-2.73%,100.00%,12.34%,22.72%,27.00%,-4.28%,50.24%,50.24%,11
0.50,6.00,低信号0.50_满值6.00,全局 (Total),2.1334,10.05%,6.06%,1.61,-7.13%,65.66%,12.03%,13.87%,14.93%,-1.06%,28.31%,28.31%,421
0.50,6.00,低信号0.50_满值6.00,训练期 (2018-2020),1.3061,9.71%,5.93%,1.59,-7.13%,66.67%,12.17%,13.48%,18.70%,-5.22%,29.17%,29.17%,154
0.50,6.00,低信号0.50_满值6.00,验证期 (2021-2026),1.6334,10.24%,6.14%,1.62,-4.75%,65.08%,11.95%,14.09%,12.75%,1.34%,27.81%,27.81%,267
0.50,6.00,低信号0.50_满值6.00,2018年,1.0307,3.24%,4.91%,0.67,-5.08%,66.67%,12.08%,6.00%,6.47%,-0.47%,14.58%,14.58%,51
0.50,6.00,低信号0.50_满值6.00,2019年,1.1319,13.65%,4.96%,2.60,-3.12%,66.67%,12.17%,17.80%,28.24%,-10.43%,40.68%,40.68%,51
0.50,6.00,低信号0.50_满值6.00,2020年,1.1196,12.43%,7.52%,1.60,-7.13%,66.67%,12.27%,16.58%,21.35%,-4.77%,32.19%,32.19%,52
0.50,6.00,低信号0.50_满值6.00,2021年,1.0926,9.62%,6.90%,1.37,-3.77%,58.33%,13.72%,19.77%,24.81%,-5.04%,36.46%,36.46%,52
0.50,6.00,低信号0.50_满值6.00,2022年,1.0445,4.64%,6.26%,0.76,-4.75%,58.33%,11.65%,6.62%,2.40%,4.22%,12.09%,12.09%,50
0.50,6.00,低信号0.50_满值6.00,2023年,1.0957,9.99%,3.98%,2.41,-2.04%,58.33%,11.56%,14.58%,9.60%,4.98%,25.94%,25.94%,50
0.50,6.00,低信号0.50_满值6.00,2024年,1.1214,12.67%,6.99%,1.74,-4.40%,66.67%,11.02%,6.21%,2.35%,3.85%,13.70%,13.70%,51
0.50,6.00,低信号0.50_满值6.00,2025年,1.1231,12.80%,5.67%,2.15,-3.32%,83.33%,11.72%,20.39%,20.72%,-0.33%,43.91%,43.91%,53
0.50,6.00,低信号0.50_满值6.00,2026年,1.0372,17.84%,7.93%,2.11,-2.78%,66.67%,12.31%,25.19%,27.00%,-1.81%,54.63%,54.63%,11
0.50,7.00,低信号0.50_满值7.00,全局 (Total),2.1482,10.15%,6.23%,1.58,-7.18%,65.66%,12.01%,14.95%,14.93%,0.02%,30.22%,30.22%,421
0.50,7.00,低信号0.50_满值7.00,训练期 (2018-2020),1.3144,9.95%,6.11%,1.58,-7.18%,66.67%,12.12%,14.71%,18.70%,-3.99%,31.55%,31.55%,154
0.50,7.00,低信号0.50_满值7.00,验证期 (2021-2026),1.6344,10.26%,6.30%,1.58,-4.75%,65.08%,11.95%,15.09%,12.75%,2.34%,29.45%,29.45%,267
0.50,7.00,低信号0.50_满值7.00,2018年,1.0292,3.08%,5.01%,0.63,-5.32%,66.67%,12.05%,6.39%,6.47%,-0.08%,15.41%,15.41%,51
0.50,7.00,低信号0.50_满值7.00,2019年,1.1360,14.07%,5.20%,2.56,-3.28%,66.67%,12.10%,19.55%,28.24%,-8.69%,44.27%,44.27%,51
0.50,7.00,低信号0.50_满值7.00,2020年,1.1243,12.92%,7.73%,1.61,-7.18%,66.67%,12.21%,18.12%,21.35%,-3.23%,34.90%,34.90%,52
0.50,7.00,低信号0.50_满值7.00,2021年,1.0898,9.32%,7.11%,1.29,-3.94%,58.33%,13.72%,21.60%,24.81%,-3.21%,39.61%,39.61%,52
0.50,7.00,低信号0.50_满值7.00,2022年,1.0428,4.46%,6.27%,0.73,-4.75%,58.33%,11.65%,6.84%,2.40%,4.44%,12.39%,12.39%,50
0.50,7.00,低信号0.50_满值7.00,2023年,1.0963,10.04%,4.08%,2.36,-2.04%,58.33%,11.56%,15.43%,9.60%,5.83%,27.11%,27.11%,50
0.50,7.00,低信号0.50_满值7.00,2024年,1.1227,12.81%,7.25%,1.70,-4.67%,66.67%,11.02%,6.38%,2.35%,4.03%,13.99%,13.99%,51
0.50,7.00,低信号0.50_满值7.00,2025年,1.1280,13.31%,5.82%,2.18,-3.32%,83.33%,11.69%,22.00%,20.72%,1.28%,46.68%,46.68%,53
0.50,7.00,低信号0.50_满值7.00,2026年,1.0360,17.24%,8.17%,1.99,-2.82%,66.67%,12.29%,27.41%,27.00%,0.41%,58.29%,58.29%,11
0.75,1.50,低信号0.75_满值1.50,全局 (Total),2.0252,9.33%,5.24%,1.73,-6.84%,70.71%,12.31%,7.43%,14.93%,-7.50%,15.55%,15.55%,421
0.75,1.50,低信号0.75_满值1.50,训练期 (2018-2020),1.2537,8.16%,5.04%,1.58,-6.84%,72.22%,12.73%,5.93%,18.70%,-12.77%,13.21%,13.21%,154
0.75,1.50,低信号0.75_满值1.50,验证期 (2021-2026),1.6154,10.00%,5.34%,1.81,-4.66%,69.84%,12.07%,8.29%,12.75%,-4.46%,16.90%,16.90%,267
0.75,1.50,低信号0.75_满值1.50,2018年,1.0382,4.03%,4.47%,0.91,-3.52%,66.67%,12.35%,4.13%,6.47%,-2.34%,10.55%,10.55%,51
0.75,1.50,低信号0.75_满值1.50,2019年,1.1066,11.03%,3.78%,2.79,-2.14%,83.33%,12.94%,6.79%,28.24%,-21.45%,15.36%,15.36%,51
0.75,1.50,低信号0.75_满值1.50,2020年,1.0913,9.48%,6.48%,1.43,-6.84%,66.67%,12.88%,6.86%,21.35%,-14.48%,13.71%,13.71%,52
0.75,1.50,低信号0.75_满值1.50,2021年,1.1118,11.62%,6.01%,1.86,-3.26%,66.67%,13.85%,8.47%,24.81%,-16.34%,14.54%,14.54%,52
0.75,1.50,低信号0.75_满值1.50,2022年,1.0533,5.56%,6.21%,0.90,-4.66%,66.67%,11.61%,6.43%,2.40%,4.03%,12.67%,12.67%,50
0.75,1.50,低信号0.75_满值1.50,2023年,1.0881,9.19%,3.42%,2.59,-2.16%,58.33%,11.61%,9.77%,9.60%,0.17%,18.40%,18.40%,50
0.75,1.50,低信号0.75_满值1.50,2024年,1.1128,11.77%,5.29%,2.13,-3.33%,66.67%,11.00%,6.49%,2.35%,4.14%,15.13%,15.13%,51
0.75,1.50,低信号0.75_满值1.50,2025年,1.0902,9.37%,5.01%,1.81,-3.33%,83.33%,12.17%,9.74%,20.72%,-10.97%,21.96%,21.96%,53
0.75,1.50,低信号0.75_满值1.50,2026年,1.0449,21.86%,6.75%,2.97,-2.48%,100.00%,12.63%,10.54%,27.00%,-16.46%,24.35%,24.35%,11
0.75,2.00,低信号0.75_满值2.00,全局 (Total),2.0384,9.42%,5.33%,1.71,-6.87%,70.71%,12.24%,8.54%,14.93%,-6.38%,17.94%,17.94%,421
0.75,2.00,低信号0.75_满值2.00,训练期 (2018-2020),1.2612,8.39%,5.14%,1.59,-6.87%,72.22%,12.60%,7.13%,18.70%,-11.57%,15.86%,15.86%,154
0.75,2.00,低信号0.75_满值2.00,验证期 (2021-2026),1.6163,10.01%,5.44%,1.78,-4.66%,69.84%,12.03%,9.36%,12.75%,-3.39%,19.14%,19.14%,267
0.75,2.00,低信号0.75_满值2.00,2018年,1.0367,3.87%,4.52%,0.86,-3.76%,66.67%,12.28%,4.54%,6.47%,-1.93%,11.54%,11.54%,51
0.75,2.00,低信号0.75_满值2.00,2019年,1.1104,11.43%,3.91%,2.78,-2.28%,83.33%,12.78%,8.45%,28.24%,-19.79%,19.33%,19.33%,51
0.75,2.00,低信号0.75_满值2.00,2020年,1.0955,9.92%,6.60%,1.47,-6.87%,66.67%,12.75%,8.38%,21.35%,-12.97%,16.70%,16.70%,52
0.75,2.00,低信号0.75_满值2.00,2021年,1.1088,11.30%,6.09%,1.79,-3.24%,66.67%,13.82%,10.23%,24.81%,-14.58%,18.02%,18.02%,52
0.75,2.00,低信号0.75_满值2.00,2022年,1.0511,5.33%,6.22%,0.87,-4.66%,66.67%,11.60%,6.70%,2.40%,4.30%,13.15%,13.15%,50
0.75,2.00,低信号0.75_满值2.00,2023年,1.0887,9.25%,3.49%,2.55,-2.16%,58.33%,11.57%,10.79%,9.60%,1.19%,20.33%,20.33%,50
0.75,2.00,低信号0.75_满值2.00,2024年,1.1143,11.93%,5.55%,2.06,-3.33%,66.67%,10.99%,6.70%,2.35%,4.35%,15.58%,15.58%,51
0.75,2.00,低信号0.75_满值2.00,2025年,1.0953,9.90%,5.08%,1.88,-3.35%,83.33%,12.06%,11.51%,20.72%,-9.21%,25.99%,25.99%,53
0.75,2.00,低信号0.75_满值2.00,2026年,1.0437,21.24%,6.87%,2.84,-2.53%,100.00%,12.55%,12.82%,27.00%,-14.18%,29.64%,29.64%,11
0.75,2.50,低信号0.75_满值2.50,全局 (Total),2.0504,9.50%,5.43%,1.70,-6.91%,69.70%,12.19%,9.54%,14.93%,-5.39%,20.05%,20.05%,421
0.75,2.50,低信号0.75_满值2.50,训练期 (2018-2020),1.2680,8.59%,5.24%,1.60,-6.91%,72.22%,12.51%,8.21%,18.70%,-10.49%,18.26%,18.26%,154
0.75,2.50,低信号0.75_满值2.50,验证期 (2021-2026),1.6171,10.02%,5.54%,1.75,-4.66%,68.25%,12.01%,10.31%,12.75%,-2.45%,21.09%,21.09%,267
0.75,2.50,低信号0.75_满值2.50,2018年,1.0354,3.74%,4.58%,0.82,-3.97%,66.67%,12.22%,4.90%,6.47%,-1.57%,12.42%,12.42%,51
0.75,2.50,低信号0.75_满值2.50,2019年,1.1139,11.78%,4.05%,2.77,-2.40%,83.33%,12.65%,9.95%,28.24%,-18.28%,22.91%,22.91%,51
0.75,2.50,低信号0.75_满值2.50,2020年,1.0994,10.33%,6.72%,1.50,-6.91%,66.67%,12.65%,9.74%,21.35%,-11.61%,19.41%,19.41%,52
0.75,2.50,低信号0.75_满值2.50,2021年,1.1060,11.02%,6.18%,1.72,-3.22%,66.67%,13.80%,11.81%,24.81%,-13.00%,21.17%,21.17%,52
0.75,2.50,低信号0.75_满值2.50,2022年,1.0493,5.13%,6.23%,0.84,-4.66%,58.33%,11.60%,6.94%,2.40%,4.54%,13.56%,13.56%,50
0.75,2.50,低信号0.75_满值2.50,2023年,1.0892,9.30%,3.56%,2.52,-2.16%,58.33%,11.55%,11.68%,9.60%,2.08%,21.97%,21.97%,50
0.75,2.50,低信号0.75_满值2.50,2024年,1.1155,12.06%,5.79%,2.00,-3.33%,66.67%,10.99%,6.88%,2.35%,4.53%,15.97%,15.97%,51
0.75,2.50,低信号0.75_满值2.50,2025年,1.0999,10.37%,5.16%,1.94,-3.36%,83.33%,11.97%,13.06%,20.72%,-7.65%,29.48%,29.48%,53
0.75,2.50,低信号0.75_满值2.50,2026年,1.0427,20.68%,7.00%,2.72,-2.57%,100.00%,12.49%,14.85%,27.00%,-12.15%,34.21%,34.21%,11
0.75,3.00,低信号0.75_满值3.00,全局 (Total),2.0615,9.57%,5.53%,1.68,-6.94%,68.69%,12.14%,10.44%,14.93%,-4.49%,21.94%,21.94%,421
0.75,3.00,低信号0.75_满值3.00,训练期 (2018-2020),1.2743,8.78%,5.35%,1.60,-6.94%,69.44%,12.43%,9.19%,18.70%,-9.51%,20.43%,20.43%,154
0.75,3.00,低信号0.75_满值3.00,验证期 (2021-2026),1.6177,10.03%,5.64%,1.72,-4.66%,68.25%,11.98%,11.16%,12.75%,-1.60%,22.81%,22.81%,267
0.75,3.00,低信号0.75_满值3.00,2018年,1.0342,3.61%,4.63%,0.79,-4.17%,66.67%,12.17%,5.23%,6.47%,-1.24%,13.21%,13.21%,51
0.75,3.00,低信号0.75_满值3.00,2019年,1.1171,12.11%,4.18%,2.75,-2.53%,75.00%,12.54%,11.33%,28.24%,-16.91%,26.17%,26.17%,51
0.75,3.00,低信号0.75_满值3.00,2020年,1.1030,10.71%,6.84%,1.52,-6.94%,66.67%,12.56%,10.99%,21.35%,-10.36%,21.88%,21.88%,52
0.75,3.00,低信号0.75_满值3.00,2021年,1.1036,10.76%,6.27%,1.66,-3.20%,66.67%,13.78%,13.26%,24.81%,-11.55%,24.04%,24.04%,52
0.75,3.00,低信号0.75_满值3.00,2022年,1.0476,4.96%,6.23%,0.81,-4.66%,58.33%,11.60%,7.16%,2.40%,4.76%,13.91%,13.91%,50
0.75,3.00,低信号0.75_满值3.00,2023年,1.0896,9.35%,3.62%,2.49,-2.16%,58.33%,11.54%,12.46%,9.60%,2.86%,23.37%,23.37%,50
0.75,3.00,低信号0.75_满值3.00,2024年,1.1167,12.18%,6.01%,1.94,-3.33%,66.67%,10.98%,7.04%,2.35%,4.68%,16.30%,16.30%,51
0.75,3.00,低信号0.75_满值3.00,2025年,1.1039,10.80%,5.24%,1.98,-3.37%,83.33%,11.90%,14.45%,20.72%,-6.26%,32.53%,32.53%,53
0.75,3.00,低信号0.75_满值3.00,2026年,1.0417,20.17%,7.13%,2.61,-2.61%,100.00%,12.45%,16.69%,27.00%,-10.31%,38.21%,38.21%,11
0.75,4.00,低信号0.75_满值4.00,全局 (Total),2.0815,9.71%,5.72%,1.65,-7.00%,67.68%,12.08%,12.02%,14.93%,-2.91%,25.17%,25.17%,421
0.75,4.00,低信号0.75_满值4.00,训练期 (2018-2020),1.2857,9.11%,5.55%,1.60,-7.00%,66.67%,12.30%,10.94%,18.70%,-7.76%,24.23%,24.23%,154
0.75,4.00,低信号0.75_满值4.00,验证期 (2021-2026),1.6190,10.05%,5.82%,1.67,-4.66%,68.25%,11.95%,12.64%,12.75%,-0.11%,25.71%,25.71%,267
0.75,4.00,低信号0.75_满值4.00,2018年,1.0320,3.38%,4.73%,0.73,-4.51%,66.67%,12.09%,5.80%,6.47%,-0.67%,14.59%,14.59%,51
0.75,4.00,低信号0.75_满值4.00,2019年,1.1228,12.70%,4.45%,2.71,-2.74%,66.67%,12.37%,13.78%,28.24%,-14.45%,31.88%,31.88%,51
0.75,4.00,低信号0.75_满值4.00,2020年,1.1095,11.38%,7.08%,1.56,-7.00%,66.67%,12.43%,13.20%,21.35%,-8.15%,26.19%,26.19%,52
0.75,4.00,低信号0.75_满值4.00,2021年,1.0994,10.32%,6.48%,1.55,-3.38%,66.67%,13.75%,15.84%,24.81%,-8.97%,29.05%,29.05%,52
0.75,4.00,低信号0.75_满值4.00,2022年,1.0448,4.67%,6.25%,0.76,-4.66%,58.33%,11.60%,7.51%,2.40%,5.11%,14.48%,14.48%,50
0.75,4.00,低信号0.75_满值4.00,2023年,1.0904,9.43%,3.75%,2.42,-2.16%,58.33%,11.52%,13.80%,9.60%,4.20%,25.66%,25.66%,50
0.75,4.00,低信号0.75_满值4.00,2024年,1.1187,12.39%,6.39%,1.86,-3.73%,66.67%,10.98%,7.31%,2.35%,4.96%,16.86%,16.86%,51
0.75,4.00,低信号0.75_满值4.00,2025年,1.1111,11.54%,5.41%,2.05,-3.39%,83.33%,11.80%,16.87%,20.72%,-3.84%,37.60%,37.60%,53
0.75,4.00,低信号0.75_满值4.00,2026年,1.0400,19.28%,7.40%,2.42,-2.67%,100.00%,12.38%,19.93%,27.00%,-7.07%,44.89%,44.89%,11
0.75,5.00,低信号0.75_满值5.00,全局 (Total),2.0992,9.83%,5.91%,1.62,-7.06%,67.68%,12.03%,13.39%,14.93%,-1.54%,27.83%,27.83%,421
0.75,5.00,低信号0.75_满值5.00,训练期 (2018-2020),1.2958,9.41%,5.75%,1.59,-7.06%,66.67%,12.21%,12.47%,18.70%,-6.23%,27.44%,27.44%,154
0.75,5.00,低信号0.75_满值5.00,验证期 (2021-2026),1.6200,10.06%,6.00%,1.63,-4.66%,68.25%,11.93%,13.92%,12.75%,1.16%,28.06%,28.06%,267
0.75,5.00,低信号0.75_满值5.00,2018年,1.0302,3.18%,4.83%,0.67,-4.81%,66.67%,12.04%,6.30%,6.47%,-0.17%,15.73%,15.73%,51
0.75,5.00,低信号0.75_满值5.00,2019年,1.1278,13.23%,4.71%,2.66,-2.94%,66.67%,12.25%,15.94%,28.24%,-12.30%,36.70%,36.70%,51
0.75,5.00,低信号0.75_满值5.00,2020年,1.1153,11.98%,7.31%,1.58,-7.06%,66.67%,12.33%,15.13%,21.35%,-6.22%,29.84%,29.84%,52
0.75,5.00,低信号0.75_满值5.00,2021年,1.0957,9.94%,6.69%,1.45,-3.59%,66.67%,13.74%,18.10%,24.81%,-6.71%,33.29%,33.29%,52
0.75,5.00,低信号0.75_满值5.00,2022年,1.0425,4.43%,6.27%,0.72,-4.66%,58.33%,11.60%,7.81%,2.40%,5.41%,14.93%,14.93%,50
0.75,5.00,低信号0.75_满值5.00,2023年,1.0911,9.50%,3.87%,2.37,-2.16%,58.33%,11.51%,14.92%,9.60%,5.32%,27.43%,27.43%,50
0.75,5.00,低信号0.75_满值5.00,2024年,1.1204,12.56%,6.72%,1.79,-4.09%,66.67%,10.97%,7.54%,2.35%,5.18%,17.29%,17.29%,51
0.75,5.00,低信号0.75_满值5.00,2025年,1.1172,12.18%,5.57%,2.09,-3.40%,83.33%,11.73%,18.94%,20.72%,-1.78%,41.65%,41.65%,53
0.75,5.00,低信号0.75_满值5.00,2026年,1.0385,18.51%,7.67%,2.25,-2.73%,100.00%,12.34%,22.72%,27.00%,-4.28%,50.24%,50.24%,11
0.75,6.00,低信号0.75_满值6.00,全局 (Total),2.1153,9.93%,6.08%,1.59,-7.11%,65.66%,12.00%,14.60%,14.93%,-0.33%,30.07%,30.07%,421
0.75,6.00,低信号0.75_满值6.00,训练期 (2018-2020),1.3049,9.68%,5.94%,1.59,-7.11%,66.67%,12.14%,13.83%,18.70%,-4.87%,30.19%,30.19%,154
0.75,6.00,低信号0.75_满值6.00,验证期 (2021-2026),1.6210,10.08%,6.17%,1.59,-4.66%,65.08%,11.92%,15.04%,12.75%,2.28%,30.00%,30.00%,267
0.75,6.00,低信号0.75_满值6.00,2018年,1.0285,3.01%,4.93%,0.63,-5.08%,66.67%,12.00%,6.73%,6.47%,0.26%,16.70%,16.70%,51
0.75,6.00,低信号0.75_满值6.00,2019年,1.1324,13.70%,4.96%,2.61,-3.12%,66.67%,12.16%,17.86%,28.24%,-10.37%,40.84%,40.84%,51
0.75,6.00,低信号0.75_满值6.00,2020年,1.1205,12.52%,7.53%,1.60,-7.11%,66.67%,12.25%,16.84%,21.35%,-4.51%,32.97%,32.97%,52
0.75,6.00,低信号0.75_满值6.00,2021年,1.0925,9.61%,6.91%,1.36,-3.77%,58.33%,13.73%,20.12%,24.81%,-4.69%,36.92%,36.92%,52
0.75,6.00,低信号0.75_满值6.00,2022年,1.0405,4.22%,6.28%,0.69,-4.66%,58.33%,11.60%,8.07%,2.40%,5.67%,15.28%,15.28%,50
0.75,6.00,低信号0.75_满值6.00,2023年,1.0917,9.57%,3.98%,2.31,-2.16%,58.33%,11.51%,15.88%,9.60%,6.28%,28.86%,28.86%,50
0.75,6.00,低信号0.75_满值6.00,2024年,1.1218,12.72%,7.02%,1.74,-4.40%,66.67%,10.97%,7.73%,2.35%,5.38%,17.65%,17.65%,51
0.75,6.00,低信号0.75_满值6.00,2025年,1.1226,12.74%,5.73%,2.12,-3.40%,83.33%,11.69%,20.75%,20.72%,0.03%,44.96%,44.96%,53
0.75,6.00,低信号0.75_满值6.00,2026年,1.0372,17.84%,7.93%,2.11,-2.78%,66.67%,12.31%,25.19%,27.00%,-1.81%,54.63%,54.63%,11
0.75,7.00,低信号0.75_满值7.00,全局 (Total),2.1300,10.03%,6.25%,1.56,-7.15%,65.66%,11.97%,15.68%,14.93%,0.75%,31.98%,31.98%,421
0.75,7.00,低信号0.75_满值7.00,训练期 (2018-2020),1.3132,9.92%,6.12%,1.58,-7.15%,66.67%,12.08%,15.06%,18.70%,-3.64%,32.56%,32.56%,154
0.75,7.00,低信号0.75_满值7.00,验证期 (2021-2026),1.6220,10.09%,6.32%,1.55,-4.67%,65.08%,11.91%,16.04%,12.75%,3.28%,31.65%,31.65%,267
0.75,7.00,低信号0.75_满值7.00,2018年,1.0270,2.84%,5.02%,0.58,-5.32%,66.67%,11.97%,7.12%,6.47%,0.65%,17.53%,17.53%,51
0.75,7.00,低信号0.75_满值7.00,2019年,1.1365,14.13%,5.20%,2.57,-3.28%,66.67%,12.10%,19.61%,28.24%,-8.63%,44.43%,44.43%,51
0.75,7.00,低信号0.75_满值7.00,2020年,1.1252,13.01%,7.74%,1.62,-7.15%,66.67%,12.19%,18.38%,21.35%,-2.96%,35.68%,35.68%,52
0.75,7.00,低信号0.75_满值7.00,2021年,1.0897,9.32%,7.12%,1.29,-3.94%,58.33%,13.72%,21.95%,24.81%,-2.85%,40.07%,40.07%,52
0.75,7.00,低信号0.75_满值7.00,2022年,1.0388,4.04%,6.30%,0.66,-4.66%,58.33%,11.60%,8.29%,2.40%,5.89%,15.58%,15.58%,50
0.75,7.00,低信号0.75_满值7.00,2023年,1.0922,9.62%,4.09%,2.27,-2.16%,58.33%,11.51%,16.73%,9.60%,7.13%,30.02%,30.02%,50
0.75,7.00,低信号0.75_满值7.00,2024年,1.1231,12.86%,7.27%,1.70,-4.67%,66.67%,10.97%,7.90%,2.35%,5.55%,17.94%,17.94%,51
0.75,7.00,低信号0.75_满值7.00,2025年,1.1275,13.25%,5.88%,2.15,-3.41%,83.33%,11.65%,22.35%,20.72%,1.64%,47.73%,47.73%,53
0.75,7.00,低信号0.75_满值7.00,2026年,1.0360,17.24%,8.17%,1.99,-2.82%,66.67%,12.29%,27.41%,27.00%,0.41%,58.29%,58.29%,11
