observation_date,method,success,iterations,runtime_ms,objective,gradient_norm,rc_max_error,weight_sum_error,min_weight,status
2014-01-30,newton,True,7,1.1379000497981906,-0.18607956804284054,2.1756901835701115e-13,1.2692208395392868e-12,1.1102230246251565e-16,0.052591350243294074,gradient tolerance satisfied
2014-01-30,lbfgsb,True,21,5.3524000104516745,-0.1860795680428407,6.651372091992513e-10,6.601865720767819e-10,1.1102230246251565e-16,0.05259134994607655,CONVERGENCE: RELATIVE REDUCTION OF F <= FACTR*EPSMCH
2014-01-30,slsqp,True,27,7.945299963466823,1.9168294127182853e-19,3.1109049756827766e-08,1.4326187122715162e-07,0.0,0.052591347205251215,Optimization terminated successfully
2014-02-28,newton,True,7,0.44269999489188194,-0.10869916218764836,4.7961806401430884e-11,3.6873178121954453e-10,0.0,0.04043590915970968,gradient tolerance satisfied
2014-02-28,lbfgsb,True,23,3.4378001000732183,-0.10869916218764841,9.901805486656201e-10,1.41514518159358e-09,2.220446049250313e-16,0.04043590926538052,CONVERGENCE: RELATIVE REDUCTION OF F <= FACTR*EPSMCH
2014-02-28,slsqp,True,28,9.731799946166575,1.6610809042684593e-18,3.889377326606083e-08,4.497855295992892e-07,0.0,0.04043590492112662,Optimization terminated successfully
2014-03-31,newton,True,8,0.51580008585006,-0.10902908933230493,3.469446951953614e-17,2.914335439641036e-16,0.0,0.03356193399311392,gradient tolerance satisfied
2014-03-31,lbfgsb,True,24,4.073999938555062,-0.10902908933230482,1.0503178049514617e-09,1.5768782529734793e-09,0.0,0.03356193365633496,CONVERGENCE: RELATIVE REDUCTION OF F <= FACTR*EPSMCH
2014-03-31,slsqp,True,36,10.04219998139888,4.594227250462497e-19,1.3617655952173558e-08,2.472513761370143e-07,1.1102230246251565e-16,0.033561962243087634,Optimization terminated successfully
2014-04-30,newton,True,8,0.4941000370308757,-0.2467271691438852,3.693226280354622e-15,3.8746783559417963e-14,0.0,0.03166278485552938,gradient tolerance satisfied
2014-04-30,lbfgsb,True,33,5.148399970494211,-0.24672716914388515,3.019445110608032e-10,4.727521429881421e-10,0.0,0.031662784814348394,CONVERGENCE: RELATIVE REDUCTION OF F <= FACTR*EPSMCH
2014-04-30,slsqp,True,39,16.54520002193749,4.579875223658315e-19,1.5696193543534566e-08,4.061847974357047e-07,0.0,0.03166279171422632,Optimization terminated successfully
2014-05-30,newton,True,8,0.48719998449087143,-0.40008622970858965,2.6012178522272222e-14,2.878808302853031e-13,1.1102230246251565e-16,0.03328993892839802,gradient tolerance satisfied
2014-05-30,lbfgsb,True,28,3.3686000388115644,-0.40008622970858976,1.4819979132774108e-09,2.5331298725284057e-09,1.1102230246251565e-16,0.03328993891899465,CONVERGENCE: RELATIVE REDUCTION OF F <= FACTR*EPSMCH
2014-05-30,slsqp,True,38,9.942700038664043,2.0443658723725755e-20,4.448690532485373e-09,1.141756190425891e-07,1.1102230246251565e-16,0.03328993674388529,Optimization terminated successfully
2014-06-30,newton,True,8,0.4848999669775367,-0.5270626309497025,1.6928992929710063e-13,2.034525325989023e-12,0.0,0.03244668624511003,gradient tolerance satisfied
2014-06-30,lbfgsb,True,25,4.859899985603988,-0.5270626309497024,1.222649467780279e-09,3.2856782017365305e-09,0.0,0.032446686498983336,CONVERGENCE: RELATIVE REDUCTION OF F <= FACTR*EPSMCH
2014-06-30,slsqp,True,40,14.556000009179115,2.373358640485109e-19,3.1420246085808665e-08,3.360639726224246e-07,0.0,0.03244678749284103,Optimization terminated successfully
2014-07-31,newton,True,7,0.43409992940723896,-0.4108085601081368,4.143378348753224e-12,2.85493850782359e-11,0.0,0.054631454388874595,gradient tolerance satisfied
2014-07-31,lbfgsb,True,19,4.141799989156425,-0.41080856010813693,2.411512933786497e-10,3.456107622312743e-10,1.1102230246251565e-16,0.05463145434537861,CONVERGENCE: RELATIVE REDUCTION OF F <= FACTR*EPSMCH
2014-07-31,slsqp,True,28,19.31379991583526,1.4416024355306242e-19,2.5388019100113923e-08,1.8113162507382707e-07,0.0,0.054631393771127426,Optimization terminated successfully
2014-08-29,newton,True,8,1.3940000208094716,-0.5257624447011263,6.245004513516506e-17,6.106226635438361e-16,0.0,0.04801022843201075,gradient tolerance satisfied
2014-08-29,lbfgsb,True,22,4.9347999738529325,-0.5257624447011262,6.652042180976814e-10,1.5016013710233977e-09,0.0,0.04801022873240007,CONVERGENCE: RELATIVE REDUCTION OF F <= FACTR*EPSMCH
2014-08-29,slsqp,True,29,9.649200015701354,1.6988054066568507e-19,3.509401550572936e-08,2.546211056858594e-07,1.1102230246251565e-16,0.048010284332351584,Optimization terminated successfully
2014-09-30,newton,True,8,0.5023000994697213,-0.47470891505809,7.287746794926164e-14,9.19528342357978e-13,1.1102230246251565e-16,0.030834740779788653,gradient tolerance satisfied
2014-09-30,lbfgsb,True,28,5.794099997729063,-0.47470891505808993,7.884082761644429e-10,2.0787227217322624e-09,0.0,0.030834740964842688,CONVERGENCE: RELATIVE REDUCTION OF F <= FACTR*EPSMCH
2014-09-30,slsqp,True,41,11.506900074891746,6.434099369586719e-21,3.369591719062554e-09,7.650943503745289e-08,1.1102230246251565e-16,0.03083473047556026,Optimization terminated successfully
2014-10-31,newton,True,8,1.3768000062555075,-0.4731394664876339,5.282232984349378e-16,6.925016116099414e-15,2.220446049250313e-16,0.03853980648012127,gradient tolerance satisfied
2014-10-31,lbfgsb,True,28,5.648100050166249,-0.47313946648763394,1.8679218311001833e-09,5.050131590689233e-09,1.1102230246251565e-16,0.03853980610104276,CONVERGENCE: RELATIVE REDUCTION OF F <= FACTR*EPSMCH
2014-10-31,slsqp,True,43,11.524799978360534,7.118267646265141e-20,1.1451929826419101e-08,2.6727793583924964e-07,0.0,0.03853985380259039,Optimization terminated successfully
2014-11-28,newton,True,8,0.7885999511927366,-0.4550139555136298,2.406034572965954e-12,4.1278189200077975e-11,0.0,0.03074112614115937,gradient tolerance satisfied
2014-11-28,lbfgsb,True,25,4.449000000022352,-0.45501395551362994,2.2680431144284086e-10,1.3760024369924295e-09,0.0,0.030741126097011455,CONVERGENCE: RELATIVE REDUCTION OF F <= FACTR*EPSMCH
2014-11-28,slsqp,True,43,14.730799943208694,2.515148732486225e-20,5.6289787565585324e-09,1.6072759924379287e-07,2.220446049250313e-16,0.030741120239932185,Optimization terminated successfully
2014-12-31,newton,True,7,0.48779998905956745,-0.051312855721156736,4.3270248495375085e-13,2.954039790559193e-12,0.0,0.037306803831653024,gradient tolerance satisfied
2014-12-31,lbfgsb,True,25,3.9637000299990177,-0.051312855721156736,1.6013725900876352e-09,1.4275309129230251e-09,1.1102230246251565e-16,0.037306803664128585,CONVERGENCE: RELATIVE REDUCTION OF F <= FACTR*EPSMCH
2014-12-31,slsqp,True,38,10.131799965165555,2.315332617720544e-19,9.079686928526225e-09,1.152966277589984e-07,0.0,0.037306782124555536,Optimization terminated successfully
2015-01-30,newton,True,8,0.5323000950738788,0.03788318056280049,9.938190548286485e-11,9.033686992898637e-10,0.0,0.027775235865067388,gradient tolerance satisfied
2015-01-30,lbfgsb,True,30,4.618600010871887,0.037883180562800434,1.0264540328819294e-09,9.531188199796148e-10,0.0,0.027775235677718512,CONVERGENCE: RELATIVE REDUCTION OF F <= FACTR*EPSMCH
2015-01-30,slsqp,True,46,18.22489988990128,1.6266413145807615e-18,7.87252889459698e-09,3.8849302332055746e-07,0.0,0.027775176053347096,Optimization terminated successfully
2015-02-27,newton,True,8,0.5448999581858516,-0.07799574452260433,5.0306980803327406e-17,4.85722573273506e-16,1.1102230246251565e-16,0.029892144235929244,gradient tolerance satisfied
2015-02-27,lbfgsb,True,31,5.317200091667473,-0.07799574452260416,4.8074003111686636e-11,8.298856046806691e-11,0.0,0.029892144241600808,CONVERGENCE: NORM OF PROJECTED GRADIENT <= PGTOL
2015-02-27,slsqp,False,40,15.420999960042536,8.342626671782484e-18,4.169243582566654e-08,1.4559481683190656e-06,0.0,0.02989216989327213,Optimization terminated successfully
2015-03-31,newton,True,7,0.4288000054657459,-0.041839185123236866,2.951890468172458e-12,1.904250368500726e-11,0.0,0.04665616742175015,gradient tolerance satisfied
2015-03-31,lbfgsb,True,23,5.373800056986511,-0.04183918512323681,9.99371127519133e-10,8.502162168744221e-10,0.0,0.04665616780708574,CONVERGENCE: RELATIVE REDUCTION OF F <= FACTR*EPSMCH
2015-03-31,slsqp,True,30,9.95350000448525,9.04377464654897e-19,2.467202949537643e-08,2.1217901417791563e-07,0.0,0.046656212269595314,Optimization terminated successfully
2015-04-30,newton,True,7,0.9757999796420336,-0.1423133841772744,9.182586982459107e-12,6.25960949740545e-11,0.0,0.052671324855849945,gradient tolerance satisfied
2015-04-30,lbfgsb,True,21,4.784999997355044,-0.14231338417727435,6.682090436527233e-10,6.349683279172069e-10,0.0,0.05267132474002797,CONVERGENCE: RELATIVE REDUCTION OF F <= FACTR*EPSMCH
2015-04-30,slsqp,True,31,9.79619997087866,5.594016324829024e-20,5.36463764820666e-09,5.865445013020221e-08,0.0,0.052671331312890694,Optimization terminated successfully
2015-05-29,newton,True,7,1.1532000498846173,0.049467466113773895,2.7518959333505677e-13,1.6537465841182097e-12,0.0,0.03623194351893129,gradient tolerance satisfied
2015-05-29,lbfgsb,True,32,5.896899965591729,0.04946746611377395,5.655432511186831e-10,5.580730599863415e-10,1.1102230246251565e-16,0.03623194354417126,CONVERGENCE: RELATIVE REDUCTION OF F <= FACTR*EPSMCH
2015-05-29,slsqp,True,39,12.751300004310906,1.8122536320185317e-19,8.721426131141162e-09,9.280781362863699e-08,0.0,0.03623194508713097,Optimization terminated successfully
2015-06-30,newton,True,7,0.5670000100508332,0.16935644873910155,6.327270304917754e-12,4.4737311077902575e-11,1.1102230246251565e-16,0.021515023675461094,gradient tolerance satisfied
2015-06-30,lbfgsb,True,60,10.960099985823035,0.16935644873910172,3.824384586792462e-09,4.69570195227309e-09,0.0,0.02151502399018709,CONVERGENCE: RELATIVE REDUCTION OF F <= FACTR*EPSMCH
2015-06-30,slsqp,True,53,23.13860005233437,1.2392716960685836e-17,2.0586522155416025e-08,7.972127984284816e-07,0.0,0.02151507422207001,Optimization terminated successfully
2015-07-31,newton,True,12,0.8296000305563211,0.4414353570226278,5.551115123125783e-17,1.3877787807814457e-17,2.220446049250313e-16,0.014792784102616812,gradient tolerance satisfied
2015-07-31,lbfgsb,True,50,6.968799978494644,0.44143535702262826,1.4583194651862641e-08,4.728330574299555e-09,0.0,0.014792784628774864,CONVERGENCE: RELATIVE REDUCTION OF F <= FACTR*EPSMCH
2015-07-31,slsqp,True,58,15.00709995161742,1.2350723025933369e-17,6.760955717801225e-09,8.202917545635513e-07,1.1102230246251565e-16,0.014792813707270347,Optimization terminated successfully
2015-08-31,newton,True,11,0.6491000531241298,0.3956408444591891,1.1102230246251565e-16,4.163336342344337e-17,0.0,0.011251310007741237,gradient tolerance satisfied
2015-08-31,lbfgsb,True,64,11.92079996690154,0.39564084445918946,9.882529239391147e-09,4.030327918624899e-09,0.0,0.011251310459208023,CONVERGENCE: RELATIVE REDUCTION OF F <= FACTR*EPSMCH
2015-08-31,slsqp,False,64,18.021199968643486,6.178674721289028e-18,2.719729351890568e-09,1.0095380654079333e-06,2.220446049250313e-16,0.011251287897000636,Optimization terminated successfully
2015-09-30,newton,True,9,0.8235999848693609,0.2670756118683141,1.6339429809164585e-11,4.786837592973825e-12,0.0,0.012207228447557323,gradient tolerance satisfied
2015-09-30,lbfgsb,True,60,10.677599930204451,0.2670756118683142,1.6123734569717385e-09,1.0290512053590106e-09,2.220446049250313e-16,0.012207228384513026,CONVERGENCE: RELATIVE REDUCTION OF F <= FACTR*EPSMCH
2015-09-30,slsqp,True,63,18.7853000825271,3.752473868672567e-18,3.998977667641298e-09,6.904446768346562e-07,0.0,0.012207166557398176,Optimization terminated successfully
2015-10-30,newton,True,8,0.48919999971985817,0.18650111404311748,2.5153490401663703e-16,2.5118795932144167e-15,0.0,0.01734027832057166,gradient tolerance satisfied
2015-10-30,lbfgsb,True,51,9.05120000243187,0.18650111404311742,5.265317626346189e-09,1.3894658201785148e-09,0.0,0.017340278542801187,CONVERGENCE: RELATIVE REDUCTION OF F <= FACTR*EPSMCH
2015-10-30,slsqp,True,55,15.559999970719218,5.994068178244548e-18,8.813485702452956e-09,7.014039926783733e-07,0.0,0.017340378590715144,Optimization terminated successfully
2015-11-30,newton,True,8,2.3095000069588423,0.19615479464523156,5.551115123125783e-17,2.7755575615628914e-17,0.0,0.022273562693144584,gradient tolerance satisfied
2015-11-30,lbfgsb,True,37,7.950100000016391,0.1961547946452315,1.3861008452131784e-09,1.0972040220824653e-09,0.0,0.022273562547707525,CONVERGENCE: RELATIVE REDUCTION OF F <= FACTR*EPSMCH
2015-11-30,slsqp,True,47,13.864199980162084,8.657269372164666e-18,6.9884978146572196e-09,8.823918200978609e-07,0.0,0.02227360944560136,Optimization terminated successfully
2015-12-31,newton,True,8,0.48479996621608734,0.034010458722112835,3.747002708109903e-15,3.992639552308219e-14,1.1102230246251565e-16,0.023935978634775514,gradient tolerance satisfied
2015-12-31,lbfgsb,True,31,5.4160000290721655,0.03401045872211317,9.777611553740684e-09,6.3329750749074876e-09,1.1102230246251565e-16,0.02393597784393553,CONVERGENCE: RELATIVE REDUCTION OF F <= FACTR*EPSMCH
2015-12-31,slsqp,True,46,16.028700047172606,4.913745822583393e-19,6.498289843255078e-09,3.200716055390407e-07,0.0,0.023935952595873368,Optimization terminated successfully
2016-01-29,newton,True,11,0.6628000410273671,0.21051885289897376,5.551115123125783e-17,4.163336342344337e-17,2.220446049250313e-16,0.015048963416153811,gradient tolerance satisfied
2016-01-29,lbfgsb,True,61,16.145500005222857,0.21051885289897376,1.886761469283016e-09,1.4120520447358231e-09,2.220446049250313e-16,0.015048963485295393,CONVERGENCE: RELATIVE REDUCTION OF F <= FACTR*EPSMCH
2016-01-29,slsqp,True,55,22.867899970151484,9.753424019093976e-18,1.2193575127516223e-08,6.949245180548624e-07,1.1102230246251565e-16,0.01504901895712889,Optimization terminated successfully
2016-02-29,newton,True,12,0.7629001047462225,0.11194972567960731,5.551115123125783e-17,4.163336342344337e-17,1.1102230246251565e-16,0.014068891635481444,gradient tolerance satisfied
2016-02-29,lbfgsb,True,55,8.917500032112002,0.11194972567960754,4.491172989062875e-09,3.4882421257043106e-09,1.1102230246251565e-16,0.014068891410706816,CONVERGENCE: RELATIVE REDUCTION OF F <= FACTR*EPSMCH
2016-02-29,slsqp,True,57,19.796099979430437,3.4499891607508976e-18,7.211125723765359e-09,6.128539373623232e-07,0.0,0.01406895197968096,Optimization terminated successfully
2016-03-31,newton,True,8,0.7554999319836497,-0.005529930339859268,2.2220073003786922e-14,2.4626134464966754e-13,0.0,0.017025974858274624,gradient tolerance satisfied
2016-03-31,lbfgsb,True,40,7.393999956548214,-0.005529930339859268,6.23070151029026e-10,3.310892948693578e-10,0.0,0.017025974906287475,CONVERGENCE: RELATIVE REDUCTION OF F <= FACTR*EPSMCH
2016-03-31,slsqp,True,53,20.11269994545728,2.7316600816440665e-19,3.2241137259519036e-09,1.812556642000196e-07,2.220446049250313e-16,0.017025980105047817,Optimization terminated successfully
2016-04-29,newton,True,8,0.7001999765634537,-0.12239360030296231,1.3646549168466748e-13,1.6281698211884077e-12,2.220446049250313e-16,0.018907908049443124,gradient tolerance satisfied
2016-04-29,lbfgsb,True,38,8.910799981094897,-0.12239360030296248,1.4246906154813388e-09,1.5550893628368812e-09,0.0,0.018907908302498434,CONVERGENCE: RELATIVE REDUCTION OF F <= FACTR*EPSMCH
2016-04-29,slsqp,True,50,25.33259999472648,6.052984667591118e-19,6.1689611637016055e-09,4.7196911687197307e-07,0.0,0.018907914143824516,Optimization terminated successfully
2016-05-31,newton,True,8,1.3795000268146396,-0.12397484008527399,1.5898779688605646e-11,2.3375044955198376e-10,2.220446049250313e-16,0.018428920682530544,gradient tolerance satisfied
2016-05-31,lbfgsb,True,35,9.11749992519617,-0.12397484008527393,3.034000134460868e-10,2.932348253104067e-10,0.0,0.01842892065247791,CONVERGENCE: RELATIVE REDUCTION OF F <= FACTR*EPSMCH
2016-05-31,slsqp,True,50,11.909699998795986,4.1840494061769845e-19,5.079304671060008e-09,3.72548999386102e-07,0.0,0.018428889095910853,Optimization terminated successfully
2016-06-30,newton,True,12,1.1350000277161598,-0.23424713190883967,9.454207989395558e-11,1.612649194737692e-09,2.220446049250313e-16,0.02049280331914802,gradient tolerance satisfied
2016-06-30,lbfgsb,True,35,5.211999989114702,-0.2342471319088394,8.471190554582009e-10,1.8386091676925176e-09,0.0,0.020492803115627806,CONVERGENCE: RELATIVE REDUCTION OF F <= FACTR*EPSMCH
2016-06-30,slsqp,False,50,13.28399998601526,1.7364146223954234e-18,1.8105559081999336e-08,1.0085436234208434e-06,0.0,0.020492721889466294,Optimization terminated successfully
2016-07-29,newton,True,10,1.4521999983116984,-0.252204788585245,9.214785618577581e-11,1.6042129430404728e-09,0.0,0.020600515862962396,gradient tolerance satisfied
2016-07-29,lbfgsb,True,36,7.140400004573166,-0.25220478858524487,7.486473108109237e-10,1.8076887903228922e-09,0.0,0.020600515607798627,CONVERGENCE: RELATIVE REDUCTION OF F <= FACTR*EPSMCH
2016-07-29,slsqp,True,51,18.138299928978086,8.82660825674939e-19,1.937935712706896e-08,8.574723333598655e-07,0.0,0.02060045679591292,Optimization terminated successfully
2016-08-31,newton,True,8,0.5384000251069665,-0.34231513085421317,6.106226635438361e-16,6.286637876939949e-15,0.0,0.03271603805158126,gradient tolerance satisfied
2016-08-31,lbfgsb,True,28,6.57079997472465,-0.34231513085421317,1.1973181751612216e-09,1.3691046074626456e-09,1.1102230246251565e-16,0.032716037821535565,CONVERGENCE: RELATIVE REDUCTION OF F <= FACTR*EPSMCH
2016-08-31,slsqp,True,41,11.482100002467632,5.517521544857737e-19,2.714028474336341e-08,3.836926380645922e-07,0.0,0.03271615201579998,Optimization terminated successfully
2016-09-30,newton,True,8,0.5046000005677342,-0.40778150063795054,1.7113567507553995e-13,2.1222051893587945e-12,0.0,0.030228925017278828,gradient tolerance satisfied
2016-09-30,lbfgsb,True,31,5.7455999776721,-0.4077815006379505,3.750655841461281e-09,3.3248792746798372e-09,0.0,0.030228925797848267,CONVERGENCE: RELATIVE REDUCTION OF F <= FACTR*EPSMCH
2016-09-30,slsqp,True,42,15.741699957288802,1.4685973871313994e-19,2.531093538426987e-08,4.0172826257234284e-07,1.1102230246251565e-16,0.03022882145110964,Optimization terminated successfully
2016-10-31,newton,True,8,1.1339999036863446,-0.48080775154967725,3.066991105526995e-15,3.241851231905457e-14,2.220446049250313e-16,0.037401383478744527,gradient tolerance satisfied
2016-10-31,lbfgsb,True,23,5.378499976359308,-0.48080775154967687,3.476402998803252e-09,3.824908986760356e-09,2.220446049250313e-16,0.03740138385617692,CONVERGENCE: RELATIVE REDUCTION OF F <= FACTR*EPSMCH
2016-10-31,slsqp,True,40,12.585900025442243,2.662316149369736e-20,6.439627327647807e-09,9.394736165402318e-08,0.0,0.03740135996015579,Optimization terminated successfully
2016-11-30,newton,True,7,1.1764999944716692,-0.15665813941223478,2.829819711891446e-12,1.7719450906561462e-11,1.1102230246251565e-16,0.04251932117143008,gradient tolerance satisfied
2016-11-30,lbfgsb,True,24,4.908300004899502,-0.156658139412235,1.8520336653171654e-09,1.0875795680709288e-09,0.0,0.042519320832925256,CONVERGENCE: RELATIVE REDUCTION OF F <= FACTR*EPSMCH
2016-11-30,slsqp,True,33,10.630799923092127,3.7629166719899985e-19,2.9585922421825378e-08,1.801595467948447e-07,0.0,0.04251937856153144,Optimization terminated successfully
2016-12-30,newton,True,7,0.709500047378242,0.054899731355686265,1.3877787807814457e-17,2.7755575615628914e-17,1.1102230246251565e-16,0.06374647020382931,gradient tolerance satisfied
2016-12-30,lbfgsb,True,20,3.813500050455332,0.05489973135568632,9.150751822950554e-10,1.5113191670357295e-09,0.0,0.06374647032951762,CONVERGENCE: RELATIVE REDUCTION OF F <= FACTR*EPSMCH
2016-12-30,slsqp,True,26,7.805099943652749,1.6593718540738613e-19,9.714035344673015e-09,5.5327122147619257e-08,2.220446049250313e-16,0.0637464869318617,Optimization terminated successfully
2017-01-26,newton,True,6,0.9312999900430441,-0.0939636054364889,1.758900317061496e-11,6.32581625970019e-11,1.1102230246251565e-16,0.06558605224274819,gradient tolerance satisfied
2017-01-26,lbfgsb,True,18,3.6236000014469028,-0.09396360543648885,2.0737238731749486e-09,2.1680465062123844e-09,1.1102230246251565e-16,0.06558605329779899,CONVERGENCE: RELATIVE REDUCTION OF F <= FACTR*EPSMCH
2017-01-26,slsqp,True,26,6.067100097425282,4.375122468948056e-19,3.6278885874293654e-08,1.371015527357189e-07,0.0,0.06558606369445039,Optimization terminated successfully
2017-02-28,newton,True,7,0.857299892231822,-0.23614163548944078,1.3877787807814457e-17,6.938893903907228e-17,0.0,0.05874031985349088,gradient tolerance satisfied
2017-02-28,lbfgsb,True,20,4.206500016152859,-0.23614163548944078,1.7255432638307866e-09,2.5053091129434435e-09,0.0,0.058740320168427854,CONVERGENCE: RELATIVE REDUCTION OF F <= FACTR*EPSMCH
2017-02-28,slsqp,True,26,7.63899995945394,9.556373987151298e-20,2.19285097415299e-08,8.15490676375763e-08,0.0,0.058740297185836385,Optimization terminated successfully
2017-03-31,newton,True,7,0.42459997348487377,-0.31635622996955204,1.5192708202604877e-14,8.049116928532385e-14,0.0,0.05200653230053735,gradient tolerance satisfied
2017-03-31,lbfgsb,True,23,3.9254999719560146,-0.3163562299695518,1.5712007944701512e-09,2.747028007843433e-09,0.0,0.05200653350501439,CONVERGENCE: RELATIVE REDUCTION OF F <= FACTR*EPSMCH
2017-03-31,slsqp,True,27,7.397299981676042,3.279201168597191e-20,1.4734474073803683e-08,5.8415917311704924e-08,0.0,0.05200652262764082,Optimization terminated successfully
2017-04-28,newton,True,7,0.5478999810293317,-0.31401328533252243,1.321859288694327e-14,6.891709425360659e-14,2.220446049250313e-16,0.056133166455388066,gradient tolerance satisfied
2017-04-28,lbfgsb,True,23,4.421600024215877,-0.31401328533252254,1.3095831780107758e-09,1.6920624068550438e-09,0.0,0.05613316562278315,CONVERGENCE: RELATIVE REDUCTION OF F <= FACTR*EPSMCH
2017-04-28,slsqp,True,27,6.840299931354821,9.687854617023195e-20,2.4495654596090677e-08,8.756371421003717e-08,0.0,0.05613313132518422,Optimization terminated successfully
2017-05-31,newton,True,7,0.457499991171062,-0.2661247662903592,7.101957910649048e-15,3.680389326632394e-14,0.0,0.048687766237475824,gradient tolerance satisfied
2017-05-31,lbfgsb,True,29,6.556199979968369,-0.26612476629035897,1.3959642539140837e-09,3.356767475093392e-09,1.1102230246251565e-16,0.04868776566705382,CONVERGENCE: RELATIVE REDUCTION OF F <= FACTR*EPSMCH
2017-05-31,slsqp,True,32,10.361200082115829,6.68867537109108e-20,1.3508404887857673e-08,7.792095262082466e-08,0.0,0.04868773145588913,Optimization terminated successfully
2017-06-30,newton,True,7,0.47400000039488077,-0.44680722414670104,4.659640728821302e-13,2.9091451470009133e-12,0.0,0.05093069038557515,gradient tolerance satisfied
2017-06-30,lbfgsb,True,25,4.763100063428283,-0.4468072241467011,7.422211872887274e-10,2.2152488038384988e-09,1.1102230246251565e-16,0.050930690472144796,CONVERGENCE: RELATIVE REDUCTION OF F <= FACTR*EPSMCH
2017-06-30,slsqp,True,32,9.503099950961769,8.990240029197707e-20,2.2310480058112892e-08,1.4816652717242196e-07,0.0,0.05093070918361231,Optimization terminated successfully
2017-07-31,newton,True,7,1.0479999473318458,-0.4487696628441372,9.148273458214895e-11,7.194713991243162e-10,0.0,0.04429132140845924,gradient tolerance satisfied
2017-07-31,lbfgsb,True,24,5.282700061798096,-0.4487696628441373,2.8741641358576153e-10,1.6563947435876969e-09,2.220446049250313e-16,0.044291321236178446,CONVERGENCE: RELATIVE REDUCTION OF F <= FACTR*EPSMCH
2017-07-31,slsqp,True,37,10.346999973990023,1.1641965560387204e-20,6.408038304471141e-09,5.349454025582734e-08,0.0,0.044291309425439164,Optimization terminated successfully
2017-08-31,newton,True,7,0.7647000020369887,-0.47135163743893316,5.60351764988809e-12,4.1440226250522016e-11,0.0,0.040878053588988716,gradient tolerance satisfied
2017-08-31,lbfgsb,True,27,5.90430002193898,-0.471351637438933,3.6251492085970227e-10,7.117527955902148e-10,0.0,0.04087805350924751,CONVERGENCE: RELATIVE REDUCTION OF F <= FACTR*EPSMCH
2017-08-31,slsqp,True,34,11.151000042445958,9.870542783150405e-20,2.263798215255806e-08,1.797174439821525e-07,0.0,0.040877997415283786,Optimization terminated successfully
2017-09-29,newton,True,7,0.4681999562308192,-0.5605664225724813,4.900413581865326e-11,4.19995760392311e-10,2.220446049250313e-16,0.045173330183126345,gradient tolerance satisfied
2017-09-29,lbfgsb,True,31,5.618200055323541,-0.5605664225724813,1.1165407626245738e-09,1.162250767849926e-09,2.220446049250313e-16,0.045173329883396535,CONVERGENCE: RELATIVE REDUCTION OF F <= FACTR*EPSMCH
2017-09-29,slsqp,True,37,12.727300054393709,4.462538663739997e-20,1.8232924610447123e-08,1.621368994342287e-07,0.0,0.045173388071226686,Optimization terminated successfully
2017-10-31,newton,True,8,0.48589997459203005,-0.5804428410566578,1.3877787807814457e-17,2.7755575615628914e-17,1.1102230246251565e-16,0.04141192341622307,gradient tolerance satisfied
2017-10-31,lbfgsb,True,24,3.70679993648082,-0.5804428410566579,1.4685075239162515e-09,4.4846940883136455e-09,0.0,0.04141192410150892,CONVERGENCE: RELATIVE REDUCTION OF F <= FACTR*EPSMCH
2017-10-31,slsqp,True,36,10.33140008803457,1.1319132722029573e-20,6.156852213446263e-09,6.593267963539429e-08,0.0,0.04141193822320718,Optimization terminated successfully
2017-11-30,newton,True,7,0.4450000124052167,-0.44247286425024773,1.8945851831819738e-12,1.3745740656823102e-11,0.0,0.03737106822538478,gradient tolerance satisfied
2017-11-30,lbfgsb,True,24,4.585099988617003,-0.44247286425024746,1.0523651949867485e-09,4.268995601464098e-09,2.220446049250313e-16,0.037371068187239856,CONVERGENCE: RELATIVE REDUCTION OF F <= FACTR*EPSMCH
2017-11-30,slsqp,True,37,10.69849997293204,1.0253870458958225e-19,1.1339564475029926e-08,1.4499913629506533e-07,0.0,0.03737107835994542,Optimization terminated successfully
2017-12-29,newton,True,7,0.46749995090067387,-0.44553113084389784,7.600000490048942e-12,5.613691456129999e-11,0.0,0.04634341079223518,gradient tolerance satisfied
2017-12-29,lbfgsb,True,26,4.127199994400144,-0.4455311308438977,1.0944472134122307e-09,2.542481947198638e-09,0.0,0.04634341052269502,CONVERGENCE: RELATIVE REDUCTION OF F <= FACTR*EPSMCH
2017-12-29,slsqp,True,36,9.269600035622716,4.3243291413842874e-20,1.3444232765103198e-08,1.0422508590901547e-07,0.0,0.04634344966880358,Optimization terminated successfully
2018-01-31,newton,True,8,0.7078000344336033,-0.5487212009735527,1.0356299151581538e-15,1.1185496973098452e-14,0.0,0.04308051050218113,gradient tolerance satisfied
2018-01-31,lbfgsb,True,29,5.893899942748249,-0.5487212009735527,1.2586645614653946e-09,1.8795849182629e-09,2.220446049250313e-16,0.0430805108700162,CONVERGENCE: RELATIVE REDUCTION OF F <= FACTR*EPSMCH
2018-01-31,slsqp,True,38,12.788399937562644,3.1951837472249266e-20,9.489077973368568e-09,1.1395928883883855e-07,0.0,0.04308048481678949,Optimization terminated successfully
2018-02-28,newton,True,8,1.1267999652773142,-0.41026280392338565,1.3772229884301268e-12,2.0664456257257768e-11,1.1102230246251565e-16,0.024411638388742867,gradient tolerance satisfied
2018-02-28,lbfgsb,True,38,7.59910000488162,-0.41026280392338577,1.4410698329081484e-09,3.98754160246817e-09,0.0,0.024411637957183017,CONVERGENCE: RELATIVE REDUCTION OF F <= FACTR*EPSMCH
2018-02-28,slsqp,True,48,12.509900028817356,6.506503349538146e-20,3.827961430480653e-09,2.219089775823413e-07,0.0,0.024411615807900352,Optimization terminated successfully
2018-03-30,newton,True,9,0.5512000061571598,-0.3895481704104983,2.7755575615628914e-17,9.71445146547012e-17,0.0,0.02076341474441935,gradient tolerance satisfied
2018-03-30,lbfgsb,True,41,6.620700005441904,-0.3895481704104983,7.862037132433386e-10,8.985607119482708e-10,2.220446049250313e-16,0.02076341456994135,CONVERGENCE: RELATIVE REDUCTION OF F <= FACTR*EPSMCH
2018-03-30,slsqp,False,50,12.900400091893971,1.0067200231467286e-18,1.155471889286327e-08,1.1289612895787338e-06,0.0,0.020763440818697756,Optimization terminated successfully
2018-04-27,newton,True,8,0.5011999746784568,-0.38505103084253733,8.500145032286355e-17,8.604228440844963e-16,0.0,0.02606955587062505,gradient tolerance satisfied
2018-04-27,lbfgsb,True,35,5.799999926239252,-0.3850510308425372,8.673299439765358e-10,1.1654227444202192e-09,0.0,0.02606955588211059,CONVERGENCE: RELATIVE REDUCTION OF F <= FACTR*EPSMCH
2018-04-27,slsqp,True,46,12.199899996630847,2.824896702303441e-19,7.498449378572594e-09,4.5861141863279276e-07,0.0,0.02606958981632795,Optimization terminated successfully
2018-05-31,newton,True,8,0.47809991519898176,-0.4182552597700623,2.7755575615628914e-17,1.5265566588595902e-16,0.0,0.028464276927688124,gradient tolerance satisfied
2018-05-31,lbfgsb,True,35,6.086700013838708,-0.4182552597700621,2.5681886756112604e-09,3.331146566920573e-09,0.0,0.02846427696049149,CONVERGENCE: RELATIVE REDUCTION OF F <= FACTR*EPSMCH
2018-05-31,slsqp,True,43,10.32230001874268,4.692965641602861e-20,7.789173852909887e-09,1.5485149462701742e-07,0.0,0.028464297343867517,Optimization terminated successfully
2018-06-29,newton,True,8,0.7259000558406115,-0.23784839725204676,4.232725281383409e-15,4.9335535656780394e-14,1.1102230246251565e-16,0.01834633442233082,gradient tolerance satisfied
2018-06-29,lbfgsb,True,37,4.7212999779731035,-0.23784839725204676,3.484051075419714e-09,2.597432616213702e-09,0.0,0.01834633440552358,CONVERGENCE: RELATIVE REDUCTION OF F <= FACTR*EPSMCH
2018-06-29,slsqp,True,48,13.929200009442866,1.0079441415464317e-18,1.464967559110734e-08,6.869971783396434e-07,0.0,0.018346313797593515,Optimization terminated successfully
2018-07-31,newton,True,8,0.5344999954104424,-0.32619216388204775,1.3877787807814457e-17,5.551115123125783e-17,0.0,0.02277881096727703,gradient tolerance satisfied
2018-07-31,lbfgsb,True,42,6.995399948209524,-0.32619216388204786,2.503547646970361e-10,1.571012764323143e-10,0.0,0.02277881100008046,CONVERGENCE: RELATIVE REDUCTION OF F <= FACTR*EPSMCH
2018-07-31,slsqp,True,44,16.188699984923005,5.535754234463866e-19,2.3669186898830383e-08,5.707588549702658e-07,0.0,0.0227787911370427,Optimization terminated successfully
2018-08-31,newton,True,7,0.45249995309859514,-0.15978158976477225,6.140921104957897e-16,3.191891195797325e-15,0.0,0.03431661740935964,gradient tolerance satisfied
2018-08-31,lbfgsb,True,31,6.299600005149841,-0.15978158976477225,1.0381977916251728e-09,1.7895907394871458e-09,0.0,0.03431661762707833,CONVERGENCE: RELATIVE REDUCTION OF F <= FACTR*EPSMCH
2018-08-31,slsqp,True,36,14.38780000898987,4.154654171037798e-20,5.011350332424649e-09,7.074024177544658e-08,0.0,0.03431660643872723,Optimization terminated successfully
2018-09-28,newton,True,7,1.2159999459981918,-0.29631569953771736,1.414684341893846e-13,8.908290771714178e-13,0.0,0.03584807942440021,gradient tolerance satisfied
2018-09-28,lbfgsb,True,31,6.07170001603663,-0.2963156995377173,9.480226048630414e-10,2.1681361844771985e-09,0.0,0.03584807931939302,CONVERGENCE: RELATIVE REDUCTION OF F <= FACTR*EPSMCH
2018-09-28,slsqp,True,36,17.04750000499189,3.2149785781049656e-19,2.998040151098415e-08,2.3234058670051905e-07,1.1102230246251565e-16,0.03584799611809629,Optimization terminated successfully
2018-10-31,newton,True,7,1.2167999520897865,-0.20487034418433825,8.417835352381164e-11,7.377229521710049e-10,0.0,0.020437900053597177,gradient tolerance satisfied
2018-10-31,lbfgsb,True,40,11.760599911212921,-0.20487034418433803,2.497679757462734e-09,1.5796451785510257e-09,0.0,0.020437900194368294,CONVERGENCE: RELATIVE REDUCTION OF F <= FACTR*EPSMCH
2018-10-31,slsqp,True,50,18.386600073426962,1.0217815174241867e-18,8.442078281239523e-09,5.862202489964607e-07,0.0,0.02043785099313757,Optimization terminated successfully
2018-11-30,newton,True,8,1.6190999886021018,-0.2462293675223577,1.2802259252708836e-15,1.3891665595622271e-14,2.220446049250313e-16,0.01983862547698484,gradient tolerance satisfied
2018-11-30,lbfgsb,True,39,10.483899968676269,-0.24622936752235758,2.0507866099750416e-09,5.365857799755069e-09,0.0,0.019838626004582707,CONVERGENCE: RELATIVE REDUCTION OF F <= FACTR*EPSMCH
2018-11-30,slsqp,True,54,17.38510001450777,2.51245549991903e-19,4.894427957316733e-09,4.0420117514150533e-07,0.0,0.019838613153643936,Optimization terminated successfully
2018-12-28,newton,True,8,0.49640005454421043,-0.3219521809545621,7.632783294297951e-17,7.355227538141662e-16,0.0,0.021965691680588012,gradient tolerance satisfied
2018-12-28,lbfgsb,True,42,6.569799967110157,-0.321952180954562,8.635661630229663e-10,8.637918297305092e-10,0.0,0.02196569160350174,CONVERGENCE: RELATIVE REDUCTION OF F <= FACTR*EPSMCH
2018-12-28,slsqp,True,48,24.557999917306006,6.257443501749454e-20,3.763389456273578e-09,2.0922092607011944e-07,0.0,0.02196568254645461,Optimization terminated successfully
2019-01-31,newton,True,8,0.48200006131082773,-0.49145525340176727,3.598336906218691e-14,4.2772729802464937e-13,1.1102230246251565e-16,0.024178535209073773,gradient tolerance satisfied
2019-01-31,lbfgsb,True,35,11.29999989643693,-0.4914552534017671,5.524515012123032e-10,2.5401140218983542e-09,0.0,0.02417853544588648,CONVERGENCE: RELATIVE REDUCTION OF F <= FACTR*EPSMCH
2019-01-31,slsqp,True,47,17.21910003107041,4.35332291272524e-20,6.505569907943154e-09,2.1858396638541056e-07,0.0,0.024178516443239657,Optimization terminated successfully
2019-02-28,newton,True,8,1.906899968162179,-0.5151072231550433,7.407269242420966e-16,7.563394355258879e-15,0.0,0.03224442376423705,gradient tolerance satisfied
2019-02-28,lbfgsb,True,33,10.723299928940833,-0.5151072231550434,3.097558459730365e-10,4.964447880562162e-10,0.0,0.03224442376265006,CONVERGENCE: RELATIVE REDUCTION OF F <= FACTR*EPSMCH
2019-02-28,slsqp,True,42,18.561200005933642,8.005019021078652e-20,7.003890709453506e-09,2.8550226983947713e-07,0.0,0.03224446880658115,Optimization terminated successfully
2019-03-29,newton,True,8,1.290300046093762,-0.48975206809013677,2.9038143417592366e-13,3.777117507652861e-12,2.220446049250313e-16,0.022890415086181552,gradient tolerance satisfied
2019-03-29,lbfgsb,True,48,7.199599989689887,-0.48975206809013694,8.120002309430774e-10,8.914711191465585e-10,0.0,0.022890415107258994,CONVERGENCE: RELATIVE REDUCTION OF F <= FACTR*EPSMCH
2019-03-29,slsqp,True,49,14.947199961170554,3.1599427622980495e-20,4.114421120407359e-09,1.771972727576676e-07,0.0,0.022890437371539594,Optimization terminated successfully
2019-04-30,newton,True,7,1.2584999203681946,-0.2983275953843757,2.861136674803255e-12,1.9631615777448985e-11,0.0,0.03086389867390715,gradient tolerance satisfied
2019-04-30,lbfgsb,True,32,6.694599986076355,-0.29832759538437587,1.8279245062036154e-09,1.836624005657761e-09,0.0,0.030863898886759902,CONVERGENCE: RELATIVE REDUCTION OF F <= FACTR*EPSMCH
2019-04-30,slsqp,True,39,12.99960003234446,1.149538375057108e-19,9.887395020126259e-09,1.5705233051555023e-07,0.0,0.03086389071311609,Optimization terminated successfully
2019-05-31,newton,True,8,1.198599929921329,-0.27504556189124374,2.7755575615628914e-17,4.163336342344337e-17,1.1102230246251565e-16,0.021160371572323203,gradient tolerance satisfied
2019-05-31,lbfgsb,True,46,10.029299999587238,-0.2750455618912435,1.0509459968943702e-09,5.512476253244358e-09,1.1102230246251565e-16,0.021160371918258508,CONVERGENCE: RELATIVE REDUCTION OF F <= FACTR*EPSMCH
2019-05-31,slsqp,True,47,19.164999946951866,1.916509448456639e-19,5.274929012650934e-09,1.9786210990468955e-07,1.1102230246251565e-16,0.021160352801652658,Optimization terminated successfully
2019-06-28,newton,True,8,0.49160001799464226,-0.38255600488626634,2.0469737016526324e-15,2.248201624865942e-14,1.1102230246251565e-16,0.022197893692649562,gradient tolerance satisfied
2019-06-28,lbfgsb,True,38,5.558299948461354,-0.3825560048862665,2.297712159426979e-10,2.9383233346447213e-10,0.0,0.022197893665760474,CONVERGENCE: RELATIVE REDUCTION OF F <= FACTR*EPSMCH
2019-06-28,slsqp,True,45,13.571099960245192,9.795497352675143e-21,1.435697450155347e-09,7.807131974235659e-08,0.0,0.02219788912427488,Optimization terminated successfully
2019-07-31,newton,True,8,0.4901000065729022,-0.3777557247802008,5.198332216072021e-12,7.936086510174079e-11,0.0,0.022093917605406993,gradient tolerance satisfied
2019-07-31,lbfgsb,True,26,4.376000026240945,-0.37775572478020086,1.5303189271342887e-09,1.7263183244020652e-09,0.0,0.022093917634137362,CONVERGENCE: RELATIVE REDUCTION OF F <= FACTR*EPSMCH
2019-07-31,slsqp,True,45,14.68430005479604,6.780201984145496e-20,6.550404324448357e-09,2.0620350531241893e-07,0.0,0.02209389387022708,Optimization terminated successfully
2019-08-30,newton,True,8,1.1097000679001212,-0.45687842633064907,1.863575873478629e-11,2.985977853864341e-10,0.0,0.02514118977226801,gradient tolerance satisfied
2019-08-30,lbfgsb,True,27,5.186599912121892,-0.45687842633064923,8.778691246158488e-10,2.5675022247151347e-09,1.1102230246251565e-16,0.025141189865085407,CONVERGENCE: RELATIVE REDUCTION OF F <= FACTR*EPSMCH
2019-08-30,slsqp,True,46,15.529099968262017,9.65894679036666e-20,9.124971456120406e-09,3.481369735547357e-07,1.1102230246251565e-16,0.02514114488913921,Optimization terminated successfully
2019-09-30,newton,True,8,0.480000046081841,-0.4307620295045671,3.559669919939168e-13,4.411832010831063e-12,0.0,0.026632698859781503,gradient tolerance satisfied
2019-09-30,lbfgsb,True,27,5.764800007455051,-0.4307620295045671,8.373889776036592e-10,8.971409587443802e-10,1.1102230246251565e-16,0.026632698843036155,CONVERGENCE: RELATIVE REDUCTION OF F <= FACTR*EPSMCH
2019-09-30,slsqp,True,43,14.523199992254376,1.5971618730306885e-20,3.397920469193433e-09,9.388907248886191e-08,0.0,0.02663270423615814,Optimization terminated successfully
2019-10-31,newton,True,8,0.48439996317029,-0.44551403432547587,1.788499903732088e-15,1.7513768213461844e-14,0.0,0.032942998076789215,gradient tolerance satisfied
2019-10-31,lbfgsb,True,23,4.32479998562485,-0.4455140343254759,3.0707068832125373e-10,4.702158801217493e-10,2.220446049250313e-16,0.03294299814343305,CONVERGENCE: RELATIVE REDUCTION OF F <= FACTR*EPSMCH
2019-10-31,slsqp,True,37,9.138899971731007,2.925635952926534e-19,2.8567030427942747e-08,3.5107914453380573e-07,0.0,0.032943036184068096,Optimization terminated successfully
2019-11-29,newton,True,8,0.8400999940931797,-0.5093322068970876,1.8026335632526092e-12,2.3650290059684664e-11,0.0,0.029956629108708884,gradient tolerance satisfied
2019-11-29,lbfgsb,True,27,6.606100010685623,-0.5093322068970878,1.2542381300217897e-09,2.1925848775472545e-09,1.1102230246251565e-16,0.029956629213894994,CONVERGENCE: RELATIVE REDUCTION OF F <= FACTR*EPSMCH
2019-11-29,slsqp,True,37,10.699699982069433,2.3407313603728177e-19,2.8989496049067217e-08,4.470931643241194e-07,0.0,0.029956630772533858,Optimization terminated successfully
2019-12-31,newton,True,9,0.6047999486327171,-0.7274220660113853,1.3877787807814457e-17,4.163336342344337e-17,0.0,0.029944001191984038,gradient tolerance satisfied
2019-12-31,lbfgsb,True,27,3.771600080654025,-0.7274220660113854,9.926994504194653e-10,1.5708596506902595e-09,0.0,0.029944001220680642,CONVERGENCE: RELATIVE REDUCTION OF F <= FACTR*EPSMCH
2019-12-31,slsqp,True,41,10.158599936403334,8.68313625024653e-20,1.619186866227539e-08,3.71835951876176e-07,0.0,0.029944041365005756,Optimization terminated successfully
2020-01-23,newton,True,9,0.5359000060707331,-0.5141006201978289,6.774095173689432e-16,1.441902153231922e-14,2.220446049250313e-16,0.022088691391258738,gradient tolerance satisfied
2020-01-23,lbfgsb,True,30,4.800199996680021,-0.5141006201978288,8.640232973533557e-11,1.8432141923874212e-10,0.0,0.022088691380092035,CONVERGENCE: NORM OF PROJECTED GRADIENT <= PGTOL
2020-01-23,slsqp,True,53,14.11370001733303,2.2369362385192634e-19,1.407345781923192e-08,8.752988879257018e-07,1.1102230246251565e-16,0.022088604519706644,Optimization terminated successfully
2020-02-28,newton,True,9,0.5400000372901559,-0.01736168828988699,2.7755575615628914e-17,3.191891195797325e-16,1.1102230246251565e-16,0.01039057011835155,gradient tolerance satisfied
2020-02-28,lbfgsb,True,54,9.273999952711165,-0.017361688289887045,2.3263252019178893e-09,3.973481599306439e-09,2.220446049250313e-16,0.010390570000329509,CONVERGENCE: RELATIVE REDUCTION OF F <= FACTR*EPSMCH
2020-02-28,slsqp,False,64,21.633600001223385,2.743304783209502e-18,4.928460174487886e-09,2.4676776982368587e-06,0.0,0.010390450953430818,Optimization terminated successfully
2020-03-31,newton,True,7,0.4440000047907233,0.33159547090469765,2.354488132239041e-13,1.5499268535279498e-12,0.0,0.024219898476491572,gradient tolerance satisfied
2020-03-31,lbfgsb,True,27,5.083399941213429,0.33159547090469776,2.1482709500197927e-09,2.7470262314865934e-09,2.220446049250313e-16,0.024219898414151883,CONVERGENCE: RELATIVE REDUCTION OF F <= FACTR*EPSMCH
2020-03-31,slsqp,True,49,12.482800055295229,4.986078738628028e-18,2.0281436527262897e-08,6.893662799767331e-07,0.0,0.024219881349323683,Optimization terminated successfully
2020-04-30,newton,True,7,0.5745000671595335,0.15369849632867105,2.6673043981850775e-11,2.1696064389509218e-10,0.0,0.02840966799648441,gradient tolerance satisfied
2020-04-30,lbfgsb,True,29,5.734600010327995,0.15369849632867105,2.4172775447972583e-09,3.464298667377186e-09,2.220446049250313e-16,0.02840966782039967,CONVERGENCE: RELATIVE REDUCTION OF F <= FACTR*EPSMCH
2020-04-30,slsqp,True,43,10.564600001089275,3.7792270302394164e-18,3.066738548539523e-08,6.479214190030502e-07,0.0,0.028409713444809727,Optimization terminated successfully
2020-05-29,newton,True,7,1.0028000688180327,0.04127357692768685,1.2368578383714635e-14,7.739642260418123e-14,0.0,0.03634716688888176,gradient tolerance satisfied
2020-05-29,lbfgsb,True,28,6.614400073885918,0.041273576927686906,6.960921006271548e-10,7.126119694333966e-10,0.0,0.03634716693018653,CONVERGENCE: RELATIVE REDUCTION OF F <= FACTR*EPSMCH
2020-05-29,slsqp,True,37,13.440400012768805,1.2803428503332203e-18,3.511169589223807e-08,3.535433573675917e-07,0.0,0.03634704901682686,Optimization terminated successfully
2020-06-30,newton,True,7,0.4906000103801489,-0.1325820182205686,2.914335439641036e-16,1.6237011735142914e-15,2.220446049250313e-16,0.04591740886465458,gradient tolerance satisfied
2020-06-30,lbfgsb,True,25,6.135599920526147,-0.1325820182205686,3.09334030612618e-10,3.134293102835528e-10,0.0,0.045917408739545154,CONVERGENCE: RELATIVE REDUCTION OF F <= FACTR*EPSMCH
2020-06-30,slsqp,True,29,9.012199938297272,9.019556453815317e-20,1.4835649074441236e-08,8.824718274180743e-08,0.0,0.04591744560910163,Optimization terminated successfully
2020-07-31,newton,True,7,0.44410000555217266,-0.10736286573713294,2.7755575615628914e-17,2.7755575615628914e-17,0.0,0.03637688270866623,gradient tolerance satisfied
2020-07-31,lbfgsb,True,26,4.847500007599592,-0.10736286573713305,7.221957754044439e-11,1.5060352964724188e-10,2.220446049250313e-16,0.03637688270837424,CONVERGENCE: NORM OF PROJECTED GRADIENT <= PGTOL
2020-07-31,slsqp,True,36,11.600699974223971,2.2430713373098496e-20,4.300715345889077e-09,3.9320760786276665e-08,2.220446049250313e-16,0.03637688577016182,Optimization terminated successfully
2020-08-31,newton,True,7,0.4545999690890312,-0.16737745964034473,2.0573820425084932e-15,1.1601830607332886e-14,1.1102230246251565e-16,0.03454364889035167,gradient tolerance satisfied
2020-08-31,lbfgsb,True,30,4.87289996817708,-0.16737745964034478,2.8845772992447394e-10,8.511803067934309e-10,2.220446049250313e-16,0.034543648940759536,CONVERGENCE: RELATIVE REDUCTION OF F <= FACTR*EPSMCH
2020-08-31,slsqp,True,37,9.314500028267503,2.2579676871768984e-19,1.5177911823733596e-08,1.8763014864031646e-07,0.0,0.034543606256772906,Optimization terminated successfully
2020-09-30,newton,True,7,0.42779999785125256,-0.13458741074003389,1.881481082044445e-14,1.1791956300299944e-13,2.220446049250313e-16,0.031284033151106345,gradient tolerance satisfied
2020-09-30,lbfgsb,True,29,3.7099000765010715,-0.13458741074003389,3.0607608392241303e-09,1.875697458464387e-09,0.0,0.031284033681033524,CONVERGENCE: RELATIVE REDUCTION OF F <= FACTR*EPSMCH
2020-09-30,slsqp,True,37,8.863699971698225,8.160974632643985e-19,2.412501256967811e-08,2.631437076711096e-07,0.0,0.03128398172153889,Optimization terminated successfully
2020-10-30,newton,True,7,0.49709994345903397,-0.22617493594221855,7.0023327414237e-13,5.086556176259194e-12,1.1102230246251565e-16,0.029659043418809414,gradient tolerance satisfied
2020-10-30,lbfgsb,True,30,4.682100028730929,-0.22617493594221827,2.1983004860892663e-09,4.893764990465677e-09,1.1102230246251565e-16,0.0296590435410042,CONVERGENCE: RELATIVE REDUCTION OF F <= FACTR*EPSMCH
2020-10-30,slsqp,True,38,12.22769997548312,1.6608395907818486e-19,2.4214812630921807e-08,2.0986714217852143e-07,0.0,0.029658985701001835,Optimization terminated successfully
2020-11-30,newton,True,7,0.44469989370554686,-0.3680232455448012,5.2609114981061467e-11,4.480288917640962e-10,0.0,0.031626444148087816,gradient tolerance satisfied
2020-11-30,lbfgsb,True,30,5.447300034575164,-0.3680232455448009,1.1976229730148447e-09,1.8414498814678382e-09,1.1102230246251565e-16,0.03162644438084361,CONVERGENCE: RELATIVE REDUCTION OF F <= FACTR*EPSMCH
2020-11-30,slsqp,True,39,10.493299923837185,2.4290175616365735e-20,6.9166789637685464e-09,7.569844502619549e-08,2.220446049250313e-16,0.03162642347831498,Optimization terminated successfully
2020-12-31,newton,True,8,0.6133000133559108,-0.3446671290908848,1.061650767297806e-15,1.1435297153639112e-14,0.0,0.03274666748253835,gradient tolerance satisfied
2020-12-31,lbfgsb,True,23,3.525199950672686,-0.3446671290908849,7.17245096648611e-10,9.321537014495007e-10,0.0,0.03274666749532091,CONVERGENCE: RELATIVE REDUCTION OF F <= FACTR*EPSMCH
2020-12-31,slsqp,True,38,11.438500019721687,6.127595285927007e-20,9.853194406385052e-09,1.4834970205046538e-07,0.0,0.03274662734653004,Optimization terminated successfully
2021-01-29,newton,True,8,0.6516000721603632,-0.1923904804131974,1.3877787807814457e-17,9.71445146547012e-17,1.1102230246251565e-16,0.035935909467586014,gradient tolerance satisfied
2021-01-29,lbfgsb,True,23,4.196600057184696,-0.19239048041319756,3.812006266201706e-11,5.1815066126614795e-11,1.1102230246251565e-16,0.03593590947118824,CONVERGENCE: NORM OF PROJECTED GRADIENT <= PGTOL
2021-01-29,slsqp,True,36,9.648700011894107,1.8410325914935308e-19,2.1235961623449055e-08,2.4128324539740564e-07,0.0,0.0359359846287756,Optimization terminated successfully
2021-02-26,newton,True,8,0.5118000553920865,-0.06307601278830177,6.765421556309548e-17,5.967448757360216e-16,2.220446049250313e-16,0.03389310469770986,gradient tolerance satisfied
2021-02-26,lbfgsb,True,22,3.908799961209297,-0.06307601278830183,1.1593470627957458e-09,1.0395459354439751e-09,0.0,0.033893104698891605,CONVERGENCE: RELATIVE REDUCTION OF F <= FACTR*EPSMCH
2021-02-26,slsqp,True,41,13.300599996000528,1.3538237462211666e-18,3.097780061743852e-08,4.890086404835126e-07,0.0,0.03389303878211899,Optimization terminated successfully
2021-03-31,newton,True,8,0.5031999899074435,-0.13701292681712857,1.411683270280406e-13,1.8170603910405703e-12,0.0,0.024066720162693643,gradient tolerance satisfied
2021-03-31,lbfgsb,True,29,5.496500059962273,-0.13701292681712862,7.019332753932517e-10,4.070340314799026e-10,0.0,0.024066720226449383,CONVERGENCE: RELATIVE REDUCTION OF F <= FACTR*EPSMCH
2021-03-31,slsqp,True,49,12.845400022342801,3.4765631552212197e-19,1.2920550208327662e-08,5.315180738457714e-07,0.0,0.024066705059771838,Optimization terminated successfully
2021-04-30,newton,True,8,0.48370007425546646,-0.29268200844216397,1.361584456294196e-13,1.7288392939462938e-12,1.1102230246251565e-16,0.02797307488130403,gradient tolerance satisfied
2021-04-30,lbfgsb,True,30,5.925300065428019,-0.2926820084421641,6.27166929501044e-11,8.390728389873203e-11,0.0,0.027973074888280186,CONVERGENCE: NORM OF PROJECTED GRADIENT <= PGTOL
2021-04-30,slsqp,True,45,10.194700094871223,6.07680085973905e-19,3.19160068343823e-08,7.776188093305825e-07,0.0,0.027972892556151003,Optimization terminated successfully
2021-05-31,newton,True,8,0.5032001063227654,-0.32868148393514857,2.109671812244862e-12,3.014001548340417e-11,0.0,0.02387740227197185,gradient tolerance satisfied
2021-05-31,lbfgsb,True,35,7.3784999549388885,-0.3286814839351484,2.8235013979638346e-09,5.953127185653884e-09,2.220446049250313e-16,0.023877401988632745,CONVERGENCE: RELATIVE REDUCTION OF F <= FACTR*EPSMCH
2021-05-31,slsqp,True,51,13.612000038847327,5.1367977124010816e-20,4.207972156248525e-09,2.4808694712441515e-07,0.0,0.023877402534945198,Optimization terminated successfully
2021-06-30,newton,True,8,0.524599920026958,-0.25282271645257226,1.256407304583984e-12,1.608527200325227e-11,0.0,0.029051191982582155,gradient tolerance satisfied
2021-06-30,lbfgsb,True,27,5.199300008825958,-0.25282271645257204,8.41353917091503e-10,1.5445892065368838e-09,2.220446049250313e-16,0.02905119200556263,CONVERGENCE: RELATIVE REDUCTION OF F <= FACTR*EPSMCH
2021-06-30,slsqp,True,45,10.71929989848286,2.189084771075999e-19,1.2325910584977016e-08,3.4041544369478594e-07,0.0,0.02905122291469168,Optimization terminated successfully
2021-07-30,newton,True,8,0.798200024291873,-0.24255235962487393,1.9520600413880373e-12,2.7219657083854543e-11,3.3306690738754696e-16,0.029058575574697623,gradient tolerance satisfied
2021-07-30,lbfgsb,True,32,5.042699980549514,-0.24255235962487343,6.736420740671711e-09,6.949204947592769e-09,1.1102230246251565e-16,0.029058575324010166,CONVERGENCE: RELATIVE REDUCTION OF F <= FACTR*EPSMCH
2021-07-30,slsqp,True,46,11.823399923741817,2.943494894476972e-19,1.3188047556073405e-08,4.3224459767010615e-07,0.0,0.029058531077349903,Optimization terminated successfully
2021-08-31,newton,True,8,0.7884999504312873,-0.239415555163142,8.378714388967978e-16,8.409939411535561e-15,0.0,0.03506792331923895,gradient tolerance satisfied
2021-08-31,lbfgsb,True,28,5.113299936056137,-0.2394155551631419,1.9952784563459502e-09,1.8143774815904123e-09,0.0,0.03506792327994107,CONVERGENCE: RELATIVE REDUCTION OF F <= FACTR*EPSMCH
2021-08-31,slsqp,True,40,9.909400017932057,1.768259555824392e-20,5.116819851857321e-09,8.83724926709073e-08,0.0,0.03506792261231541,Optimization terminated successfully
2021-09-30,newton,True,8,0.8089999901130795,-0.23583296403774645,1.4356571487184056e-13,1.740343980038972e-12,0.0,0.029429234743565104,gradient tolerance satisfied
2021-09-30,lbfgsb,True,31,6.017400068230927,-0.23583296403774634,6.706623173480253e-10,1.3563351691781023e-09,0.0,0.029429234582226783,CONVERGENCE: RELATIVE REDUCTION OF F <= FACTR*EPSMCH
2021-09-30,slsqp,True,47,11.746700038202107,2.0450339488674545e-19,1.1571093404630835e-08,3.115975456269293e-07,1.1102230246251565e-16,0.029429166434649826,Optimization terminated successfully
2021-10-29,newton,True,8,0.8066999725997448,-0.04087565911320734,4.236194728335363e-15,4.360400929215302e-14,0.0,0.016031806666561736,gradient tolerance satisfied
2021-10-29,lbfgsb,True,41,6.105999927967787,-0.04087565911320712,2.5746509368929082e-09,2.5098168265902387e-09,0.0,0.016031806540198798,CONVERGENCE: RELATIVE REDUCTION OF F <= FACTR*EPSMCH
2021-10-29,slsqp,True,57,18.164799897931516,2.4929920802522006e-18,7.685131565738409e-09,5.720848949286594e-07,0.0,0.0160317790769453,Optimization terminated successfully
2021-11-30,newton,True,8,0.6968999514356256,-0.19709179210224986,2.5662631741862896e-13,3.1959018764737834e-12,1.1102230246251565e-16,0.01545667207910256,gradient tolerance satisfied
2021-11-30,lbfgsb,True,40,5.989599972963333,-0.19709179210224986,8.946481611094015e-10,2.917583896699938e-09,1.1102230246251565e-16,0.015456672178146157,CONVERGENCE: RELATIVE REDUCTION OF F <= FACTR*EPSMCH
2021-11-30,slsqp,False,56,13.719000038690865,2.5577807147024224e-18,1.5810445818560732e-08,1.289338015186825e-06,0.0,0.015456541666595814,Optimization terminated successfully
2021-12-31,newton,True,8,0.7125999545678496,-0.3437103522818428,1.9522991730192008e-11,2.969456486257016e-10,1.1102230246251565e-16,0.01769197640193019,gradient tolerance satisfied
2021-12-31,lbfgsb,True,34,6.577399908564985,-0.34371035228184277,3.2146595108084597e-10,5.032195632415082e-10,0.0,0.017691976377454156,CONVERGENCE: RELATIVE REDUCTION OF F <= FACTR*EPSMCH
2021-12-31,slsqp,True,53,22.919500013813376,6.266909594349127e-20,2.365699663873631e-09,2.1154161244929526e-07,0.0,0.01769197505938589,Optimization terminated successfully
2022-01-28,newton,True,8,0.5763000808656216,-0.23866933611355506,1.2288781103819701e-14,1.442873598378469e-13,0.0,0.025710656994399252,gradient tolerance satisfied
2022-01-28,lbfgsb,True,35,5.249399924650788,-0.238669336113555,2.0258149879825993e-09,1.8833435644349805e-09,1.1102230246251565e-16,0.025710656860937164,CONVERGENCE: RELATIVE REDUCTION OF F <= FACTR*EPSMCH
2022-01-28,slsqp,True,49,13.422899995930493,1.5615151455263503e-18,1.399622614508181e-08,6.665474296257967e-07,0.0,0.02571055652572629,Optimization terminated successfully
2022-02-28,newton,True,8,0.5010999739170074,-0.12693654269358678,9.367506770274758e-17,8.743006318923108e-16,1.1102230246251565e-16,0.03043797329432314,gradient tolerance satisfied
2022-02-28,lbfgsb,True,25,4.479199997149408,-0.12693654269358712,6.342932012959324e-10,7.200301466170345e-10,0.0,0.03043797332962871,CONVERGENCE: RELATIVE REDUCTION OF F <= FACTR*EPSMCH
2022-02-28,slsqp,True,44,11.560000013560057,2.4781246569482344e-19,1.0432754437200717e-08,2.027500818069239e-07,0.0,0.030437919400089528,Optimization terminated successfully
2022-03-31,newton,True,8,0.4933999152854085,0.18904594539208158,5.551115123125783e-17,6.938893903907228e-17,0.0,0.02710761123171886,gradient tolerance satisfied
2022-03-31,lbfgsb,True,29,5.102200084365904,0.18904594539208142,4.3904743729505924e-10,7.909787963500392e-10,1.1102230246251565e-16,0.027107611338523983,CONVERGENCE: RELATIVE REDUCTION OF F <= FACTR*EPSMCH
2022-03-31,slsqp,True,41,10.836699977517128,2.4695468876940526e-18,2.3540962355189297e-08,6.252888248570176e-07,0.0,0.02710758693827058,Optimization terminated successfully
2022-04-29,newton,True,8,0.5156999686732888,0.22593568355694887,2.3227947343329447e-15,2.4300006451483114e-14,0.0,0.017863663845451547,gradient tolerance satisfied
2022-04-29,lbfgsb,True,31,4.643899970687926,0.2259356835569486,1.2097708668168394e-09,6.691406179148984e-10,2.220446049250313e-16,0.01786366385901617,CONVERGENCE: RELATIVE REDUCTION OF F <= FACTR*EPSMCH
2022-04-29,slsqp,True,53,13.674399931915104,1.6698404290776732e-18,7.2305087889068315e-09,4.869191101986026e-07,1.1102230246251565e-16,0.017863710762276216,Optimization terminated successfully
2022-05-31,newton,True,8,0.4987999564036727,0.0633878656649029,2.1282628437369056e-13,2.628605666465944e-12,0.0,0.01932605828313233,gradient tolerance satisfied
2022-05-31,lbfgsb,True,38,6.55030005145818,0.06338786566490273,8.522768324414898e-10,1.3813755139757689e-09,1.1102230246251565e-16,0.019326058327044367,CONVERGENCE: RELATIVE REDUCTION OF F <= FACTR*EPSMCH
2022-05-31,slsqp,True,54,12.759900069795549,2.312304217272599e-18,1.4716339479126653e-08,8.749067448299286e-07,0.0,0.019326046810465975,Optimization terminated successfully
2022-06-30,newton,True,8,1.1455999920144677,-0.029547020641843114,6.788129086610084e-13,8.937850459744823e-12,0.0,0.019956512878706516,gradient tolerance satisfied
2022-06-30,lbfgsb,True,35,6.865600007586181,-0.029547020641843225,1.5001987152540863e-09,9.993993133061707e-10,2.220446049250313e-16,0.01995651283508309,CONVERGENCE: RELATIVE REDUCTION OF F <= FACTR*EPSMCH
2022-06-30,slsqp,True,53,15.024800086393952,2.4713549385065913e-20,1.2015322407358077e-09,1.1195928638352282e-07,0.0,0.01995650429562099,Optimization terminated successfully
2022-07-29,newton,True,9,0.562199973501265,-0.11801846098378,2.7755575615628914e-17,8.326672684688674e-17,1.1102230246251565e-16,0.015590863417798705,gradient tolerance satisfied
2022-07-29,lbfgsb,True,34,6.207800004631281,-0.11801846098378,1.1387899512271815e-09,1.47160862662421e-09,0.0,0.015590863546207237,CONVERGENCE: RELATIVE REDUCTION OF F <= FACTR*EPSMCH
2022-07-29,slsqp,True,55,18.627399927936494,5.362457005963015e-19,4.233750518369038e-09,8.747521483692955e-07,2.220446049250313e-16,0.015590831323100431,Optimization terminated successfully
2022-08-31,newton,True,9,0.5791999865323305,-0.2663258429631354,2.7755575615628914e-17,5.412337245047638e-16,0.0,0.019008505234592403,gradient tolerance satisfied
2022-08-31,lbfgsb,True,36,6.481899996288121,-0.26632584296313544,9.299941927665145e-10,7.933079748667637e-10,1.1102230246251565e-16,0.01900850533023172,CONVERGENCE: RELATIVE REDUCTION OF F <= FACTR*EPSMCH
2022-08-31,slsqp,True,56,17.716100090183318,2.3784462578138163e-19,4.091317992781637e-09,5.435358300387438e-07,0.0,0.019008519374066224,Optimization terminated successfully
2022-09-30,newton,True,7,0.5006000865250826,-0.08140753779625931,7.79067713119197e-11,6.145940284474349e-10,2.220446049250313e-16,0.03056283796286101,gradient tolerance satisfied
2022-09-30,lbfgsb,True,30,5.418799933977425,-0.08140753779625942,1.1693521706490628e-09,1.0065187433516698e-09,1.1102230246251565e-16,0.03056283789364896,CONVERGENCE: RELATIVE REDUCTION OF F <= FACTR*EPSMCH
2022-09-30,slsqp,True,43,11.093300068750978,5.04844390450762e-19,1.6237327074601365e-08,2.650796663977717e-07,0.0,0.030562809341981915,Optimization terminated successfully
2022-10-31,newton,True,8,0.5533000221475959,-0.1381290454936795,1.968911145233676e-15,2.0691781621451355e-14,0.0,0.026551337982142174,gradient tolerance satisfied
2022-10-31,lbfgsb,True,37,7.037500035949051,-0.13812904549367933,2.8060302414978366e-09,3.257631525643845e-09,0.0,0.026551337841101308,CONVERGENCE: RELATIVE REDUCTION OF F <= FACTR*EPSMCH
2022-10-31,slsqp,True,49,11.6737000644207,1.1177375513113828e-19,6.728548930080402e-09,2.1045308631895132e-07,0.0,0.02655135353181068,Optimization terminated successfully
2022-11-30,newton,True,7,0.7516000187024474,-0.11381414928854777,6.136792463085072e-13,3.806163717534616e-12,0.0,0.04380100353348976,gradient tolerance satisfied
2022-11-30,lbfgsb,True,27,6.522399955429137,-0.11381414928854777,1.9111608129396274e-10,2.415952715661973e-10,1.1102230246251565e-16,0.043801003624994964,CONVERGENCE: RELATIVE REDUCTION OF F <= FACTR*EPSMCH
2022-11-30,slsqp,True,32,8.597000036388636,2.906858638738535e-19,1.9173442251969277e-08,1.3866669312800894e-07,0.0,0.043800972380964816,Optimization terminated successfully
2022-12-30,newton,False,1000,472.0223000040278,-0.269321625906285,1.738068907547463e-10,1.430090629250813e-09,2.220446049250313e-16,0.04448249795360623,maximum iterations reached
2022-12-30,lbfgsb,True,25,5.793399992398918,-0.2693216259062847,1.4163177228243562e-09,3.931389408462493e-09,0.0,0.04448249810068709,CONVERGENCE: RELATIVE REDUCTION OF F <= FACTR*EPSMCH
2022-12-30,slsqp,True,32,10.218900046311319,5.97976396524844e-20,7.495384644054522e-09,1.407172529749312e-07,0.0,0.044482478387808395,Optimization terminated successfully
2023-01-31,newton,True,8,0.8067999733611941,-0.41883455243607604,3.226585665316861e-16,3.094746681142624e-15,0.0,0.041440393576920205,gradient tolerance satisfied
2023-01-31,lbfgsb,True,23,3.904300043359399,-0.41883455243607604,3.0866728617517936e-10,5.344172049337459e-10,0.0,0.04144039358302232,CONVERGENCE: RELATIVE REDUCTION OF F <= FACTR*EPSMCH
2023-01-31,slsqp,True,35,13.196100015193224,1.220109872920234e-19,1.547743111370707e-08,1.9043906782090225e-07,0.0,0.04144042669325735,Optimization terminated successfully
2023-02-28,newton,True,8,0.5760999629274011,-0.5086813611134551,1.898676528500065e-12,2.5717650231626976e-11,1.1102230246251565e-16,0.03623195900829659,gradient tolerance satisfied
2023-02-28,lbfgsb,True,26,4.245399963110685,-0.5086813611134549,1.8434758858321132e-09,2.266392643002213e-09,1.1102230246251565e-16,0.036231958381857186,CONVERGENCE: RELATIVE REDUCTION OF F <= FACTR*EPSMCH
2023-02-28,slsqp,True,41,14.816700015217066,1.4054340568531143e-19,1.6314292895686477e-08,2.721947149619819e-07,0.0,0.03623204507673942,Optimization terminated successfully
2023-03-31,newton,True,9,0.5540000274777412,-0.5597735357096225,1.3877787807814457e-17,9.71445146547012e-17,1.1102230246251565e-16,0.028313590490680052,gradient tolerance satisfied
2023-03-31,lbfgsb,True,34,4.022900015115738,-0.5597735357096225,8.782554683506305e-10,1.3349529676132121e-09,0.0,0.02831359028697029,CONVERGENCE: RELATIVE REDUCTION OF F <= FACTR*EPSMCH
2023-03-31,slsqp,True,47,15.139400027692318,8.697527559202107e-20,1.5577263290907413e-08,5.387519460553492e-07,0.0,0.02831357402214617,Optimization terminated successfully
2023-04-28,newton,True,9,0.6029999349266291,-0.5888211946499143,2.8794241296870027e-14,7.263217804975852e-13,0.0,0.022062515723089444,gradient tolerance satisfied
2023-04-28,lbfgsb,True,35,5.6090999860316515,-0.5888211946499143,7.506450738770098e-10,1.187364387367218e-09,0.0,0.022062515669427428,CONVERGENCE: RELATIVE REDUCTION OF F <= FACTR*EPSMCH
2023-04-28,slsqp,True,55,19.057100056670606,9.268678942703627e-20,9.095369520549837e-09,7.370833575021107e-07,0.0,0.02206250472558665,Optimization terminated successfully
2023-05-31,newton,True,9,0.5796999903395772,-0.4687941768019258,3.677613769070831e-16,7.466249840604178e-15,1.1102230246251565e-16,0.023064931626704633,gradient tolerance satisfied
2023-05-31,lbfgsb,True,29,4.331100033596158,-0.4687941768019258,4.249508661624546e-10,4.042560550199248e-09,0.0,0.02306493157413034,CONVERGENCE: RELATIVE REDUCTION OF F <= FACTR*EPSMCH
2023-05-31,slsqp,True,52,17.787900054827332,2.488828388516233e-19,1.1443462835671314e-08,8.128291366787943e-07,0.0,0.023064925276847646,Optimization terminated successfully
2023-06-30,newton,True,8,1.1736000888049603,-0.44355144114762723,2.2356162060477303e-13,3.0038749265770548e-12,0.0,0.033138800034713554,gradient tolerance satisfied
2023-06-30,lbfgsb,True,30,4.555799998342991,-0.44355144114762746,6.44873564270565e-10,1.5559003807563698e-09,0.0,0.033138799947423095,CONVERGENCE: RELATIVE REDUCTION OF F <= FACTR*EPSMCH
2023-06-30,slsqp,True,44,12.511000037193298,3.1730004304820285e-19,1.8608164168312295e-08,4.70226191873202e-07,0.0,0.033138859594897194,Optimization terminated successfully
2023-07-31,newton,True,8,0.49290002789348364,-0.578761716324731,5.473746456097217e-14,7.006339952653207e-13,2.220446049250313e-16,0.03530679790158599,gradient tolerance satisfied
2023-07-31,lbfgsb,True,25,3.7393999518826604,-0.5787617163247307,2.0093791908148972e-10,3.754750538265128e-10,2.220446049250313e-16,0.035306797917498675,CONVERGENCE: RELATIVE REDUCTION OF F <= FACTR*EPSMCH
2023-07-31,slsqp,True,41,17.94950000476092,1.4341828467151356e-19,1.3505342600190095e-08,3.377379115682144e-07,0.0,0.035306823989735,Optimization terminated successfully
2023-08-31,newton,True,8,0.6356000667437911,-0.6311470783498052,4.4233592483289286e-12,6.71349781322661e-11,0.0,0.03328831791529584,gradient tolerance satisfied
2023-08-31,lbfgsb,True,31,4.286100040189922,-0.631147078349805,5.784192083635453e-10,3.482909072261009e-09,0.0,0.03328831804735615,CONVERGENCE: RELATIVE REDUCTION OF F <= FACTR*EPSMCH
2023-08-31,slsqp,True,47,17.09490001667291,4.38820379264295e-20,7.534233255798863e-09,2.3339448246284533e-07,0.0,0.03328830599521471,Optimization terminated successfully
2023-09-28,newton,True,8,0.5339999916031957,-0.45166718414629753,2.7250597611772065e-13,3.3192476545096383e-12,0.0,0.03292869410020288,gradient tolerance satisfied
2023-09-28,lbfgsb,True,29,3.72190005145967,-0.45166718414629736,1.8405574842006445e-09,3.591956607151836e-09,0.0,0.032928694440332605,CONVERGENCE: RELATIVE REDUCTION OF F <= FACTR*EPSMCH
2023-09-28,slsqp,True,39,10.056199971586466,1.1062151270917175e-19,1.241151393638438e-08,2.2651546148499957e-07,2.220446049250313e-16,0.0329286893308315,Optimization terminated successfully
2023-10-31,newton,True,8,0.5423999391496181,-0.37491605559195806,3.853552893451351e-12,5.372700895289739e-11,0.0,0.033191818516007394,gradient tolerance satisfied
2023-10-31,lbfgsb,True,26,3.913600114174187,-0.37491605559195784,1.0166646691178727e-10,6.362454174624332e-10,0.0,0.033191818523543956,CONVERGENCE: RELATIVE REDUCTION OF F <= FACTR*EPSMCH
2023-10-31,slsqp,True,41,13.499199994839728,1.7271770655424203e-19,1.061966499523143e-08,3.573328259953712e-07,0.0,0.03319184898115066,Optimization terminated successfully
2023-11-30,newton,True,9,1.1751999845728278,-0.5175361868072377,2.7755575615628914e-17,5.551115123125783e-17,0.0,0.03048782472862253,gradient tolerance satisfied
2023-11-30,lbfgsb,True,28,8.742499980144203,-0.5175361868072377,6.257301274348315e-10,3.390924319113253e-09,0.0,0.03048782458561917,CONVERGENCE: RELATIVE REDUCTION OF F <= FACTR*EPSMCH
2023-11-30,slsqp,True,44,14.768199995160103,6.415215920554198e-20,8.758030201660864e-09,2.223055696193299e-07,0.0,0.03048783945903341,Optimization terminated successfully
2023-12-29,newton,True,9,1.865199999883771,-0.6083533211474565,5.548859982607013e-14,1.3234968676556491e-12,0.0,0.027502141151370646,gradient tolerance satisfied
2023-12-29,lbfgsb,True,29,3.684600000269711,-0.6083533211474564,1.3728588960093546e-09,1.4145205423643503e-09,0.0,0.027502141497969677,CONVERGENCE: RELATIVE REDUCTION OF F <= FACTR*EPSMCH
2023-12-29,slsqp,True,47,17.258400097489357,4.375322664093153e-20,6.2046264071425135e-09,2.3756103094407788e-07,2.220446049250313e-16,0.027502187695964457,Optimization terminated successfully
2024-01-31,newton,True,9,0.5435999482870102,-0.5026547699339577,2.1423834928313568e-16,4.260480856999038e-15,0.0,0.013872416223163493,gradient tolerance satisfied
2024-01-31,lbfgsb,True,47,10.783899924717844,-0.5026547699339576,1.2712530611524997e-09,2.772659851713044e-09,0.0,0.013872416170011129,CONVERGENCE: RELATIVE REDUCTION OF F <= FACTR*EPSMCH
2024-01-31,slsqp,True,59,20.78979997895658,5.274053027128956e-20,2.045980277640902e-09,3.1331025628078546e-07,0.0,0.013872399666474317,Optimization terminated successfully
2024-02-29,newton,True,9,1.5240999637171626,-0.5113722448506235,7.19910242530375e-17,1.3739009929736312e-15,2.220446049250313e-16,0.013046665399702903,gradient tolerance satisfied
2024-02-29,lbfgsb,True,38,9.726400021463633,-0.5113722448506236,2.324152259536305e-10,4.8779789929565e-10,1.1102230246251565e-16,0.013046665443528732,CONVERGENCE: RELATIVE REDUCTION OF F <= FACTR*EPSMCH
2024-02-29,slsqp,True,59,19.98250000178814,2.5873103968998323e-19,1.0214822338071079e-08,5.493907530990105e-07,0.0,0.01304674161453078,Optimization terminated successfully
2024-03-29,newton,True,8,0.48649997916072607,-0.4153996262070536,1.170244456893954e-13,1.3810064203312322e-12,0.0,0.022603076956037794,gradient tolerance satisfied
2024-03-29,lbfgsb,True,29,4.095699987374246,-0.4153996262070535,2.900808482309003e-09,4.250337026778794e-09,0.0,0.02260307680340228,CONVERGENCE: RELATIVE REDUCTION OF F <= FACTR*EPSMCH
2024-03-29,slsqp,True,46,18.817500094883144,8.97460297747624e-20,7.783696999373467e-09,1.676873204320417e-07,0.0,0.022603093766855722,Optimization terminated successfully
2024-04-30,newton,True,8,1.2387000024318695,-0.27603443560191016,8.478835689107456e-11,7.193249607073682e-10,0.0,0.034846642711193365,gradient tolerance satisfied
2024-04-30,lbfgsb,True,23,5.773899960331619,-0.2760344356019099,1.3371123930294715e-09,3.7234678812447797e-09,0.0,0.03484664278950687,CONVERGENCE: RELATIVE REDUCTION OF F <= FACTR*EPSMCH
2024-04-30,slsqp,True,36,14.230000087991357,6.718248081651036e-20,5.337616446938676e-09,8.358036546196601e-08,2.220446049250313e-16,0.03484663963728051,Optimization terminated successfully
2024-05-31,newton,True,8,0.5133000668138266,-0.2992945407994383,9.697104230710352e-16,9.908740494779522e-15,0.0,0.034728065286564073,gradient tolerance satisfied
2024-05-31,lbfgsb,True,21,5.082100047729909,-0.2992945407994383,1.4048811211586631e-09,2.6816676240715154e-09,1.1102230246251565e-16,0.03472806523591649,CONVERGENCE: RELATIVE REDUCTION OF F <= FACTR*EPSMCH
2024-05-31,slsqp,True,36,12.16120005119592,5.689379267771046e-19,2.0105874842474846e-08,4.382654168050282e-07,2.220446049250313e-16,0.034728140973561764,Optimization terminated successfully
2024-06-28,newton,True,8,0.49429992213845253,-0.28803092756245896,2.4855690422542764e-12,3.5160013789337086e-11,1.1102230246251565e-16,0.029228627560709063,gradient tolerance satisfied
2024-06-28,lbfgsb,True,24,3.3416999503970146,-0.2880309275624593,1.9065832246312198e-10,2.2774714059092815e-10,1.1102230246251565e-16,0.02922862757291037,CONVERGENCE: RELATIVE REDUCTION OF F <= FACTR*EPSMCH
2024-06-28,slsqp,True,43,11.142499977722764,4.116222985742973e-19,2.038462249247215e-08,4.309596587370734e-07,0.0,0.02922865707720969,Optimization terminated successfully
2024-07-31,newton,True,8,0.520800007507205,-0.2531520804179003,8.913538310229008e-13,1.1863995896810309e-11,0.0,0.03342873315086817,gradient tolerance satisfied
2024-07-31,lbfgsb,True,23,4.221900017000735,-0.25315208041790055,2.0622289986782505e-10,3.0974078857326504e-10,0.0,0.033428733145270985,CONVERGENCE: RELATIVE REDUCTION OF F <= FACTR*EPSMCH
2024-07-31,slsqp,True,42,11.485600029118359,2.1222726741286515e-19,8.275852493711575e-09,2.691921441450029e-07,0.0,0.033428785028545044,Optimization terminated successfully
2024-08-30,newton,True,7,0.6301999092102051,-0.21533447984585236,4.605463232998375e-11,3.6172380368793e-10,1.1102230246251565e-16,0.04452025306036799,gradient tolerance satisfied
2024-08-30,lbfgsb,True,20,3.4490000689402223,-0.2153344798458524,6.273148944746509e-10,1.1483390627287093e-09,1.1102230246251565e-16,0.044520252872070266,CONVERGENCE: RELATIVE REDUCTION OF F <= FACTR*EPSMCH
2024-08-30,slsqp,True,32,8.295200066640973,9.938600686473722e-19,3.320411684668189e-08,3.363656034538476e-07,0.0,0.04452017012001717,Optimization terminated successfully
2024-09-30,newton,True,7,1.0495000751689076,-0.13603047355954145,2.2506302377323095e-14,1.281613704051665e-13,0.0,0.06131328415580424,gradient tolerance satisfied
2024-09-30,lbfgsb,True,18,2.5951999705284834,-0.13603047355954156,3.0667665629202645e-10,3.009444915491599e-10,0.0,0.061313284049302925,CONVERGENCE: RELATIVE REDUCTION OF F <= FACTR*EPSMCH
2024-09-30,slsqp,True,24,6.464799982495606,6.684663000007537e-19,3.5489646487810776e-08,2.84303313599632e-07,0.0,0.06131329856149012,Optimization terminated successfully
2024-10-31,newton,True,7,0.7743000751361251,0.08751630397277371,1.6098369165495896e-11,1.2203776877939276e-10,0.0,0.03351996427673911,gradient tolerance satisfied
2024-10-31,lbfgsb,True,25,5.626800004392862,0.08751630397277371,1.707069652301385e-09,1.3630935130626298e-09,2.220446049250313e-16,0.033519964169402186,CONVERGENCE: RELATIVE REDUCTION OF F <= FACTR*EPSMCH
2024-10-31,slsqp,True,39,9.093699976801872,2.9065940623861886e-18,1.8177646729074483e-08,3.324560640532992e-07,0.0,0.03351994766384289,Optimization terminated successfully
2024-11-29,newton,True,8,0.5017999792471528,0.00355108206413407,7.91033905045424e-16,8.326672684688674e-15,0.0,0.026246038124585473,gradient tolerance satisfied
2024-11-29,lbfgsb,True,25,7.874300004914403,0.003551082064133959,3.73812397702622e-10,4.979056472675936e-10,1.1102230246251565e-16,0.026246038125535578,CONVERGENCE: RELATIVE REDUCTION OF F <= FACTR*EPSMCH
2024-11-29,slsqp,True,43,11.880800011567771,1.702625533773269e-18,1.4723263849210977e-08,5.010508068448161e-07,0.0,0.026246052049145787,Optimization terminated successfully
2024-12-31,newton,True,8,0.4950000438839197,-0.13642788690983632,1.861358289723114e-15,1.930400284066991e-14,0.0,0.027862431499064835,gradient tolerance satisfied
2024-12-31,lbfgsb,True,32,6.138899945653975,-0.13642788690983643,4.859581070881802e-10,7.149327935218608e-10,0.0,0.02786243152490483,CONVERGENCE: RELATIVE REDUCTION OF F <= FACTR*EPSMCH
2024-12-31,slsqp,True,41,13.384800055064261,1.3747026945025035e-18,1.2234780634175833e-08,5.069024690829149e-07,0.0,0.027862410097195135,Optimization terminated successfully
2025-01-27,newton,True,8,1.0252000065520406,-0.23068658395107633,3.5844591184108765e-14,4.082567617302857e-13,0.0,0.027241528537926545,gradient tolerance satisfied
2025-01-27,lbfgsb,True,28,5.4212999530136585,-0.23068658395107655,1.6381012657440408e-09,2.2363719626161682e-09,0.0,0.027241528256743152,CONVERGENCE: RELATIVE REDUCTION OF F <= FACTR*EPSMCH
2025-01-27,slsqp,True,41,11.717700050212443,5.696528489906224e-19,1.1590827532043906e-08,3.817762554980675e-07,0.0,0.02724149876021478,Optimization terminated successfully
2025-02-28,newton,True,8,0.5256000440567732,-0.23716381714579887,2.7755575615628914e-17,2.7755575615628914e-17,0.0,0.036741317980533594,gradient tolerance satisfied
2025-02-28,lbfgsb,True,23,3.2890000147745013,-0.2371638171457987,1.8260699063965546e-09,2.2003918964674796e-09,0.0,0.03674131795303739,CONVERGENCE: RELATIVE REDUCTION OF F <= FACTR*EPSMCH
2025-02-28,slsqp,True,34,10.6811000732705,3.2399634650100505e-20,3.4560617542443786e-09,6.221073539647293e-08,0.0,0.03674131900047571,Optimization terminated successfully
2025-03-31,newton,True,7,0.45579997822642326,-0.2877687838193117,2.4061761264015935e-11,1.7312114242162835e-10,0.0,0.044090855738486874,gradient tolerance satisfied
2025-03-31,lbfgsb,True,22,2.956499927677214,-0.2877687838193117,2.6451539569816163e-10,2.481659600039876e-10,0.0,0.04409085575365869,CONVERGENCE: RELATIVE REDUCTION OF F <= FACTR*EPSMCH
2025-03-31,slsqp,True,33,12.542600044980645,8.91091965013308e-20,1.028344838888683e-08,1.087074590067072e-07,1.1102230246251565e-16,0.044090833965336355,Optimization terminated successfully
2025-04-30,newton,True,8,0.497999950312078,0.1440905879754319,2.0625862129364236e-15,2.1524448889920222e-14,0.0,0.02584798754383176,gradient tolerance satisfied
2025-04-30,lbfgsb,True,28,3.7440999876707792,0.14409058797543184,4.162940714369512e-09,2.0995279542690426e-09,1.1102230246251565e-16,0.025847987427340416,CONVERGENCE: RELATIVE REDUCTION OF F <= FACTR*EPSMCH
2025-04-30,slsqp,True,43,14.148299931548536,3.0886282130407484e-18,1.6634431451184732e-08,5.191188065661878e-07,0.0,0.025848050422938258,Optimization terminated successfully
2025-05-30,newton,True,8,0.5038999952375889,-0.05368777931512575,2.658741282690613e-13,3.2800429039525625e-12,0.0,0.027343071261213433,gradient tolerance satisfied
2025-05-30,lbfgsb,True,29,5.549299996346235,-0.053687779315125805,1.4442108342560545e-09,9.382323390427771e-10,0.0,0.02734307102315137,CONVERGENCE: RELATIVE REDUCTION OF F <= FACTR*EPSMCH
2025-05-30,slsqp,True,43,14.454100048169494,5.99594670253947e-19,9.086970264255462e-09,3.860165485453093e-07,0.0,0.027343045307691712,Optimization terminated successfully
2025-06-30,newton,True,8,0.6181999342516065,-0.2577117095582548,4.051993462983461e-11,6.327324636457021e-10,1.1102230246251565e-16,0.02758945793628394,gradient tolerance satisfied
2025-06-30,lbfgsb,True,32,10.188599932007492,-0.2577117095582545,6.105379604659511e-10,1.2700329399262245e-09,0.0,0.02758945795285693,CONVERGENCE: RELATIVE REDUCTION OF F <= FACTR*EPSMCH
2025-06-30,slsqp,True,44,10.615400038659573,7.525797632347971e-19,1.8194751975183647e-08,6.240633856208211e-07,0.0,0.02758941851329877,Optimization terminated successfully
2025-07-31,newton,True,8,0.9658000199124217,-0.31322419690577674,2.9357592745693495e-13,3.5348807214674594e-12,1.1102230246251565e-16,0.03431930476892176,gradient tolerance satisfied
2025-07-31,lbfgsb,True,24,4.182699951343238,-0.31322419690577685,4.4073104887853987e-10,6.179223382973831e-10,0.0,0.03431930464991486,CONVERGENCE: RELATIVE REDUCTION OF F <= FACTR*EPSMCH
2025-07-31,slsqp,True,38,11.781899956986308,3.127954056115796e-19,2.0813993856307787e-08,3.8832794369003665e-07,0.0,0.03431933810780056,Optimization terminated successfully
2025-08-29,newton,True,8,0.7012999849393964,-0.4182156264500193,1.1888059980869059e-14,1.2705114738054135e-13,0.0,0.042582215936484674,gradient tolerance satisfied
2025-08-29,lbfgsb,True,19,3.384399926289916,-0.4182156264500192,4.3256197790331186e-09,6.5507154700661374e-09,0.0,0.04258221648497405,CONVERGENCE: RELATIVE REDUCTION OF F <= FACTR*EPSMCH
2025-08-29,slsqp,True,31,9.82749997638166,1.143383183624905e-19,1.2639791146864143e-08,1.5362123499673697e-07,0.0,0.04258221501716989,Optimization terminated successfully
2025-09-30,newton,True,8,1.0232999920845032,-0.39904533641441864,2.922315167630529e-14,3.266831249959523e-13,1.1102230246251565e-16,0.04322867507276217,gradient tolerance satisfied
2025-09-30,lbfgsb,True,22,4.786100005730987,-0.39904533641441853,6.420507042692591e-10,9.252635324585867e-10,0.0,0.043228675094685004,CONVERGENCE: RELATIVE REDUCTION OF F <= FACTR*EPSMCH
2025-09-30,slsqp,True,32,8.891400066204369,1.668709308610501e-19,1.2517534530791456e-08,2.8484093976544056e-07,0.0,0.04322873361617782,Optimization terminated successfully
2025-10-31,newton,True,8,1.1735999723896384,-0.3347443165129859,2.3116682179580295e-12,3.1238109321485297e-11,0.0,0.03744970426791987,gradient tolerance satisfied
2025-10-31,lbfgsb,True,26,6.680099992081523,-0.3347443165129859,6.906775568138457e-10,2.1177517517401157e-09,0.0,0.03744970422184893,CONVERGENCE: RELATIVE REDUCTION OF F <= FACTR*EPSMCH
2025-10-31,slsqp,True,40,9.537399979308248,5.815650042547402e-19,2.3411095196448438e-08,4.113957853130179e-07,0.0,0.03744958127646725,Optimization terminated successfully
2025-11-28,newton,True,8,0.5100000416859984,-0.3330524269403736,1.4040964571582215e-11,2.098989315690858e-10,2.220446049250313e-16,0.031294583575066266,gradient tolerance satisfied
2025-11-28,lbfgsb,True,26,4.419999895617366,-0.33305242694037357,9.097903680421737e-10,1.1544236538929553e-09,0.0,0.031294583552874136,CONVERGENCE: RELATIVE REDUCTION OF F <= FACTR*EPSMCH
2025-11-28,slsqp,True,41,12.395299971103668,3.670788901781502e-19,1.9293156229036312e-08,3.3816158248600736e-07,0.0,0.031294546357594995,Optimization terminated successfully
2025-12-31,newton,True,8,1.5534000704064965,-0.3557427352433697,6.026429355543428e-14,6.892819648385284e-13,2.220446049250313e-16,0.04553977806522725,gradient tolerance satisfied
2025-12-31,lbfgsb,True,21,3.14990000333637,-0.35574273524336963,5.480097070575951e-10,1.0524190546812306e-09,2.220446049250313e-16,0.04553977805626452,CONVERGENCE: RELATIVE REDUCTION OF F <= FACTR*EPSMCH
2025-12-31,slsqp,True,32,7.34740006737411,3.251175553705642e-20,9.181206348274447e-09,1.0011596629500019e-07,0.0,0.045539808485970175,Optimization terminated successfully
2026-01-30,newton,True,8,0.506600015796721,-0.2622852947324817,5.8170882173691485e-11,9.61602297788744e-10,0.0,0.022374273625171838,gradient tolerance satisfied
2026-01-30,lbfgsb,True,28,5.682799965143204,-0.2622852947324815,2.7159381410513106e-09,2.28486311815157e-09,1.1102230246251565e-16,0.022374274094203592,CONVERGENCE: RELATIVE REDUCTION OF F <= FACTR*EPSMCH
2026-01-30,slsqp,True,48,15.979700023308396,1.3842111200942927e-18,1.2140128718504144e-08,7.838620859623724e-07,0.0,0.0223742764407209,Optimization terminated successfully
2026-02-27,newton,True,9,0.546499970369041,-0.11590545908430733,2.7755575615628914e-17,2.7755575615628914e-17,1.1102230246251565e-16,0.01419146683063925,gradient tolerance satisfied
2026-02-27,lbfgsb,True,45,5.012499983422458,-0.11590545908430727,2.171151147756234e-09,3.2171224156885003e-09,1.1102230246251565e-16,0.014191466652460046,CONVERGENCE: RELATIVE REDUCTION OF F <= FACTR*EPSMCH
2026-02-27,slsqp,True,54,13.840500032529235,9.00241979375062e-19,1.2072609537336102e-08,6.838380134099875e-07,0.0,0.014191500203541381,Optimization terminated successfully
2026-03-31,newton,True,9,0.9995000436902046,0.13798725556717512,1.1475195793586579e-15,1.675048988403205e-14,2.220446049250313e-16,0.0144774643779595,gradient tolerance satisfied
2026-03-31,lbfgsb,True,39,8.47190001513809,0.13798725556717528,9.54024970134526e-10,1.3764944739591556e-09,1.1102230246251565e-16,0.01447746431170846,CONVERGENCE: RELATIVE REDUCTION OF F <= FACTR*EPSMCH
2026-03-31,slsqp,False,57,24.50399997178465,4.974389687725957e-18,8.866879186617105e-09,1.226311208094022e-06,0.0,0.014477436687279781,Optimization terminated successfully
2026-04-03,newton,True,8,0.6139000179246068,0.14380374437342042,5.1479154272726646e-11,1.7735292401344083e-10,0.0,0.015225189035948692,gradient tolerance satisfied
2026-04-03,lbfgsb,True,34,6.331699900329113,0.14380374437342058,1.7797351231640945e-09,2.750576252874559e-09,0.0,0.015225189123877103,CONVERGENCE: RELATIVE REDUCTION OF F <= FACTR*EPSMCH
2026-04-03,slsqp,True,56,18.286900012753904,1.9309865209922e-18,7.394652931071538e-09,5.137764731016903e-07,0.0,0.01522525146310591,Optimization terminated successfully
