strategy,year,observations,cumulative_return,annual_return,annual_volatility,sharpe,max_drawdown,calmar,monthly_win_rate,annual_turnover,average_max_weight,average_rc_error
equal_weight,2014,224,0.1391177088550155,0.15781635217857426,0.08276849769434273,1.812143513903142,-0.04707037189390939,3.352774703677128,0.8181818181818182,,,
equal_weight,2015,244,0.06632663869928446,0.06857422279112657,0.1538906781620123,0.5079367222977259,-0.18907103730817232,0.3626902552999457,0.5,,,
equal_weight,2016,244,0.08812904682858869,0.09114643939373335,0.10251387991059163,0.902213343976622,-0.05875048903596736,1.5514158416270036,0.6666666666666666,,,
equal_weight,2017,244,0.0654380318244756,0.06765455943289211,0.056748767017088496,1.1819881340107696,-0.04866953444661182,1.390080266888642,0.6666666666666666,,,
equal_weight,2018,243,-0.07056215676555333,-0.07307770696398641,0.07873914510492502,-0.9243164806126298,-0.09736974292514478,-0.7505176122336749,0.25,,,
equal_weight,2019,244,0.14183921798836474,0.1468157331872586,0.07386502058383859,1.891862547273419,-0.05306788361011838,2.7665646941169033,0.5,,,
equal_weight,2020,243,0.1512112542638735,0.15723091621968455,0.11263186383853661,1.3532327818417276,-0.08633849389716652,1.82109866784281,0.6666666666666666,,,
equal_weight,2021,243,0.1384315963303162,0.1439113865872388,0.0917010098486631,1.5123319480786073,-0.07115393961562555,2.0225357494560363,0.5833333333333334,,,
equal_weight,2022,242,0.054142810542303854,0.05644212336850196,0.10879327684426472,0.5590265164702661,-0.07458027686349122,0.7567969139054201,0.5833333333333334,,,
equal_weight,2023,242,0.04777269574565146,0.049795143550015464,0.06150155111332047,0.8208422514215101,-0.04504996254759441,1.1053315193638142,0.5833333333333334,,,
equal_weight,2024,242,0.08999187820486898,0.09387998926046315,0.09772939317282446,0.9668674267945351,-0.09562022503327605,0.9818005471937835,0.5833333333333334,,,
equal_weight,2025,243,0.12644841179723176,0.1314270058419018,0.07385509498411359,1.709433861750168,-0.043554586360056824,3.0175239125317765,0.9166666666666666,,,
equal_weight,2026,59,0.055537174274014944,0.2596788454932304,0.13973777561444975,1.7218156507014708,-0.05239966357452286,4.955734975739202,0.75,,,
inverse_downside_vol,2014,224,0.13904693237263954,0.15773542192790457,0.052904184944019446,2.795645263886048,-0.03336950649446324,4.726933014549569,0.7272727272727273,,,
inverse_downside_vol,2015,244,0.06845650933127101,0.07077863387301986,0.061098553469282585,1.1498592770321387,-0.05817828963681981,1.2165815515522744,0.5833333333333334,,,
inverse_downside_vol,2016,244,0.07287798303379933,0.07535530841909877,0.04952167255167028,1.4919443280160962,-0.0553131557580292,1.3623397071891035,0.75,,,
inverse_downside_vol,2017,244,0.03208956889024073,0.03315894278855436,0.03983508097295975,0.8387881700646289,-0.04030353935083941,0.8227302942282102,0.5833333333333334,,,
inverse_downside_vol,2018,243,0.044928861228548334,0.04663111209534754,0.04025987318886162,1.1522023257710723,-0.027499793826826435,1.6956895164013277,0.75,,,
inverse_downside_vol,2019,244,0.07028100394395342,0.07266709607967203,0.032450965472769155,2.1781269108543837,-0.03283576079565764,2.2130474311800286,0.6666666666666666,,,
inverse_downside_vol,2020,243,0.11951300624123218,0.12420377082853196,0.050212679880799756,2.3571045920493154,-0.02987395547461924,4.157593758685717,0.8333333333333334,,,
inverse_downside_vol,2021,243,0.09744992210466652,0.10123610602258948,0.03812834447656637,2.5486543249463107,-0.01748054571935176,5.79135844200313,0.75,,,
inverse_downside_vol,2022,242,0.04175865974061965,0.043521250953353574,0.041821336628609845,1.0395771954120687,-0.022329018396788247,1.9490893052250593,0.6666666666666666,,,
inverse_downside_vol,2023,242,0.05964778884316457,0.06218770267030993,0.026999036840596038,2.248257271772141,-0.022534356964685975,2.7596839247627734,0.6666666666666666,,,
inverse_downside_vol,2024,242,0.12101743023065747,0.12632173015907222,0.0600967054128131,2.0098348326733895,-0.04203918480186597,3.004856796211359,0.6666666666666666,,,
inverse_downside_vol,2025,243,0.06716244320539522,0.06973475981645727,0.04553141443116266,1.5035318976610796,-0.027632205120014297,2.5236769745150616,0.9166666666666666,,,
inverse_downside_vol,2026,59,0.03531775499873291,0.15979817346187808,0.06308445932225665,2.3817013605793327,-0.022754404663846595,7.022735853677328,0.75,,,
erc,2014,224,0.13190944699063678,0.14957720919750472,0.04832113436047129,2.909591555783521,-0.030322665193200482,4.932851655501764,0.7272727272727273,,,
erc,2015,244,0.07500200211808039,0.07755410404813712,0.057760921599302684,1.3221164597022066,-0.053859518011972196,1.4399331243717768,0.5833333333333334,,,
erc,2016,244,0.06758244719191131,0.06987396417258096,0.0476703967139896,1.4407748489174752,-0.055789114100817216,1.252465920973594,0.75,,,
erc,2017,244,0.028087088406314242,0.02902121379608813,0.039538362137712925,0.7432778348740257,-0.04029497381383684,0.7202191997981289,0.5833333333333334,,,
erc,2018,243,0.05750882922070266,0.059701159429753625,0.03739493759268094,1.569445180669782,-0.02445401763795141,2.4413640455178385,0.75,,,
erc,2019,244,0.06278011798150485,0.06490390266543589,0.030812655785757353,2.056465994051194,-0.03198206002636794,2.0293846804091165,0.6666666666666666,,,
erc,2020,243,0.10580165318580814,0.10992826278785794,0.0450646838186865,2.337250170093367,-0.027269623318598057,4.031161762065344,0.8333333333333334,,,
erc,2021,243,0.09183155737062632,0.09539010773845957,0.035687602063386066,2.5712434540848776,-0.016940437554957444,5.630911682711799,0.75,,,
erc,2022,242,0.04364759870553092,0.04549164705201192,0.04011622565330023,1.1290600242764548,-0.021493114705712135,2.1165683836378446,0.6666666666666666,,,
erc,2023,242,0.06277764874134983,0.06545490690294575,0.025447720473015526,2.5044376959882286,-0.020702487610349096,3.1616928426623034,0.6666666666666666,,,
erc,2024,242,0.12214627162614411,0.1275028044936548,0.05503790424580983,2.208353340207768,-0.03408635797199222,3.740581630880606,0.6666666666666666,,,
erc,2025,243,0.0600734298248744,0.06236637844685933,0.044106088682988105,1.3939146801624114,-0.027117612922036183,2.299847653484996,0.8333333333333334,,,
erc,2026,59,0.03312959857459563,0.14936457373062662,0.05760031410875378,2.445831014224117,-0.020963561504374617,7.124961743712185,0.75,,,
